,index,CITY,STATE,ZIPCODE,AGE,EJECTION,DRIVER_ACTION,BAC_RESULT,UNIT_TYPE,MAKE,MODEL,VEHICLE_YEAR,VEHICLE_TYPE,TRAVEL_DIRECTION,MANEUVER,FIRST_CONTACT_POINT,POSTED_SPEED_LIMIT,TRAFFIC_CONTROL_DEVICE,DEVICE_CONDITION,WEATHER_CONDITION,LIGHTING_CONDITION,FIRST_CRASH_TYPE,TRAFFICWAY_TYPE,ALIGNMENT,ROADWAY_SURFACE_COND,ROAD_DEFECT,STREET_DIRECTION,NUM_UNITS,CRASH_HOUR,CRASH_DAY_OF_WEEK,CRASH_MONTH,CRASH_YEAR,FATAL_INBOTH,FATAL_CARPPL,FATAL_OTHPPL,FATAL_INAUTO,FATAL_DEGREE,DAMAGE_500_OR_LESS,DAMAGE_501_1500,DAMAGE_OVER_1500,SEX,INTERSECTION_RELATED,HIT_AND_RUN,REPORTYPE
219,13708,CHICAGO,IL,60646,36.9,0.0,3.0,0.0,1,21,1,2015.0,1,1,1,1.0,30,1,1,1,2,1,7,1,1,0,2,2,20,6,4,2020,1.0,0.0,0.0,0.0,2.0,0,0,1,0,1,1,0
220,13709,CHICAGO,IL,60646,36.9,0.0,3.0,0.0,1,21,1,2015.0,1,1,1,1.0,30,1,1,1,2,1,7,1,1,0,2,2,20,6,4,2020,1.0,0.0,0.0,0.0,2.0,0,0,1,0,1,1,0
221,13710,CHICAGO,IL,60646,36.9,0.0,3.0,0.0,1,1,20,2016.0,1,2,1,6.0,30,1,1,1,2,1,7,1,1,0,2,2,20,6,4,2020,1.0,0.0,0.0,0.0,2.0,0,0,1,0,1,1,0
222,13711,CHICAGO,IL,60646,36.9,0.0,3.0,0.0,1,1,20,2016.0,1,2,1,6.0,30,1,1,1,2,1,7,1,1,0,2,2,20,6,4,2020,1.0,0.0,0.0,0.0,2.0,0,0,1,0,1,1,0
223,13712,CHICAGO,IL,60653,25.0,0.0,0.0,0.0,1,21,1,2015.0,1,1,1,1.0,30,1,1,1,2,1,7,1,1,0,2,2,20,6,4,2020,1.0,0.0,0.0,0.0,2.0,0,0,1,0,1,1,0
224,13713,CHICAGO,IL,60653,25.0,0.0,0.0,0.0,1,21,1,2015.0,1,1,1,1.0,30,1,1,1,2,1,7,1,1,0,2,2,20,6,4,2020,1.0,0.0,0.0,0.0,2.0,0,0,1,0,1,1,0
225,13714,CHICAGO,IL,60653,25.0,0.0,0.0,0.0,1,1,20,2016.0,1,2,1,6.0,30,1,1,1,2,1,7,1,1,0,2,2,20,6,4,2020,1.0,0.0,0.0,0.0,2.0,0,0,1,0,1,1,0
226,13715,CHICAGO,IL,60653,25.0,0.0,0.0,0.0,1,1,20,2016.0,1,2,1,6.0,30,1,1,1,2,1,7,1,1,0,2,2,20,6,4,2020,1.0,0.0,0.0,0.0,2.0,0,0,1,0,1,1,0
227,13716,CHICAGO,IL,60653,25.0,0.0,0.0,0.0,1,21,1,2015.0,1,1,1,1.0,30,1,1,1,2,1,7,1,1,0,2,2,20,6,4,2020,1.0,0.0,0.0,0.0,2.0,0,0,1,0,1,1,0
228,13717,CHICAGO,IL,60653,25.0,0.0,0.0,0.0,1,21,1,2015.0,1,1,1,1.0,30,1,1,1,2,1,7,1,1,0,2,2,20,6,4,2020,1.0,0.0,0.0,0.0,2.0,0,0,1,0,1,1,0
229,13718,CHICAGO,IL,60653,25.0,0.0,0.0,0.0,1,1,20,2016.0,1,2,1,6.0,30,1,1,1,2,1,7,1,1,0,2,2,20,6,4,2020,1.0,0.0,0.0,0.0,2.0,0,0,1,0,1,1,0
230,13719,CHICAGO,IL,60653,25.0,0.0,0.0,0.0,1,1,20,2016.0,1,2,1,6.0,30,1,1,1,2,1,7,1,1,0,2,2,20,6,4,2020,1.0,0.0,0.0,0.0,2.0,0,0,1,0,1,1,0
231,14174,UNKNOWN,XX,0,38.0,0.0,2.0,0.0,1,1,14,2010.0,2,3,2,1.0,30,1,1,1,1,5,0,1,1,0,1,2,17,7,4,2020,1.0,0.0,0.0,0.0,3.0,0,0,1,0,1,1,1
232,14176,CHICAGO,IL,60624,32.0,-1.0,0.0,0.0,1,1,14,2010.0,2,3,2,1.0,30,1,1,1,1,5,0,1,1,0,1,2,17,7,4,2020,0.0,0.0,0.0,0.0,3.0,0,0,1,1,1,1,1
233,14271,CHICAGO,IL,60624,31.0,-1.0,-1.0,0.0,1,10,120,2011.0,-1,2,1,1.0,25,2,1,1,1,5,1,1,1,0,2,2,19,7,4,2020,0.0,0.0,0.0,0.0,2.0,1,0,0,1,1,1,1
234,14357,CHICAGO,IL,60640,33.0,0.0,0.0,0.0,1,3,40,2012.0,1,3,1,1.0,30,1,1,1,2,6,1,1,1,0,1,2,22,7,4,2020,1.0,0.0,0.0,0.0,0.0,0,0,1,1,1,1,1
235,14359,CHICAGO,IL,60640,36.0,0.0,1.0,0.0,1,7,25,2007.0,2,3,1,5.0,30,1,1,1,2,4,1,1,1,0,3,2,21,7,4,2020,1.0,0.0,0.0,0.0,1.0,0,0,1,0,0,1,1
236,14360,CHICAGO,IL,60610,35.0,0.0,0.0,0.0,1,-1,1,2010.0,1,3,1,6.0,30,1,1,1,2,4,1,1,1,0,3,2,21,7,4,2020,1.0,0.0,0.0,0.0,1.0,0,0,1,1,0,1,1
237,14361,CHICAGO,IL,60610,35.0,0.0,0.0,0.0,1,7,25,2007.0,2,3,1,5.0,30,1,1,1,2,4,1,1,1,0,3,2,21,7,4,2020,1.0,0.0,0.0,0.0,1.0,0,0,1,1,0,1,1
238,14659,STREAMWOOD,IL,60107,21.0,0.0,1.0,0.0,1,-1,2,2010.0,-1,4,1,1.0,30,2,0,1,2,1,0,1,1,0,1,2,1,1,5,2020,1.0,0.0,0.0,0.0,1.0,0,0,1,0,1,1,0
239,14660,STREAMWOOD,IL,60107,21.0,0.0,1.0,0.0,1,8,16,2013.0,1,3,1,12.0,30,2,0,1,2,1,0,1,1,0,1,2,1,1,5,2020,1.0,0.0,0.0,0.0,1.0,0,0,1,0,1,1,0
240,14662,CHICAGO,IL,60610,36.0,0.0,-1.0,0.0,1,8,16,2013.0,1,3,1,12.0,30,2,0,1,2,1,0,1,1,0,1,2,1,1,5,2020,1.0,0.0,0.0,0.0,1.0,0,0,1,0,1,1,0
241,14787,CHICAGO,IL,60641,34.0,0.0,0.0,0.0,1,24,96,2002.0,1,2,1,3.0,30,1,0,1,2,2,1,1,1,0,2,2,1,3,5,2020,1.0,0.0,0.0,0.0,0.0,0,0,1,1,1,1,1
242,14863,CHICAGO,IL,60641,31.0,0.0,0.0,0.0,1,38,139,2018.0,8,1,1,5.0,30,1,1,1,2,1,1,1,1,0,1,2,23,2,5,2020,1.0,0.0,0.0,0.0,0.0,0,0,1,1,1,1,1
243,14958,CHICAGO,IL,60638,28.0,0.0,0.0,0.0,1,3,3,2019.0,1,1,1,8.0,30,2,1,1,1,3,2,1,1,0,1,2,15,1,4,2020,0.0,1.0,0.0,0.0,0.0,0,0,1,1,1,1,1
244,15150,CHICAGO,IL,60609,34.0,-1.0,0.0,0.0,1,-1,2,2011.0,1,2,16,5.0,15,0,0,1,1,5,11,1,1,0,1,2,12,1,4,2020,0.0,0.0,0.0,0.0,2.0,1,0,0,0,1,1,0
245,15249,CHICAGO,IL,60609,25.0,0.0,0.0,0.0,1,10,26,2017.0,1,8,2,4.0,30,1,1,1,1,2,4,1,1,0,2,2,12,1,5,2020,0.0,1.0,0.0,0.0,0.0,0,0,1,1,1,0,1
246,15250,CHICAGO,IL,60609,25.0,0.0,0.0,0.0,1,33,198,2013.0,1,8,2,2.0,30,1,1,1,1,2,4,1,1,0,2,2,12,1,5,2020,0.0,1.0,0.0,0.0,0.0,0,0,1,1,1,0,1
247,15393,CHICAGO,IL,60617,36.9,0.0,-1.0,0.0,1,5,7,2020.0,1,1,15,10.0,30,1,1,2,1,2,5,1,2,0,1,3,12,3,5,2020,1.0,0.0,0.0,0.0,2.0,0,0,1,0,1,1,1
248,15394,CHICAGO,IL,60617,36.9,0.0,-1.0,0.0,2,1,58,2018.0,2,1,5,7.0,30,1,1,2,1,2,5,1,2,0,1,3,12,3,5,2020,1.0,0.0,0.0,0.0,2.0,0,0,1,0,1,1,1
249,15395,HOMER_GLENN,IL,60491,65.0,0.0,3.0,0.0,1,-1,1,2011.0,3,4,1,4.0,30,1,1,2,1,2,5,1,2,0,1,3,12,3,5,2020,1.0,0.0,0.0,0.0,2.0,0,0,1,1,1,1,1
250,15396,HOMER_GLENN,IL,60491,65.0,0.0,3.0,0.0,1,5,7,2020.0,1,1,15,10.0,30,1,1,2,1,2,5,1,2,0,1,3,12,3,5,2020,1.0,0.0,0.0,0.0,2.0,0,0,1,1,1,1,1
251,15397,HOMER_GLENN,IL,60491,65.0,0.0,3.0,0.0,2,1,58,2018.0,2,1,5,7.0,30,1,1,2,1,2,5,1,2,0,1,3,12,3,5,2020,1.0,0.0,0.0,0.0,2.0,0,0,1,1,1,1,1
252,15504,CHICAGO,IL,60617,38.0,0.0,2.0,0.0,1,6,1,2010.0,1,5,2,3.0,30,1,0,2,1,2,1,1,2,0,1,2,7,3,5,2020,1.0,0.0,0.0,0.0,3.0,0,0,1,0,1,1,1
253,15505,CHICAGO,IL,60617,38.0,0.0,2.0,0.0,1,1,4,2017.0,1,3,1,3.0,30,1,0,2,1,2,1,1,2,0,1,2,7,3,5,2020,1.0,0.0,0.0,0.0,3.0,0,0,1,0,1,1,1
254,15506,CHICAGO,IL,60617,19.0,0.0,1.0,0.0,1,6,1,2010.0,1,5,2,3.0,30,1,0,2,1,2,1,1,2,0,1,2,7,3,5,2020,1.0,0.0,0.0,0.0,3.0,0,0,1,1,1,1,1
255,15507,CHICAGO,IL,60617,19.0,0.0,1.0,0.0,1,1,4,2017.0,1,3,1,3.0,30,1,0,2,1,2,1,1,2,0,1,2,7,3,5,2020,1.0,0.0,0.0,0.0,3.0,0,0,1,1,1,1,1
256,15750,CHICAGO,IL,60632,27.0,0.0,0.0,0.0,1,4,11,2016.0,1,4,2,4.0,30,1,1,1,1,2,1,1,1,0,1,2,18,2,4,2020,1.0,0.0,0.0,0.0,0.0,0,0,1,0,1,1,1
257,15785,FOREST_PARK,IL,60130,36.0,0.0,5.0,0.0,1,2,1,2018.0,1,2,12,3.0,30,1,1,1,2,2,6,1,1,0,1,2,19,2,4,2020,1.0,0.0,0.0,0.0,1.0,1,0,0,0,0,1,1
258,15786,FOREST_PARK,IL,60130,36.0,0.0,5.0,0.0,1,-1,1,2010.0,-1,3,1,1.0,30,1,1,1,2,2,6,1,1,0,1,2,19,2,4,2020,1.0,0.0,0.0,0.0,1.0,1,0,0,0,0,1,1
259,15787,UNK,XX,0,36.0,-1.0,0.0,0.0,1,2,1,2018.0,1,2,12,3.0,30,1,1,1,2,2,6,1,1,0,1,2,19,2,4,2020,1.0,0.0,0.0,0.0,1.0,1,0,0,1,0,1,1
260,15788,UNK,XX,0,36.0,-1.0,0.0,0.0,1,-1,1,2010.0,-1,3,1,1.0,30,1,1,1,2,2,6,1,1,0,1,2,19,2,4,2020,1.0,0.0,0.0,0.0,1.0,1,0,0,1,0,1,1
261,15949,UNK,XX,0,36.9,0.0,2.0,0.0,1,6,1,2017.0,2,3,4,6.0,30,1,1,1,1,5,0,1,1,0,2,2,18,2,4,2020,1.0,0.0,0.0,0.0,2.0,0,0,1,0,0,1,0
262,15951,UNK,XX,0,58.0,-1.0,0.0,2.0,1,6,1,2017.0,2,3,4,6.0,30,1,1,1,1,5,0,1,1,0,2,2,18,2,4,2020,0.0,0.0,0.0,0.0,2.0,0,0,1,0,0,1,0
263,16119,UNK,XX,0,36.9,0.0,6.0,0.0,1,6,46,2006.0,3,3,2,4.0,30,0,0,2,1,2,0,1,2,0,1,2,14,3,5,2020,1.0,0.0,0.0,0.0,2.0,0,0,1,1,1,1,1
264,16120,UNK,XX,0,36.9,0.0,6.0,0.0,1,29,286,2009.0,1,1,1,3.0,30,0,0,2,1,2,0,1,2,0,1,2,14,3,5,2020,1.0,0.0,0.0,0.0,2.0,0,0,1,1,1,1,1
265,16121,CHICAGO,IL,60653,36.9,0.0,0.0,0.0,1,6,46,2006.0,3,3,2,4.0,30,0,0,2,1,2,0,1,2,0,1,2,14,3,5,2020,1.0,0.0,0.0,0.0,2.0,0,0,1,1,1,1,1
266,16122,CHICAGO,IL,60653,36.9,0.0,0.0,0.0,1,29,286,2009.0,1,1,1,3.0,30,0,0,2,1,2,0,1,2,0,1,2,14,3,5,2020,1.0,0.0,0.0,0.0,2.0,0,0,1,1,1,1,1
267,16246,RIVERDALE,IL,60827,42.0,0.0,3.0,0.0,1,16,78,2001.0,-1,1,1,1.0,30,1,1,1,2,3,5,1,1,0,1,3,22,4,4,2020,1.0,0.0,0.0,0.0,1.0,0,0,1,0,1,1,0
268,16247,RIVERDALE,IL,60827,42.0,0.0,3.0,0.0,1,16,78,2001.0,-1,1,1,1.0,30,1,1,1,2,3,5,1,1,0,1,3,22,4,4,2020,1.0,0.0,0.0,0.0,1.0,0,0,1,0,1,1,0
269,16248,RIVERDALE,IL,60827,42.0,0.0,3.0,0.0,1,2,8,2010.0,1,1,3,2.0,30,1,1,1,2,3,5,1,1,0,1,3,22,4,4,2020,1.0,0.0,0.0,0.0,1.0,0,0,1,0,1,1,0
270,16249,RIVERDALE,IL,60827,42.0,0.0,3.0,0.0,1,10,30,2005.0,1,1,3,2.0,30,1,1,1,2,3,5,1,1,0,1,3,22,4,4,2020,1.0,0.0,0.0,0.0,1.0,0,0,1,0,1,1,0
271,16250,RIVERDALE,IL,60827,42.0,0.0,3.0,0.0,1,2,8,2010.0,1,1,3,2.0,30,1,1,1,2,3,5,1,1,0,1,3,22,4,4,2020,1.0,0.0,0.0,0.0,1.0,0,0,1,0,1,1,0
272,16251,RIVERDALE,IL,60827,42.0,0.0,3.0,0.0,1,10,30,2005.0,1,1,3,2.0,30,1,1,1,2,3,5,1,1,0,1,3,22,4,4,2020,1.0,0.0,0.0,0.0,1.0,0,0,1,0,1,1,0
273,16252,CHICAGO,IL,60636,36.0,0.0,3.0,0.0,1,16,78,2001.0,-1,1,1,1.0,30,1,1,1,2,3,5,1,1,0,1,3,22,4,4,2020,1.0,0.0,0.0,0.0,1.0,0,0,1,0,1,1,0
274,16253,CHICAGO,IL,60636,36.0,0.0,3.0,0.0,1,16,78,2001.0,-1,1,1,1.0,30,1,1,1,2,3,5,1,1,0,1,3,22,4,4,2020,1.0,0.0,0.0,0.0,1.0,0,0,1,0,1,1,0
275,16254,CHICAGO,IL,60636,36.0,0.0,3.0,0.0,1,2,8,2010.0,1,1,3,2.0,30,1,1,1,2,3,5,1,1,0,1,3,22,4,4,2020,1.0,0.0,0.0,0.0,1.0,0,0,1,0,1,1,0
276,16255,CHICAGO,IL,60636,36.0,0.0,3.0,0.0,1,10,30,2005.0,1,1,3,2.0,30,1,1,1,2,3,5,1,1,0,1,3,22,4,4,2020,1.0,0.0,0.0,0.0,1.0,0,0,1,0,1,1,0
277,16256,CHICAGO,IL,60636,36.0,0.0,3.0,0.0,1,2,8,2010.0,1,1,3,2.0,30,1,1,1,2,3,5,1,1,0,1,3,22,4,4,2020,1.0,0.0,0.0,0.0,1.0,0,0,1,0,1,1,0
278,16257,CHICAGO,IL,60636,36.0,0.0,3.0,0.0,1,10,30,2005.0,1,1,3,2.0,30,1,1,1,2,3,5,1,1,0,1,3,22,4,4,2020,1.0,0.0,0.0,0.0,1.0,0,0,1,0,1,1,0
279,16258,CHICAGO,IL,60621,25.0,0.0,0.0,0.0,1,16,78,2001.0,-1,1,1,1.0,30,1,1,1,2,3,5,1,1,0,1,3,22,4,4,2020,1.0,0.0,0.0,0.0,1.0,0,0,1,1,1,1,0
280,16259,CHICAGO,IL,60621,25.0,0.0,0.0,0.0,1,16,78,2001.0,-1,1,1,1.0,30,1,1,1,2,3,5,1,1,0,1,3,22,4,4,2020,1.0,0.0,0.0,0.0,1.0,0,0,1,1,1,1,0
281,16260,CHICAGO,IL,60621,25.0,0.0,0.0,0.0,1,2,8,2010.0,1,1,3,2.0,30,1,1,1,2,3,5,1,1,0,1,3,22,4,4,2020,1.0,0.0,0.0,0.0,1.0,0,0,1,1,1,1,0
282,16261,CHICAGO,IL,60621,25.0,0.0,0.0,0.0,1,10,30,2005.0,1,1,3,2.0,30,1,1,1,2,3,5,1,1,0,1,3,22,4,4,2020,1.0,0.0,0.0,0.0,1.0,0,0,1,1,1,1,0
283,16262,CHICAGO,IL,60621,25.0,0.0,0.0,0.0,1,2,8,2010.0,1,1,3,2.0,30,1,1,1,2,3,5,1,1,0,1,3,22,4,4,2020,1.0,0.0,0.0,0.0,1.0,0,0,1,1,1,1,0
284,16263,CHICAGO,IL,60621,25.0,0.0,0.0,0.0,1,10,30,2005.0,1,1,3,2.0,30,1,1,1,2,3,5,1,1,0,1,3,22,4,4,2020,1.0,0.0,0.0,0.0,1.0,0,0,1,1,1,1,0
285,16264,CHICAGO,IL,60637,56.0,0.0,0.0,0.0,1,16,78,2001.0,-1,1,1,1.0,30,1,1,1,2,3,5,1,1,0,1,3,22,4,4,2020,1.0,0.0,0.0,0.0,1.0,0,0,1,0,1,1,0
286,16265,CHICAGO,IL,60637,56.0,0.0,0.0,0.0,1,16,78,2001.0,-1,1,1,1.0,30,1,1,1,2,3,5,1,1,0,1,3,22,4,4,2020,1.0,0.0,0.0,0.0,1.0,0,0,1,0,1,1,0
287,16266,CHICAGO,IL,60637,56.0,0.0,0.0,0.0,1,2,8,2010.0,1,1,3,2.0,30,1,1,1,2,3,5,1,1,0,1,3,22,4,4,2020,1.0,0.0,0.0,0.0,1.0,0,0,1,0,1,1,0
288,16267,CHICAGO,IL,60637,56.0,0.0,0.0,0.0,1,10,30,2005.0,1,1,3,2.0,30,1,1,1,2,3,5,1,1,0,1,3,22,4,4,2020,1.0,0.0,0.0,0.0,1.0,0,0,1,0,1,1,0
289,16268,CHICAGO,IL,60637,56.0,0.0,0.0,0.0,1,2,8,2010.0,1,1,3,2.0,30,1,1,1,2,3,5,1,1,0,1,3,22,4,4,2020,1.0,0.0,0.0,0.0,1.0,0,0,1,0,1,1,0
290,16269,CHICAGO,IL,60637,56.0,0.0,0.0,0.0,1,10,30,2005.0,1,1,3,2.0,30,1,1,1,2,3,5,1,1,0,1,3,22,4,4,2020,1.0,0.0,0.0,0.0,1.0,0,0,1,0,1,1,0
291,16270,CHICAGO,IL,60621,25.0,0.0,0.0,0.0,1,16,78,2001.0,-1,1,1,1.0,30,1,1,1,2,3,5,1,1,0,1,3,22,4,4,2020,1.0,0.0,0.0,0.0,1.0,0,0,1,1,1,1,0
292,16271,CHICAGO,IL,60621,25.0,0.0,0.0,0.0,1,16,78,2001.0,-1,1,1,1.0,30,1,1,1,2,3,5,1,1,0,1,3,22,4,4,2020,1.0,0.0,0.0,0.0,1.0,0,0,1,1,1,1,0
293,16272,CHICAGO,IL,60621,25.0,0.0,0.0,0.0,1,2,8,2010.0,1,1,3,2.0,30,1,1,1,2,3,5,1,1,0,1,3,22,4,4,2020,1.0,0.0,0.0,0.0,1.0,0,0,1,1,1,1,0
294,16273,CHICAGO,IL,60621,25.0,0.0,0.0,0.0,1,10,30,2005.0,1,1,3,2.0,30,1,1,1,2,3,5,1,1,0,1,3,22,4,4,2020,1.0,0.0,0.0,0.0,1.0,0,0,1,1,1,1,0
295,16274,CHICAGO,IL,60621,25.0,0.0,0.0,0.0,1,2,8,2010.0,1,1,3,2.0,30,1,1,1,2,3,5,1,1,0,1,3,22,4,4,2020,1.0,0.0,0.0,0.0,1.0,0,0,1,1,1,1,0
296,16275,CHICAGO,IL,60621,25.0,0.0,0.0,0.0,1,10,30,2005.0,1,1,3,2.0,30,1,1,1,2,3,5,1,1,0,1,3,22,4,4,2020,1.0,0.0,0.0,0.0,1.0,0,0,1,1,1,1,0
297,16276,CHICAGO,IL,60637,56.0,0.0,0.0,0.0,1,16,78,2001.0,-1,1,1,1.0,30,1,1,1,2,3,5,1,1,0,1,3,22,4,4,2020,1.0,0.0,0.0,0.0,1.0,0,0,1,0,1,1,0
298,16277,CHICAGO,IL,60637,56.0,0.0,0.0,0.0,1,16,78,2001.0,-1,1,1,1.0,30,1,1,1,2,3,5,1,1,0,1,3,22,4,4,2020,1.0,0.0,0.0,0.0,1.0,0,0,1,0,1,1,0
299,16278,CHICAGO,IL,60637,56.0,0.0,0.0,0.0,1,2,8,2010.0,1,1,3,2.0,30,1,1,1,2,3,5,1,1,0,1,3,22,4,4,2020,1.0,0.0,0.0,0.0,1.0,0,0,1,0,1,1,0
300,16279,CHICAGO,IL,60637,56.0,0.0,0.0,0.0,1,10,30,2005.0,1,1,3,2.0,30,1,1,1,2,3,5,1,1,0,1,3,22,4,4,2020,1.0,0.0,0.0,0.0,1.0,0,0,1,0,1,1,0
301,16280,CHICAGO,IL,60637,56.0,0.0,0.0,0.0,1,2,8,2010.0,1,1,3,2.0,30,1,1,1,2,3,5,1,1,0,1,3,22,4,4,2020,1.0,0.0,0.0,0.0,1.0,0,0,1,0,1,1,0
302,16281,CHICAGO,IL,60637,56.0,0.0,0.0,0.0,1,10,30,2005.0,1,1,3,2.0,30,1,1,1,2,3,5,1,1,0,1,3,22,4,4,2020,1.0,0.0,0.0,0.0,1.0,0,0,1,0,1,1,0
303,16419,CHICAGO,IL,60637,36.9,0.0,3.0,0.0,1,13,36,2004.0,1,2,1,1.0,20,1,1,1,1,1,1,1,1,0,1,2,12,2,5,2020,1.0,0.0,0.0,0.0,2.0,0,0,1,1,1,1,1
304,16420,CHICAGO,IL,60637,36.9,0.0,3.0,0.0,1,3,12,2004.0,1,1,1,1.0,20,1,1,1,1,1,1,1,1,0,1,2,12,2,5,2020,1.0,0.0,0.0,0.0,2.0,0,0,1,1,1,1,1
305,16421,CHICAGO,IL,60653,36.9,0.0,0.0,0.0,1,13,36,2004.0,1,2,1,1.0,20,1,1,1,1,1,1,1,1,0,1,2,12,2,5,2020,1.0,0.0,0.0,0.0,2.0,0,0,1,1,1,1,1
306,16422,CHICAGO,IL,60653,36.9,0.0,0.0,0.0,1,3,12,2004.0,1,1,1,1.0,20,1,1,1,1,1,1,1,1,0,1,2,12,2,5,2020,1.0,0.0,0.0,0.0,2.0,0,0,1,1,1,1,1
307,16944,CHICAGO,IL,60634,26.0,0.0,0.0,0.0,1,10,26,2015.0,1,2,1,4.0,30,1,1,1,2,1,1,1,1,0,2,2,22,5,5,2020,0.0,1.0,0.0,0.0,0.0,0,0,1,1,1,1,0
308,17365,MECHANICSBURG,PA,17050,29.0,0.0,2.0,0.0,1,4,11,2011.0,1,2,1,4.0,30,1,1,2,4,2,-1,1,2,0,2,2,19,4,4,2020,0.0,1.0,0.0,0.0,0.0,0,0,1,1,1,1,1
309,17373,LEMONT,IL,60439,24.0,0.0,0.0,0.0,1,1,4,2009.0,1,2,4,3.0,30,0,0,3,1,8,11,1,2,1,3,3,18,4,4,2020,1.0,0.0,0.0,0.0,0.0,0,0,1,1,0,1,1
310,17374,LEMONT,IL,60439,24.0,0.0,0.0,0.0,2,12,153,2012.0,1,-1,5,8.0,30,0,0,3,1,8,11,1,2,1,3,3,18,4,4,2020,1.0,0.0,0.0,0.0,0.0,0,0,1,1,0,1,1
311,17375,LEMONT,IL,60439,24.0,0.0,0.0,0.0,1,3,28,2018.0,1,7,1,3.0,30,0,0,3,1,8,11,1,2,1,3,3,18,4,4,2020,1.0,0.0,0.0,0.0,0.0,0,0,1,1,0,1,1
312,17681,CHICAGO,IL,60652,36.9,0.0,8.0,0.0,1,3,3,2007.0,1,3,8,5.0,35,1,1,1,2,4,5,1,1,0,1,2,22,6,5,2020,1.0,0.0,0.0,0.0,2.0,0,0,1,1,1,1,1
313,17682,CHICAGO,IL,60652,36.9,0.0,8.0,0.0,1,5,13,2005.0,1,3,1,4.0,35,1,1,1,2,4,5,1,1,0,1,2,22,6,5,2020,1.0,0.0,0.0,0.0,2.0,0,0,1,1,1,1,1
314,17683,BROOKFIELD,IL,60513,21.0,0.0,0.0,0.0,1,3,3,2007.0,1,3,8,5.0,35,1,1,1,2,4,5,1,1,0,1,2,22,6,5,2020,1.0,0.0,0.0,0.0,2.0,0,0,1,0,1,1,1
315,17684,BROOKFIELD,IL,60513,21.0,0.0,0.0,0.0,1,5,13,2005.0,1,3,1,4.0,35,1,1,1,2,4,5,1,1,0,1,2,22,6,5,2020,1.0,0.0,0.0,0.0,2.0,0,0,1,0,1,1,1
316,18092,PLAINFIELD,IL,60586,26.0,0.0,2.0,0.0,1,5,7,2011.0,1,1,1,3.0,30,2,1,1,1,1,1,1,2,0,2,2,18,5,4,2020,1.0,0.0,0.0,0.0,2.0,0,0,1,1,1,1,1
317,18093,PLAINFIELD,IL,60586,26.0,0.0,2.0,0.0,1,4,18,2018.0,1,2,1,4.0,30,2,1,1,1,1,1,1,2,0,2,2,18,5,4,2020,1.0,0.0,0.0,0.0,2.0,0,0,1,1,1,1,1
318,18094,CHICAGO,IL,60651,20.0,0.0,0.0,0.0,1,5,7,2011.0,1,1,1,3.0,30,2,1,1,1,1,1,1,2,0,2,2,18,5,4,2020,1.0,0.0,0.0,0.0,2.0,0,0,1,0,1,1,1
319,18095,CHICAGO,IL,60651,20.0,0.0,0.0,0.0,1,4,18,2018.0,1,2,1,4.0,30,2,1,1,1,1,1,1,2,0,2,2,18,5,4,2020,1.0,0.0,0.0,0.0,2.0,0,0,1,0,1,1,1
320,18452,ROMEOVILLE,IL,60446,0.0,0.0,0.0,0.0,1,1,6,2018.0,1,2,1,9.0,30,1,1,1,2,1,3,1,1,-1,1,2,0,1,5,2020,1.0,0.0,0.0,0.0,0.0,0,0,1,0,1,1,1
321,18691,MAYWOOD,IL,60153,57.0,0.0,0.0,0.0,1,2,24,2015.0,1,2,1,1.0,30,1,3,1,1,6,0,1,1,0,2,2,15,6,4,2020,1.0,0.0,0.0,0.0,0.0,0,0,1,0,1,1,1
322,19043,CHICAGO,IL,60624,36.9,-1.0,-1.0,0.0,1,31,108,2007.0,6,1,1,4.0,30,2,0,-1,-1,1,-1,1,-1,0,1,2,16,6,5,2020,1.0,0.0,0.0,0.0,2.0,0,1,0,0,1,1,1
323,19044,CHICAGO,IL,60624,71.0,0.0,-1.0,0.0,1,7,25,2011.0,-1,4,1,-1.0,30,2,0,-1,-1,1,-1,1,-1,0,1,2,16,6,5,2020,1.0,0.0,0.0,0.0,2.0,0,1,0,1,1,1,1
324,19045,CHICAGO,IL,60624,71.0,0.0,-1.0,0.0,1,31,108,2007.0,6,1,1,4.0,30,2,0,-1,-1,1,-1,1,-1,0,1,2,16,6,5,2020,1.0,0.0,0.0,0.0,2.0,0,1,0,1,1,1,1
325,19205,JOLIET,IL,60435,22.0,0.0,0.0,0.0,1,1,4,2013.0,1,3,2,6.0,30,2,1,1,2,2,1,1,1,0,2,2,21,6,5,2020,0.0,1.0,0.0,0.0,0.0,0,0,1,0,1,1,0
326,19269,MATTESON,IL,60443,31.0,0.0,0.0,0.0,1,13,166,2004.0,1,2,1,6.0,30,2,1,2,1,1,0,1,2,0,1,2,16,1,5,2020,1.0,0.0,0.0,0.0,0.0,0,0,1,1,1,1,1