,index,CITY,STATE,ZIPCODE,AGE,EJECTION,DRIVER_ACTION,BAC_RESULT,UNIT_TYPE,MAKE,MODEL,VEHICLE_YEAR,VEHICLE_TYPE,TRAVEL_DIRECTION,MANEUVER,FIRST_CONTACT_POINT,POSTED_SPEED_LIMIT,TRAFFIC_CONTROL_DEVICE,DEVICE_CONDITION,WEATHER_CONDITION,LIGHTING_CONDITION,FIRST_CRASH_TYPE,TRAFFICWAY_TYPE,ALIGNMENT,ROADWAY_SURFACE_COND,ROAD_DEFECT,STREET_DIRECTION,NUM_UNITS,CRASH_HOUR,CRASH_DAY_OF_WEEK,CRASH_MONTH,CRASH_YEAR,FATAL_INBOTH,FATAL_CARPPL,FATAL_OTHPPL,FATAL_INAUTO,FATAL_DEGREE,DAMAGE_500_OR_LESS,DAMAGE_501_1500,DAMAGE_OVER_1500,SEX,INTERSECTION_RELATED,HIT_AND_RUN,REPORTYPE
327,19270,MATTESON,IL,60443,31.0,0.0,0.0,0.0,1,1,6,2017.0,1,1,1,3.0,30,2,1,2,1,1,0,1,2,0,1,2,16,1,5,2020,1.0,0.0,0.0,0.0,0.0,0,0,1,1,1,1,1
328,19318,CHICAGO,IL,60628,36.0,0.0,2.0,0.0,1,1,358,2010.0,4,1,1,4.0,30,2,1,1,1,1,1,1,1,1,1,2,11,7,5,2020,1.0,0.0,0.0,0.0,1.0,0,0,1,0,1,1,1
329,19319,CHICAGO,IL,60609,26.0,0.0,0.0,0.0,1,4,138,2010.0,2,4,1,3.0,30,2,1,1,1,1,1,1,1,1,1,2,11,7,5,2020,1.0,0.0,0.0,0.0,1.0,0,0,1,0,1,1,1
330,19320,CHICAGO,IL,60609,26.0,0.0,0.0,0.0,1,1,358,2010.0,4,1,1,4.0,30,2,1,1,1,1,1,1,1,1,1,2,11,7,5,2020,1.0,0.0,0.0,0.0,1.0,0,0,1,0,1,1,1
331,19404,CHICAGO,IL,60620,31.0,0.0,0.0,0.0,1,20,169,2012.0,1,2,7,12.0,30,1,1,3,1,7,2,1,1,0,1,2,13,1,5,2020,0.0,1.0,0.0,0.0,0.0,0,0,1,1,1,1,0
332,19405,CHICAGO,IL,60620,31.0,0.0,0.0,0.0,1,2,9,2017.0,2,4,3,3.0,30,1,1,3,1,7,2,1,1,0,1,2,13,1,5,2020,0.0,1.0,0.0,0.0,0.0,0,0,1,1,1,1,0
333,19606,CHICAGO,IL,60612,34.0,0.0,2.0,0.0,1,10,26,2012.0,1,2,1,6.0,30,0,0,2,1,1,0,1,2,0,2,2,13,7,4,2020,1.0,0.0,0.0,0.0,0.0,0,0,1,1,1,1,1
334,19756,CHICAGO,IL,60622,58.0,0.0,2.0,0.0,1,29,179,2012.0,1,1,2,6.0,30,2,1,2,1,2,4,1,2,0,2,2,17,7,4,2020,0.0,1.0,0.0,0.0,0.0,0,0,1,0,1,1,1
335,19771,CHICAGO,IL,60651,35.0,0.0,0.0,0.0,1,11,186,2008.0,1,4,1,7.0,35,2,1,2,4,2,4,1,2,0,3,2,18,7,4,2020,0.0,1.0,0.0,0.0,0.0,0,1,0,1,1,1,1
336,19788,RICHTON_PARK,IL,60471,63.0,0.0,4.0,0.0,1,1,14,2006.0,1,3,1,1.0,30,1,1,2,1,3,0,1,2,0,1,2,15,7,4,2020,0.0,1.0,0.0,0.0,0.0,0,0,1,1,1,0,0
337,19789,RICHTON_PARK,IL,60471,63.0,0.0,4.0,0.0,1,1,6,2006.0,1,3,3,2.0,30,1,1,2,1,3,0,1,2,0,1,2,15,7,4,2020,0.0,1.0,0.0,0.0,0.0,0,0,1,1,1,0,0
338,19790,CHICAGO,IL,60615,32.0,0.0,0.0,0.0,1,1,14,2006.0,1,3,1,1.0,30,1,1,2,1,3,0,1,2,0,1,2,15,7,4,2020,0.0,1.0,0.0,0.0,0.0,0,0,1,1,1,0,0
339,19791,CHICAGO,IL,60615,32.0,0.0,0.0,0.0,1,1,6,2006.0,1,3,3,2.0,30,1,1,2,1,3,0,1,2,0,1,2,15,7,4,2020,0.0,1.0,0.0,0.0,0.0,0,0,1,1,1,0,0
340,19883,CHICAGO,IL,60625,34.0,0.0,0.0,0.0,1,4,1,2007.0,1,1,4,3.0,30,1,1,1,2,2,1,1,2,0,3,2,23,7,4,2020,1.0,0.0,0.0,0.0,0.0,0,0,1,1,1,1,1
341,19884,CHICAGO,IL,60625,34.0,0.0,0.0,0.0,1,3,1,2016.0,2,3,3,12.0,30,1,1,1,2,2,1,1,2,0,3,2,23,7,4,2020,1.0,0.0,0.0,0.0,0.0,0,0,1,1,1,1,1
342,19905,CHICAGO,IL,60624,22.0,0.0,0.0,0.0,1,1,43,2002.0,2,4,1,7.0,30,1,1,1,2,1,1,1,1,0,2,2,22,7,4,2020,0.0,1.0,0.0,0.0,0.0,0,0,1,1,1,1,0
343,19927,CHICAGO,IL,60623,26.0,0.0,2.0,0.0,1,1,14,2015.0,-1,4,1,1.0,30,0,0,2,2,5,2,1,2,0,2,2,20,7,4,2020,1.0,0.0,0.0,0.0,3.0,0,1,0,1,0,1,0
344,19929,UNKNOWN,IL,0,38.0,-1.0,12.0,0.0,1,1,14,2015.0,-1,4,1,1.0,30,0,0,2,2,5,2,1,2,0,2,2,20,7,4,2020,0.0,0.0,0.0,0.0,3.0,0,1,0,1,0,1,0
345,20005,CHICAGO,IL,60623,21.0,0.0,0.0,0.0,1,8,15,2012.0,1,1,9,0.0,20,2,1,1,1,1,1,1,1,0,2,2,13,5,5,2020,0.0,1.0,0.0,0.0,0.0,0,1,0,1,1,1,0
346,20210,MILWAUKEE,WI,53207,45.0,0.0,4.0,0.0,1,3,127,2010.0,1,1,1,1.0,30,1,1,1,1,3,2,1,1,-1,1,2,16,2,4,2020,1.0,0.0,0.0,0.0,3.0,0,0,1,1,1,1,0
347,20211,MILWAUKEE,WI,53207,45.0,0.0,4.0,0.0,1,3,127,2010.0,1,1,1,1.0,30,1,1,1,1,3,2,1,1,-1,1,2,16,2,4,2020,1.0,0.0,0.0,0.0,3.0,0,0,1,1,1,1,0
348,20212,MILWAUKEE,WI,53207,45.0,0.0,4.0,0.0,1,2,121,2016.0,1,1,1,2.0,30,1,1,1,1,3,2,1,1,-1,1,2,16,2,4,2020,1.0,0.0,0.0,0.0,3.0,0,0,1,1,1,1,0
349,20213,MILWAUKEE,WI,53207,45.0,0.0,4.0,0.0,1,2,121,2016.0,1,1,1,2.0,30,1,1,1,1,3,2,1,1,-1,1,2,16,2,4,2020,1.0,0.0,0.0,0.0,3.0,0,0,1,1,1,1,0
350,20214,CHICAGO,IL,60617,38.0,0.0,4.0,0.0,1,3,127,2010.0,1,1,1,1.0,30,1,1,1,1,3,2,1,1,-1,1,2,16,2,4,2020,1.0,0.0,0.0,0.0,3.0,0,0,1,1,1,1,0
351,20215,CHICAGO,IL,60617,38.0,0.0,4.0,0.0,1,3,127,2010.0,1,1,1,1.0,30,1,1,1,1,3,2,1,1,-1,1,2,16,2,4,2020,1.0,0.0,0.0,0.0,3.0,0,0,1,1,1,1,0
352,20216,CHICAGO,IL,60617,38.0,0.0,4.0,0.0,1,2,121,2016.0,1,1,1,2.0,30,1,1,1,1,3,2,1,1,-1,1,2,16,2,4,2020,1.0,0.0,0.0,0.0,3.0,0,0,1,1,1,1,0
353,20217,CHICAGO,IL,60617,38.0,0.0,4.0,0.0,1,2,121,2016.0,1,1,1,2.0,30,1,1,1,1,3,2,1,1,-1,1,2,16,2,4,2020,1.0,0.0,0.0,0.0,3.0,0,0,1,1,1,1,0
354,20218,CHICAGO,IL,60636,57.0,0.0,0.0,0.0,1,3,127,2010.0,1,1,1,1.0,30,1,1,1,1,3,2,1,1,-1,1,2,16,2,4,2020,1.0,0.0,0.0,0.0,3.0,0,0,1,0,1,1,0
355,20219,CHICAGO,IL,60636,57.0,0.0,0.0,0.0,1,3,127,2010.0,1,1,1,1.0,30,1,1,1,1,3,2,1,1,-1,1,2,16,2,4,2020,1.0,0.0,0.0,0.0,3.0,0,0,1,0,1,1,0
356,20220,CHICAGO,IL,60636,57.0,0.0,0.0,0.0,1,2,121,2016.0,1,1,1,2.0,30,1,1,1,1,3,2,1,1,-1,1,2,16,2,4,2020,1.0,0.0,0.0,0.0,3.0,0,0,1,0,1,1,0
357,20221,CHICAGO,IL,60636,57.0,0.0,0.0,0.0,1,2,121,2016.0,1,1,1,2.0,30,1,1,1,1,3,2,1,1,-1,1,2,16,2,4,2020,1.0,0.0,0.0,0.0,3.0,0,0,1,0,1,1,0
358,20222,CHICAGO,IL,60636,57.0,0.0,0.0,0.0,1,3,127,2010.0,1,1,1,1.0,30,1,1,1,1,3,2,1,1,-1,1,2,16,2,4,2020,1.0,0.0,0.0,0.0,3.0,0,0,1,0,1,1,0
359,20223,CHICAGO,IL,60636,57.0,0.0,0.0,0.0,1,3,127,2010.0,1,1,1,1.0,30,1,1,1,1,3,2,1,1,-1,1,2,16,2,4,2020,1.0,0.0,0.0,0.0,3.0,0,0,1,0,1,1,0
360,20224,CHICAGO,IL,60636,57.0,0.0,0.0,0.0,1,2,121,2016.0,1,1,1,2.0,30,1,1,1,1,3,2,1,1,-1,1,2,16,2,4,2020,1.0,0.0,0.0,0.0,3.0,0,0,1,0,1,1,0
361,20225,CHICAGO,IL,60636,57.0,0.0,0.0,0.0,1,2,121,2016.0,1,1,1,2.0,30,1,1,1,1,3,2,1,1,-1,1,2,16,2,4,2020,1.0,0.0,0.0,0.0,3.0,0,0,1,0,1,1,0
362,20277,BURBANK,IL,60459,18.0,0.0,5.0,0.0,1,7,25,2007.0,2,1,4,7.0,30,0,0,1,1,2,8,1,1,0,1,2,19,2,5,2020,0.0,1.0,0.0,0.0,0.0,0,0,1,1,1,0,0
363,20278,BURBANK,IL,60459,18.0,0.0,5.0,0.0,1,3,3,2008.0,1,2,1,4.0,30,0,0,1,1,2,8,1,1,0,1,2,19,2,5,2020,0.0,1.0,0.0,0.0,0.0,0,0,1,1,1,0,0
364,20279,HICKORY_HILLS,IL,60457,71.0,0.0,0.0,0.0,1,7,25,2007.0,2,1,4,7.0,30,0,0,1,1,2,8,1,1,0,1,2,19,2,5,2020,0.0,1.0,0.0,0.0,0.0,0,0,1,0,1,0,0
365,20280,HICKORY_HILLS,IL,60457,71.0,0.0,0.0,0.0,1,3,3,2008.0,1,2,1,4.0,30,0,0,1,1,2,8,1,1,0,1,2,19,2,5,2020,0.0,1.0,0.0,0.0,0.0,0,0,1,0,1,0,0
366,20281,CHICAGO,IL,60652,21.0,0.0,0.0,0.0,1,3,28,2010.0,1,4,1,3.0,30,1,1,1,2,1,1,1,1,0,2,6,22,2,5,2020,1.0,0.0,0.0,0.0,1.0,0,0,1,0,1,1,1
367,20282,CHICAGO,IL,60652,21.0,0.0,0.0,0.0,1,9,42,2010.0,1,2,1,2.0,30,1,1,1,2,1,1,1,1,0,2,6,22,2,5,2020,1.0,0.0,0.0,0.0,1.0,0,0,1,0,1,1,1
368,20283,CHICAGO,IL,60652,21.0,0.0,0.0,0.0,1,9,17,2010.0,1,4,1,1.0,30,1,1,1,2,1,1,1,1,0,2,6,22,2,5,2020,1.0,0.0,0.0,0.0,1.0,0,0,1,0,1,1,1
369,20284,CHICAGO,IL,60652,21.0,0.0,0.0,0.0,1,10,30,2010.0,3,4,1,3.0,30,1,1,1,2,1,1,1,1,0,2,6,22,2,5,2020,1.0,0.0,0.0,0.0,1.0,0,0,1,0,1,1,1
370,20285,CHICAGO,IL,60652,21.0,0.0,0.0,0.0,1,22,66,2010.0,1,4,4,3.0,30,1,1,1,2,1,1,1,1,0,2,6,22,2,5,2020,1.0,0.0,0.0,0.0,1.0,0,0,1,0,1,1,1
371,20286,CHICAGO,IL,60652,21.0,0.0,0.0,0.0,1,2,8,2014.0,1,1,1,1.0,30,1,1,1,2,1,1,1,1,0,2,6,22,2,5,2020,1.0,0.0,0.0,0.0,1.0,0,0,1,0,1,1,1
372,20287,CHICAGO,IL,60620,27.0,0.0,0.0,0.0,1,3,28,2010.0,1,4,1,3.0,30,1,1,1,2,1,1,1,1,0,2,6,22,2,5,2020,1.0,0.0,0.0,0.0,1.0,0,0,1,0,1,1,1
373,20288,CHICAGO,IL,60620,27.0,0.0,0.0,0.0,1,9,42,2010.0,1,2,1,2.0,30,1,1,1,2,1,1,1,1,0,2,6,22,2,5,2020,1.0,0.0,0.0,0.0,1.0,0,0,1,0,1,1,1
374,20289,CHICAGO,IL,60620,27.0,0.0,0.0,0.0,1,9,17,2010.0,1,4,1,1.0,30,1,1,1,2,1,1,1,1,0,2,6,22,2,5,2020,1.0,0.0,0.0,0.0,1.0,0,0,1,0,1,1,1
375,20290,CHICAGO,IL,60620,27.0,0.0,0.0,0.0,1,10,30,2010.0,3,4,1,3.0,30,1,1,1,2,1,1,1,1,0,2,6,22,2,5,2020,1.0,0.0,0.0,0.0,1.0,0,0,1,0,1,1,1
376,20291,CHICAGO,IL,60620,27.0,0.0,0.0,0.0,1,22,66,2010.0,1,4,4,3.0,30,1,1,1,2,1,1,1,1,0,2,6,22,2,5,2020,1.0,0.0,0.0,0.0,1.0,0,0,1,0,1,1,1
377,20292,CHICAGO,IL,60620,27.0,0.0,0.0,0.0,1,2,8,2014.0,1,1,1,1.0,30,1,1,1,2,1,1,1,1,0,2,6,22,2,5,2020,1.0,0.0,0.0,0.0,1.0,0,0,1,0,1,1,1
378,20293,CALUMET,IL,60409,39.0,0.0,0.0,0.0,1,3,28,2010.0,1,4,1,3.0,30,1,1,1,2,1,1,1,1,0,2,6,22,2,5,2020,1.0,0.0,0.0,0.0,1.0,0,0,1,1,1,1,1
379,20294,CALUMET,IL,60409,39.0,0.0,0.0,0.0,1,9,42,2010.0,1,2,1,2.0,30,1,1,1,2,1,1,1,1,0,2,6,22,2,5,2020,1.0,0.0,0.0,0.0,1.0,0,0,1,1,1,1,1
380,20295,CALUMET,IL,60409,39.0,0.0,0.0,0.0,1,9,17,2010.0,1,4,1,1.0,30,1,1,1,2,1,1,1,1,0,2,6,22,2,5,2020,1.0,0.0,0.0,0.0,1.0,0,0,1,1,1,1,1
381,20296,CALUMET,IL,60409,39.0,0.0,0.0,0.0,1,10,30,2010.0,3,4,1,3.0,30,1,1,1,2,1,1,1,1,0,2,6,22,2,5,2020,1.0,0.0,0.0,0.0,1.0,0,0,1,1,1,1,1
382,20297,CALUMET,IL,60409,39.0,0.0,0.0,0.0,1,22,66,2010.0,1,4,4,3.0,30,1,1,1,2,1,1,1,1,0,2,6,22,2,5,2020,1.0,0.0,0.0,0.0,1.0,0,0,1,1,1,1,1
383,20298,CALUMET,IL,60409,39.0,0.0,0.0,0.0,1,2,8,2014.0,1,1,1,1.0,30,1,1,1,2,1,1,1,1,0,2,6,22,2,5,2020,1.0,0.0,0.0,0.0,1.0,0,0,1,1,1,1,1
384,20299,EVERGREEN_PARK,IL,60805,62.0,0.0,0.0,0.0,1,3,28,2010.0,1,4,1,3.0,30,1,1,1,2,1,1,1,1,0,2,6,22,2,5,2020,1.0,0.0,0.0,0.0,1.0,0,0,1,1,1,1,1
385,20300,EVERGREEN_PARK,IL,60805,62.0,0.0,0.0,0.0,1,9,42,2010.0,1,2,1,2.0,30,1,1,1,2,1,1,1,1,0,2,6,22,2,5,2020,1.0,0.0,0.0,0.0,1.0,0,0,1,1,1,1,1
386,20301,EVERGREEN_PARK,IL,60805,62.0,0.0,0.0,0.0,1,9,17,2010.0,1,4,1,1.0,30,1,1,1,2,1,1,1,1,0,2,6,22,2,5,2020,1.0,0.0,0.0,0.0,1.0,0,0,1,1,1,1,1
387,20302,EVERGREEN_PARK,IL,60805,62.0,0.0,0.0,0.0,1,10,30,2010.0,3,4,1,3.0,30,1,1,1,2,1,1,1,1,0,2,6,22,2,5,2020,1.0,0.0,0.0,0.0,1.0,0,0,1,1,1,1,1
388,20303,EVERGREEN_PARK,IL,60805,62.0,0.0,0.0,0.0,1,22,66,2010.0,1,4,4,3.0,30,1,1,1,2,1,1,1,1,0,2,6,22,2,5,2020,1.0,0.0,0.0,0.0,1.0,0,0,1,1,1,1,1
389,20304,EVERGREEN_PARK,IL,60805,62.0,0.0,0.0,0.0,1,2,8,2014.0,1,1,1,1.0,30,1,1,1,2,1,1,1,1,0,2,6,22,2,5,2020,1.0,0.0,0.0,0.0,1.0,0,0,1,1,1,1,1
390,20305,CHICAGO,IL,60620,26.0,-1.0,0.0,0.0,1,3,28,2010.0,1,4,1,3.0,30,1,1,1,2,1,1,1,1,0,2,6,22,2,5,2020,1.0,0.0,0.0,0.0,1.0,0,0,1,0,1,1,1
391,20306,CHICAGO,IL,60620,26.0,-1.0,0.0,0.0,1,9,42,2010.0,1,2,1,2.0,30,1,1,1,2,1,1,1,1,0,2,6,22,2,5,2020,1.0,0.0,0.0,0.0,1.0,0,0,1,0,1,1,1
392,20307,CHICAGO,IL,60620,26.0,-1.0,0.0,0.0,1,9,17,2010.0,1,4,1,1.0,30,1,1,1,2,1,1,1,1,0,2,6,22,2,5,2020,1.0,0.0,0.0,0.0,1.0,0,0,1,0,1,1,1
393,20308,CHICAGO,IL,60620,26.0,-1.0,0.0,0.0,1,10,30,2010.0,3,4,1,3.0,30,1,1,1,2,1,1,1,1,0,2,6,22,2,5,2020,1.0,0.0,0.0,0.0,1.0,0,0,1,0,1,1,1
394,20309,CHICAGO,IL,60620,26.0,-1.0,0.0,0.0,1,22,66,2010.0,1,4,4,3.0,30,1,1,1,2,1,1,1,1,0,2,6,22,2,5,2020,1.0,0.0,0.0,0.0,1.0,0,0,1,0,1,1,1
395,20310,CHICAGO,IL,60620,26.0,-1.0,0.0,0.0,1,2,8,2014.0,1,1,1,1.0,30,1,1,1,2,1,1,1,1,0,2,6,22,2,5,2020,1.0,0.0,0.0,0.0,1.0,0,0,1,0,1,1,1
396,20311,ROCKFORD,IL,61103,23.0,-1.0,3.0,0.0,1,3,28,2010.0,1,4,1,3.0,30,1,1,1,2,1,1,1,1,0,2,6,22,2,5,2020,1.0,0.0,0.0,0.0,1.0,0,0,1,1,1,1,1
397,20312,ROCKFORD,IL,61103,23.0,-1.0,3.0,0.0,1,9,42,2010.0,1,2,1,2.0,30,1,1,1,2,1,1,1,1,0,2,6,22,2,5,2020,1.0,0.0,0.0,0.0,1.0,0,0,1,1,1,1,1
398,20313,ROCKFORD,IL,61103,23.0,-1.0,3.0,0.0,1,9,17,2010.0,1,4,1,1.0,30,1,1,1,2,1,1,1,1,0,2,6,22,2,5,2020,1.0,0.0,0.0,0.0,1.0,0,0,1,1,1,1,1
399,20314,ROCKFORD,IL,61103,23.0,-1.0,3.0,0.0,1,10,30,2010.0,3,4,1,3.0,30,1,1,1,2,1,1,1,1,0,2,6,22,2,5,2020,1.0,0.0,0.0,0.0,1.0,0,0,1,1,1,1,1
400,20315,ROCKFORD,IL,61103,23.0,-1.0,3.0,0.0,1,22,66,2010.0,1,4,4,3.0,30,1,1,1,2,1,1,1,1,0,2,6,22,2,5,2020,1.0,0.0,0.0,0.0,1.0,0,0,1,1,1,1,1
401,20316,ROCKFORD,IL,61103,23.0,-1.0,3.0,0.0,1,2,8,2014.0,1,1,1,1.0,30,1,1,1,2,1,1,1,1,0,2,6,22,2,5,2020,1.0,0.0,0.0,0.0,1.0,0,0,1,1,1,1,1
402,20607,CHICAGO,IL,60619,36.9,0.0,2.0,0.0,1,7,48,2011.0,2,5,2,1.0,30,1,1,1,1,5,1,1,1,0,2,2,17,1,4,2020,1.0,0.0,0.0,0.0,2.0,1,0,0,1,1,1,1
403,20609,CHICAGO,IL,60608,22.0,-1.0,0.0,2.0,1,7,48,2011.0,2,5,2,1.0,30,1,1,1,1,5,1,1,1,0,2,2,17,1,4,2020,0.0,0.0,0.0,0.0,2.0,1,0,0,0,1,1,1
404,20686,CHICAGO,IL,60651,38.0,0.0,1.0,0.0,1,6,21,2014.0,1,2,1,1.0,30,0,0,1,2,1,1,1,1,0,1,2,20,1,4,2020,1.0,0.0,0.0,0.0,3.0,0,0,1,1,1,1,1
405,20687,CHICAGO,IL,60651,38.0,0.0,1.0,0.0,1,8,34,2007.0,1,3,1,-1.0,30,0,0,1,2,1,1,1,1,0,1,2,20,1,4,2020,1.0,0.0,0.0,0.0,3.0,0,0,1,1,1,1,1
406,20688,CHICAGO,IL,60620,24.0,0.0,-1.0,0.0,1,6,21,2014.0,1,2,1,1.0,30,0,0,1,2,1,1,1,1,0,1,2,20,1,4,2020,1.0,0.0,0.0,0.0,3.0,0,0,1,0,1,1,1
407,20689,CHICAGO,IL,60620,24.0,0.0,-1.0,0.0,1,8,34,2007.0,1,3,1,-1.0,30,0,0,1,2,1,1,1,1,0,1,2,20,1,4,2020,1.0,0.0,0.0,0.0,3.0,0,0,1,0,1,1,1
408,21043,UNKNOWN,XX,0,36.9,0.0,-1.0,0.0,1,2,31,2001.0,4,2,1,1.0,30,2,1,1,1,3,1,1,1,0,2,3,16,3,5,2020,1.0,0.0,0.0,0.0,2.0,0,0,1,1,1,1,1
409,21044,UNKNOWN,XX,0,36.9,0.0,-1.0,0.0,1,5,13,2000.0,1,2,3,2.0,30,2,1,1,1,3,1,1,1,0,2,3,16,3,5,2020,1.0,0.0,0.0,0.0,2.0,0,0,1,1,1,1,1
410,21045,UNKNOWN,XX,0,36.9,0.0,-1.0,0.0,1,4,18,2020.0,2,2,3,2.0,30,2,1,1,1,3,1,1,1,0,2,3,16,3,5,2020,1.0,0.0,0.0,0.0,2.0,0,0,1,1,1,1,1
411,21046,BERWYN,IL,60402,47.0,0.0,0.0,0.0,1,2,31,2001.0,4,2,1,1.0,30,2,1,1,1,3,1,1,1,0,2,3,16,3,5,2020,1.0,0.0,0.0,0.0,2.0,0,0,1,1,1,1,1
412,21047,BERWYN,IL,60402,47.0,0.0,0.0,0.0,1,5,13,2000.0,1,2,3,2.0,30,2,1,1,1,3,1,1,1,0,2,3,16,3,5,2020,1.0,0.0,0.0,0.0,2.0,0,0,1,1,1,1,1
413,21048,BERWYN,IL,60402,47.0,0.0,0.0,0.0,1,4,18,2020.0,2,2,3,2.0,30,2,1,1,1,3,1,1,1,0,2,3,16,3,5,2020,1.0,0.0,0.0,0.0,2.0,0,0,1,1,1,1,1
414,21049,CHICAGO,IL,60641,37.0,0.0,0.0,0.0,1,2,31,2001.0,4,2,1,1.0,30,2,1,1,1,3,1,1,1,0,2,3,16,3,5,2020,1.0,0.0,0.0,0.0,2.0,0,0,1,1,1,1,1
415,21050,CHICAGO,IL,60641,37.0,0.0,0.0,0.0,1,5,13,2000.0,1,2,3,2.0,30,2,1,1,1,3,1,1,1,0,2,3,16,3,5,2020,1.0,0.0,0.0,0.0,2.0,0,0,1,1,1,1,1
416,21051,CHICAGO,IL,60641,37.0,0.0,0.0,0.0,1,4,18,2020.0,2,2,3,2.0,30,2,1,1,1,3,1,1,1,0,2,3,16,3,5,2020,1.0,0.0,0.0,0.0,2.0,0,0,1,1,1,1,1
417,21098,PALM_HARBOR,FL,34684,18.0,0.0,3.0,2.0,1,18,91,2016.0,1,1,1,1.0,30,1,1,1,2,3,0,1,1,0,3,3,0,3,5,2020,1.0,0.0,0.0,0.0,2.0,0,0,1,0,1,1,1
418,21099,PALM_HARBOR,FL,34684,18.0,0.0,3.0,2.0,1,8,16,2016.0,1,1,7,2.0,30,1,1,1,2,3,0,1,1,0,3,3,0,3,5,2020,1.0,0.0,0.0,0.0,2.0,0,0,1,0,1,1,1
419,21100,PALM_HARBOR,FL,34684,18.0,0.0,3.0,2.0,1,8,1,2007.0,1,1,7,2.0,30,1,1,1,2,3,0,1,1,0,3,3,0,3,5,2020,1.0,0.0,0.0,0.0,2.0,0,0,1,0,1,1,1
420,21101,CHICAGO,IL,60612,49.0,0.0,0.0,0.0,1,18,91,2016.0,1,1,1,1.0,30,1,1,1,2,3,0,1,1,0,3,3,0,3,5,2020,1.0,0.0,0.0,0.0,2.0,0,0,1,1,1,1,1
421,21102,CHICAGO,IL,60612,49.0,0.0,0.0,0.0,1,8,16,2016.0,1,1,7,2.0,30,1,1,1,2,3,0,1,1,0,3,3,0,3,5,2020,1.0,0.0,0.0,0.0,2.0,0,0,1,1,1,1,1
422,21103,CHICAGO,IL,60612,49.0,0.0,0.0,0.0,1,8,1,2007.0,1,1,7,2.0,30,1,1,1,2,3,0,1,1,0,3,3,0,3,5,2020,1.0,0.0,0.0,0.0,2.0,0,0,1,1,1,1,1
423,21104,CHICAGO,IL,60632,29.0,0.0,1.0,0.0,1,18,91,2016.0,1,1,1,1.0,30,1,1,1,2,3,0,1,1,0,3,3,0,3,5,2020,1.0,0.0,0.0,0.0,2.0,0,0,1,1,1,1,1
424,21105,CHICAGO,IL,60632,29.0,0.0,1.0,0.0,1,8,16,2016.0,1,1,7,2.0,30,1,1,1,2,3,0,1,1,0,3,3,0,3,5,2020,1.0,0.0,0.0,0.0,2.0,0,0,1,1,1,1,1
425,21106,CHICAGO,IL,60632,29.0,0.0,1.0,0.0,1,8,1,2007.0,1,1,7,2.0,30,1,1,1,2,3,0,1,1,0,3,3,0,3,5,2020,1.0,0.0,0.0,0.0,2.0,0,0,1,1,1,1,1
426,21153,CHICAGO,IL,60621,50.0,0.0,1.0,0.0,1,4,29,2018.0,1,2,3,2.0,30,1,1,1,1,3,0,1,1,0,4,2,9,2,4,2020,0.0,1.0,0.0,0.0,0.0,0,1,0,1,1,0,1
427,21274,CHICAGO,IL,60619,50.0,0.0,0.0,0.0,1,1,14,2009.0,2,4,1,2.0,35,1,1,1,1,3,0,1,1,0,2,2,16,2,4,2020,0.0,1.0,0.0,0.0,0.0,0,0,1,1,1,1,0
428,21420,CHICAGO,IL,60636,19.0,0.0,0.0,0.0,1,8,55,2010.0,1,2,1,1.0,30,3,2,2,2,1,5,1,2,4,2,2,21,2,4,2020,1.0,0.0,0.0,0.0,0.0,0,0,1,0,1,1,1
429,21452,CHICAGO,IL,60620,53.0,0.0,0.0,0.0,1,7,25,2008.0,2,1,3,10.0,30,1,1,2,2,3,0,1,2,0,1,2,21,2,4,2020,1.0,0.0,0.0,0.0,0.0,0,0,1,1,1,1,1
430,21593,UNKNOWN,XX,0,38.0,-1.0,2.0,0.0,2,14,184,2020.0,2,4,5,3.0,30,1,1,3,2,2,1,1,2,-1,2,4,19,3,4,2020,1.0,0.0,0.0,0.0,3.0,0,0,1,1,1,1,1
431,21594,UNKNOWN,XX,0,38.0,-1.0,2.0,0.0,2,10,26,2013.0,1,4,5,1.0,30,1,1,3,2,2,1,1,2,-1,2,4,19,3,4,2020,1.0,0.0,0.0,0.0,3.0,0,0,1,1,1,1,1
432,21595,UNKNOWN,XX,0,38.0,-1.0,2.0,0.0,1,4,5,2019.0,1,6,4,3.0,30,1,1,3,2,2,1,1,2,-1,2,4,19,3,4,2020,1.0,0.0,0.0,0.0,3.0,0,0,1,1,1,1,1
433,21596,UNKNOWN,XX,0,38.0,-1.0,2.0,0.0,1,17,52,2004.0,1,2,1,4.0,30,1,1,3,2,2,1,1,2,-1,2,4,19,3,4,2020,1.0,0.0,0.0,0.0,3.0,0,0,1,1,1,1,1