,index,CITY,STATE,ZIPCODE,AGE,EJECTION,DRIVER_ACTION,BAC_RESULT,UNIT_TYPE,MAKE,MODEL,VEHICLE_YEAR,VEHICLE_TYPE,TRAVEL_DIRECTION,MANEUVER,FIRST_CONTACT_POINT,POSTED_SPEED_LIMIT,TRAFFIC_CONTROL_DEVICE,DEVICE_CONDITION,WEATHER_CONDITION,LIGHTING_CONDITION,FIRST_CRASH_TYPE,TRAFFICWAY_TYPE,ALIGNMENT,ROADWAY_SURFACE_COND,ROAD_DEFECT,STREET_DIRECTION,NUM_UNITS,CRASH_HOUR,CRASH_DAY_OF_WEEK,CRASH_MONTH,CRASH_YEAR,FATAL_INBOTH,FATAL_CARPPL,FATAL_OTHPPL,FATAL_INAUTO,FATAL_DEGREE,DAMAGE_500_OR_LESS,DAMAGE_501_1500,DAMAGE_OVER_1500,SEX,INTERSECTION_RELATED,HIT_AND_RUN,REPORTYPE
434,21597,INDIANAPOLIS,IN,46201,40.0,0.0,-1.0,0.0,2,14,184,2020.0,2,4,5,3.0,30,1,1,3,2,2,1,1,2,-1,2,4,19,3,4,2020,1.0,0.0,0.0,0.0,3.0,0,0,1,1,1,1,1
435,21598,INDIANAPOLIS,IN,46201,40.0,0.0,-1.0,0.0,2,10,26,2013.0,1,4,5,1.0,30,1,1,3,2,2,1,1,2,-1,2,4,19,3,4,2020,1.0,0.0,0.0,0.0,3.0,0,0,1,1,1,1,1
436,21599,INDIANAPOLIS,IN,46201,40.0,0.0,-1.0,0.0,1,4,5,2019.0,1,6,4,3.0,30,1,1,3,2,2,1,1,2,-1,2,4,19,3,4,2020,1.0,0.0,0.0,0.0,3.0,0,0,1,1,1,1,1
437,21600,INDIANAPOLIS,IN,46201,40.0,0.0,-1.0,0.0,1,17,52,2004.0,1,2,1,4.0,30,1,1,3,2,2,1,1,2,-1,2,4,19,3,4,2020,1.0,0.0,0.0,0.0,3.0,0,0,1,1,1,1,1
438,21619,UNKNOWN,XX,0,38.0,0.0,-1.0,0.0,1,6,44,2010.0,1,1,1,1.0,30,0,-1,1,2,3,2,1,1,0,3,2,1,4,5,2020,1.0,0.0,0.0,0.0,3.0,0,0,1,0,1,1,1
439,21620,UNKNOWN,XX,0,38.0,0.0,-1.0,0.0,1,6,56,2003.0,1,1,1,2.0,30,0,-1,1,2,3,2,1,1,0,3,2,1,4,5,2020,1.0,0.0,0.0,0.0,3.0,0,0,1,0,1,1,1
440,21621,NORTHLAKE,IL,60164,23.0,3.0,-1.0,0.0,1,6,44,2010.0,1,1,1,1.0,30,0,-1,1,2,3,2,1,1,0,3,2,1,4,5,2020,1.0,0.0,0.0,0.0,3.0,0,0,1,1,1,1,1
441,21622,NORTHLAKE,IL,60164,23.0,3.0,-1.0,0.0,1,6,56,2003.0,1,1,1,2.0,30,0,-1,1,2,3,2,1,1,0,3,2,1,4,5,2020,1.0,0.0,0.0,0.0,3.0,0,0,1,1,1,1,1
442,22001,SARASOTA,FL,34234,27.0,0.0,0.0,0.0,1,26,60,2011.0,10,3,1,2.0,30,1,1,1,1,3,6,1,1,0,1,2,15,3,4,2020,0.0,1.0,0.0,0.0,0.0,0,0,1,1,1,0,1
443,22031,CHICAGO,IL,60623,25.0,0.0,2.0,0.0,1,19,347,2001.0,1,8,1,1.0,30,0,0,1,1,6,11,1,1,0,1,2,15,3,4,2020,1.0,0.0,0.0,0.0,3.0,0,0,1,1,0,0,1
444,22032,CHICAGO,IL,60623,25.0,0.0,2.0,0.0,1,2,9,2010.0,2,1,1,4.0,30,0,0,1,1,6,11,1,1,0,1,2,15,3,4,2020,1.0,0.0,0.0,0.0,3.0,0,0,1,1,0,0,1
445,22033,CHICAGO,IL,60623,25.0,0.0,0.0,0.0,1,19,347,2001.0,1,8,1,1.0,30,0,0,1,1,6,11,1,1,0,1,2,15,3,4,2020,1.0,0.0,0.0,0.0,3.0,0,0,1,1,0,0,1
446,22034,CHICAGO,IL,60623,25.0,0.0,0.0,0.0,1,2,9,2010.0,2,1,1,4.0,30,0,0,1,1,6,11,1,1,0,1,2,15,3,4,2020,1.0,0.0,0.0,0.0,3.0,0,0,1,1,0,0,1
447,22233,AURORA,IL,60504,32.0,0.0,0.0,0.0,1,9,37,2015.0,1,2,1,2.0,30,1,1,2,2,3,0,1,2,0,2,2,20,3,4,2020,0.0,1.0,0.0,0.0,0.0,1,0,0,1,1,0,1
448,22353,CHICAGO,IL,60644,33.0,0.0,1.0,0.0,1,15,136,2007.0,1,8,2,4.0,30,2,0,1,2,2,0,1,1,0,2,2,23,1,5,2020,0.0,1.0,0.0,0.0,0.0,0,0,1,0,1,0,0
449,22476,UNKNOWN,IL,0,38.0,0.0,3.0,0.0,1,28,45,2009.0,5,1,1,6.0,30,1,1,2,1,1,1,1,2,0,3,2,9,5,5,2020,1.0,0.0,0.0,0.0,3.0,0,0,1,0,1,1,1
450,22477,CHICAGO,IL,60680,42.0,0.0,0.0,0.0,1,8,1,2010.0,-1,2,1,1.0,30,1,1,2,1,1,1,1,2,0,3,2,9,5,5,2020,1.0,0.0,0.0,0.0,3.0,0,0,1,1,1,1,1
451,22478,CHICAGO,IL,60680,42.0,0.0,0.0,0.0,1,28,45,2009.0,5,1,1,6.0,30,1,1,2,1,1,1,1,2,0,3,2,9,5,5,2020,1.0,0.0,0.0,0.0,3.0,0,0,1,1,1,1,1
452,22695,CHICAGO,IL,60628,31.0,0.0,0.0,0.0,1,8,15,2016.0,1,3,1,9.0,30,2,1,2,1,1,1,1,2,0,3,2,9,4,4,2020,0.0,1.0,0.0,0.0,0.0,1,0,0,0,1,1,0
453,22745,CICERO,IL,60804,55.0,0.0,0.0,0.0,1,28,45,2008.0,5,4,1,3.0,30,1,1,2,1,2,1,1,2,0,2,2,11,4,4,2020,0.0,1.0,0.0,0.0,0.0,0,1,0,1,1,1,1
454,23212,CHICAGO,IL,60619,48.0,0.0,0.0,0.0,1,2,71,2009.0,2,1,1,5.0,30,1,1,2,4,1,0,1,2,-1,1,2,20,4,4,2020,0.0,1.0,0.0,0.0,0.0,0,0,1,0,1,1,0
455,23285,UNKNOWN,IL,0,36.9,0.0,6.0,0.0,1,-1,88,2011.0,-1,3,1,-1.0,35,1,1,2,2,4,2,1,2,0,1,2,1,6,5,2020,1.0,0.0,0.0,0.0,2.0,0,1,0,0,1,1,1
456,23286,UNKNOWN,IL,0,36.9,0.0,6.0,0.0,1,5,7,2004.0,1,3,1,8.0,35,1,1,2,2,4,2,1,2,0,1,2,1,6,5,2020,1.0,0.0,0.0,0.0,2.0,0,1,0,0,1,1,1
457,23287,SOUTH_HOLLAND,IL,60473,24.0,0.0,0.0,0.0,1,-1,88,2011.0,-1,3,1,-1.0,35,1,1,2,2,4,2,1,2,0,1,2,1,6,5,2020,1.0,0.0,0.0,0.0,2.0,0,1,0,1,1,1,1
458,23288,SOUTH_HOLLAND,IL,60473,24.0,0.0,0.0,0.0,1,5,7,2004.0,1,3,1,8.0,35,1,1,2,2,4,2,1,2,0,1,2,1,6,5,2020,1.0,0.0,0.0,0.0,2.0,0,1,0,1,1,1,1
459,23618,UNKNOWN,IL,0,36.9,0.0,6.0,0.0,1,4,11,2019.0,1,4,1,1.0,30,0,0,2,1,1,1,1,2,0,3,2,11,5,4,2020,1.0,0.0,0.0,0.0,2.0,0,0,1,1,1,1,0
460,23619,UNKNOWN,IL,0,36.9,0.0,6.0,0.0,1,19,152,2002.0,1,3,1,3.0,30,0,0,2,1,1,1,1,2,0,3,2,11,5,4,2020,1.0,0.0,0.0,0.0,2.0,0,0,1,1,1,1,0
461,23620,CHICAGO,IL,60629,43.0,0.0,0.0,0.0,1,4,11,2019.0,1,4,1,1.0,30,0,0,2,1,1,1,1,2,0,3,2,11,5,4,2020,1.0,0.0,0.0,0.0,2.0,0,0,1,1,1,1,0
462,23621,CHICAGO,IL,60629,43.0,0.0,0.0,0.0,1,19,152,2002.0,1,3,1,3.0,30,0,0,2,1,1,1,1,2,0,3,2,11,5,4,2020,1.0,0.0,0.0,0.0,2.0,0,0,1,1,1,1,0
463,23689,CHICAGO,IL,60645,48.0,0.0,0.0,0.0,1,32,343,2011.0,1,1,1,7.0,30,1,1,3,1,4,9,1,1,2,3,2,11,5,4,2020,0.0,1.0,0.0,0.0,0.0,0,1,0,1,1,1,0
464,23885,UNKNOWN,XX,0,38.0,0.0,3.0,0.0,1,-1,1,2010.0,1,3,1,1.0,35,1,1,1,5,1,1,1,1,0,3,2,20,5,4,2020,1.0,0.0,0.0,0.0,3.0,0,0,1,0,1,1,1
465,23886,UNKNOWN,XX,0,38.0,0.0,3.0,0.0,1,3,1,2018.0,1,4,1,4.0,35,1,1,1,5,1,1,1,1,0,3,2,20,5,4,2020,1.0,0.0,0.0,0.0,3.0,0,0,1,0,1,1,1
466,23887,CHICAGO,IL,60639,63.0,0.0,-1.0,0.0,1,-1,1,2010.0,1,3,1,1.0,35,1,1,1,5,1,1,1,1,0,3,2,20,5,4,2020,1.0,0.0,0.0,0.0,3.0,0,0,1,0,1,1,1
467,23888,CHICAGO,IL,60639,63.0,0.0,-1.0,0.0,1,3,1,2018.0,1,4,1,4.0,35,1,1,1,5,1,1,1,1,0,3,2,20,5,4,2020,1.0,0.0,0.0,0.0,3.0,0,0,1,0,1,1,1
468,23980,CHICAGO,IL,60617,35.0,0.0,0.0,0.0,1,2,68,2006.0,1,7,2,4.0,30,1,1,2,1,2,0,1,2,0,1,2,8,5,5,2020,0.0,1.0,0.0,0.0,0.0,0,0,1,0,1,1,0
469,23981,CHICAGO,IL,60617,35.0,0.0,0.0,0.0,1,1,58,2018.0,1,2,1,9.0,30,1,1,2,1,2,0,1,2,0,1,2,8,5,5,2020,0.0,1.0,0.0,0.0,0.0,0,0,1,0,1,1,0
470,24193,SOUTH_HOLLAND,IL,60473,40.0,0.0,3.0,0.0,1,1,6,2012.0,1,3,1,1.0,30,1,1,2,2,1,1,1,2,0,1,2,0,1,5,2020,1.0,0.0,0.0,0.0,1.0,0,0,1,1,1,0,1
471,24194,SOUTH_HOLLAND,IL,60473,40.0,0.0,3.0,0.0,1,4,5,2017.0,1,4,1,3.0,30,1,1,2,2,1,1,1,2,0,1,2,0,1,5,2020,1.0,0.0,0.0,0.0,1.0,0,0,1,1,1,0,1
472,24195,CHICAGO,IL,60612,29.0,0.0,0.0,0.0,1,1,6,2012.0,1,3,1,1.0,30,1,1,2,2,1,1,1,2,0,1,2,0,1,5,2020,1.0,0.0,0.0,0.0,1.0,0,0,1,1,1,0,1
473,24196,CHICAGO,IL,60612,29.0,0.0,0.0,0.0,1,4,5,2017.0,1,4,1,3.0,30,1,1,2,2,1,1,1,2,0,1,2,0,1,5,2020,1.0,0.0,0.0,0.0,1.0,0,0,1,1,1,0,1
474,24200,CHICAGO,IL,60639,29.0,0.0,0.0,0.0,1,4,50,2020.0,2,2,2,4.0,30,1,1,2,2,2,1,1,2,0,2,2,1,1,5,2020,1.0,0.0,0.0,0.0,0.0,0,0,1,0,1,1,1
475,24456,CHICAGO,IL,60649,40.0,0.0,0.0,0.0,1,6,92,2011.0,1,1,1,3.0,30,0,0,1,1,8,3,1,1,0,1,3,10,6,5,2020,1.0,0.0,0.0,0.0,0.0,0,0,1,0,1,1,1
476,24494,CHICAGO_HEIGHTS,IL,60411,41.0,0.0,0.0,0.0,1,1,4,2011.0,1,2,1,7.0,30,0,0,1,1,1,0,1,1,0,4,2,14,6,5,2020,0.0,1.0,0.0,0.0,0.0,0,0,1,1,1,1,0
477,24497,UNKNOWN,XX,0,38.0,0.0,2.0,0.0,1,6,21,2010.0,1,5,2,1.0,30,1,1,1,1,5,7,1,1,0,2,2,14,6,5,2020,1.0,0.0,0.0,0.0,3.0,0,0,1,1,1,1,1
478,24499,UNKNOWN,XX,0,47.0,-1.0,0.0,0.0,1,6,21,2010.0,1,5,2,1.0,30,1,1,1,1,5,7,1,1,0,2,2,14,6,5,2020,0.0,0.0,0.0,0.0,3.0,0,0,1,0,1,1,1
479,24706,CHICAGO,IL,60628,65.0,0.0,0.0,0.0,1,7,210,2020.0,4,4,1,5.0,30,2,1,1,1,1,1,1,1,0,1,2,15,6,5,2020,1.0,0.0,0.0,0.0,0.0,0,0,1,0,1,1,1
480,24707,CHICAGO,IL,60628,65.0,0.0,0.0,0.0,1,3,57,2017.0,1,1,1,4.0,30,2,1,1,1,1,1,1,1,0,1,2,15,6,5,2020,1.0,0.0,0.0,0.0,0.0,0,0,1,0,1,1,1
481,24717,CHICAGO,IL,60620,33.0,0.0,0.0,0.0,1,32,1,2007.0,1,2,3,2.0,30,1,1,3,1,3,2,1,1,0,1,2,18,6,5,2020,0.0,1.0,0.0,0.0,0.0,0,1,0,0,1,1,0
482,24772,CHICAGO,IL,60616,50.0,0.0,0.0,0.0,1,15,173,2017.0,1,2,8,4.0,30,1,1,1,1,4,0,1,1,0,2,2,17,6,5,2020,0.0,1.0,0.0,0.0,0.0,0,1,0,0,1,1,0
483,24880,CHICAGO,IL,60628,27.0,0.0,2.0,0.0,1,1,4,2003.0,1,2,2,9.0,30,1,1,1,1,2,1,1,1,0,2,2,18,6,5,2020,1.0,0.0,0.0,0.0,2.0,0,0,1,1,1,1,1
484,24881,CHICAGO,IL,60628,27.0,0.0,2.0,0.0,1,5,79,2011.0,6,4,1,1.0,30,1,1,1,1,2,1,1,1,0,2,2,18,6,5,2020,1.0,0.0,0.0,0.0,2.0,0,0,1,1,1,1,1
485,24882,HAMMOND,IN,46327,30.0,0.0,0.0,0.0,1,1,4,2003.0,1,2,2,9.0,30,1,1,1,1,2,1,1,1,0,2,2,18,6,5,2020,1.0,0.0,0.0,0.0,2.0,0,0,1,1,1,1,1
486,24883,HAMMOND,IN,46327,30.0,0.0,0.0,0.0,1,5,79,2011.0,6,4,1,1.0,30,1,1,1,1,2,1,1,1,0,2,2,18,6,5,2020,1.0,0.0,0.0,0.0,2.0,0,0,1,1,1,1,1
487,24885,UNKNOWN,XX,0,38.0,-1.0,7.0,0.0,1,1,77,2010.0,1,4,1,10.0,30,2,1,1,1,4,0,1,1,0,1,5,19,6,5,2020,1.0,0.0,0.0,0.0,3.0,0,0,1,0,1,1,1
488,24886,UNKNOWN,XX,0,38.0,-1.0,7.0,0.0,1,1,4,2017.0,1,4,1,2.0,30,2,1,1,1,4,0,1,1,0,1,5,19,6,5,2020,1.0,0.0,0.0,0.0,3.0,0,0,1,0,1,1,1
489,24887,UNKNOWN,XX,0,38.0,-1.0,7.0,0.0,1,13,36,2002.0,1,4,-1,2.0,30,2,1,1,1,4,0,1,1,0,1,5,19,6,5,2020,1.0,0.0,0.0,0.0,3.0,0,0,1,0,1,1,1
490,24888,UNKNOWN,XX,0,38.0,-1.0,7.0,0.0,1,2,1,2011.0,1,4,1,2.0,30,2,1,1,1,4,0,1,1,0,1,5,19,6,5,2020,1.0,0.0,0.0,0.0,3.0,0,0,1,0,1,1,1
491,24889,CHICAGO,IL,60628,27.0,-1.0,-1.0,0.0,1,-1,2,2010.0,-1,4,6,-1.0,30,2,1,1,1,4,0,1,1,0,1,5,19,6,5,2020,1.0,0.0,0.0,0.0,3.0,0,0,1,0,1,1,1
492,24890,CHICAGO,IL,60628,27.0,-1.0,-1.0,0.0,1,1,77,2010.0,1,4,1,10.0,30,2,1,1,1,4,0,1,1,0,1,5,19,6,5,2020,1.0,0.0,0.0,0.0,3.0,0,0,1,0,1,1,1
493,24891,CHICAGO,IL,60628,27.0,-1.0,-1.0,0.0,1,1,4,2017.0,1,4,1,2.0,30,2,1,1,1,4,0,1,1,0,1,5,19,6,5,2020,1.0,0.0,0.0,0.0,3.0,0,0,1,0,1,1,1
494,24892,CHICAGO,IL,60628,27.0,-1.0,-1.0,0.0,1,13,36,2002.0,1,4,-1,2.0,30,2,1,1,1,4,0,1,1,0,1,5,19,6,5,2020,1.0,0.0,0.0,0.0,3.0,0,0,1,0,1,1,1
495,24893,CHICAGO,IL,60628,27.0,-1.0,-1.0,0.0,1,2,1,2011.0,1,4,1,2.0,30,2,1,1,1,4,0,1,1,0,1,5,19,6,5,2020,1.0,0.0,0.0,0.0,3.0,0,0,1,0,1,1,1
496,24894,CHICAGO,IL,60637,40.0,-1.0,-1.0,0.0,1,-1,2,2010.0,-1,4,6,-1.0,30,2,1,1,1,4,0,1,1,0,1,5,19,6,5,2020,1.0,0.0,0.0,0.0,3.0,0,0,1,0,1,1,1
497,24895,CHICAGO,IL,60637,40.0,-1.0,-1.0,0.0,1,1,77,2010.0,1,4,1,10.0,30,2,1,1,1,4,0,1,1,0,1,5,19,6,5,2020,1.0,0.0,0.0,0.0,3.0,0,0,1,0,1,1,1
498,24896,CHICAGO,IL,60637,40.0,-1.0,-1.0,0.0,1,1,4,2017.0,1,4,1,2.0,30,2,1,1,1,4,0,1,1,0,1,5,19,6,5,2020,1.0,0.0,0.0,0.0,3.0,0,0,1,0,1,1,1
499,24897,CHICAGO,IL,60637,40.0,-1.0,-1.0,0.0,1,13,36,2002.0,1,4,-1,2.0,30,2,1,1,1,4,0,1,1,0,1,5,19,6,5,2020,1.0,0.0,0.0,0.0,3.0,0,0,1,0,1,1,1
500,24898,CHICAGO,IL,60637,40.0,-1.0,-1.0,0.0,1,2,1,2011.0,1,4,1,2.0,30,2,1,1,1,4,0,1,1,0,1,5,19,6,5,2020,1.0,0.0,0.0,0.0,3.0,0,0,1,0,1,1,1
501,24899,CHICAGO,IL,60619,40.0,-1.0,-1.0,0.0,1,-1,2,2010.0,-1,4,6,-1.0,30,2,1,1,1,4,0,1,1,0,1,5,19,6,5,2020,1.0,0.0,0.0,0.0,3.0,0,0,1,0,1,1,1
502,24900,CHICAGO,IL,60619,40.0,-1.0,-1.0,0.0,1,1,77,2010.0,1,4,1,10.0,30,2,1,1,1,4,0,1,1,0,1,5,19,6,5,2020,1.0,0.0,0.0,0.0,3.0,0,0,1,0,1,1,1
503,24901,CHICAGO,IL,60619,40.0,-1.0,-1.0,0.0,1,1,4,2017.0,1,4,1,2.0,30,2,1,1,1,4,0,1,1,0,1,5,19,6,5,2020,1.0,0.0,0.0,0.0,3.0,0,0,1,0,1,1,1
504,24902,CHICAGO,IL,60619,40.0,-1.0,-1.0,0.0,1,13,36,2002.0,1,4,-1,2.0,30,2,1,1,1,4,0,1,1,0,1,5,19,6,5,2020,1.0,0.0,0.0,0.0,3.0,0,0,1,0,1,1,1
505,24903,CHICAGO,IL,60619,40.0,-1.0,-1.0,0.0,1,2,1,2011.0,1,4,1,2.0,30,2,1,1,1,4,0,1,1,0,1,5,19,6,5,2020,1.0,0.0,0.0,0.0,3.0,0,0,1,0,1,1,1
506,24904,CHICAGO,IL,60619,33.0,-1.0,-1.0,0.0,1,-1,2,2010.0,-1,4,6,-1.0,30,2,1,1,1,4,0,1,1,0,1,5,19,6,5,2020,1.0,0.0,0.0,0.0,3.0,0,0,1,1,1,1,1
507,24905,CHICAGO,IL,60619,33.0,-1.0,-1.0,0.0,1,1,77,2010.0,1,4,1,10.0,30,2,1,1,1,4,0,1,1,0,1,5,19,6,5,2020,1.0,0.0,0.0,0.0,3.0,0,0,1,1,1,1,1
508,24906,CHICAGO,IL,60619,33.0,-1.0,-1.0,0.0,1,1,4,2017.0,1,4,1,2.0,30,2,1,1,1,4,0,1,1,0,1,5,19,6,5,2020,1.0,0.0,0.0,0.0,3.0,0,0,1,1,1,1,1
509,24907,CHICAGO,IL,60619,33.0,-1.0,-1.0,0.0,1,13,36,2002.0,1,4,-1,2.0,30,2,1,1,1,4,0,1,1,0,1,5,19,6,5,2020,1.0,0.0,0.0,0.0,3.0,0,0,1,1,1,1,1
510,24908,CHICAGO,IL,60619,33.0,-1.0,-1.0,0.0,1,2,1,2011.0,1,4,1,2.0,30,2,1,1,1,4,0,1,1,0,1,5,19,6,5,2020,1.0,0.0,0.0,0.0,3.0,0,0,1,1,1,1,1
511,24997,UNKNOWN,XX,0,36.9,0.0,2.0,0.0,1,1,14,2016.0,1,4,2,1.0,30,2,1,1,2,2,0,1,1,0,1,2,22,6,5,2020,1.0,0.0,0.0,0.0,2.0,0,0,1,0,1,1,1
512,24998,UNKNOWN,XX,0,36.9,0.0,2.0,0.0,1,1,4,2018.0,1,1,1,6.0,30,2,1,1,2,2,0,1,1,0,1,2,22,6,5,2020,1.0,0.0,0.0,0.0,2.0,0,0,1,0,1,1,1
513,24999,OAK_PARK,IL,60302,38.0,0.0,0.0,0.0,1,1,14,2016.0,1,4,2,1.0,30,2,1,1,2,2,0,1,1,0,1,2,22,6,5,2020,1.0,0.0,0.0,0.0,2.0,0,0,1,1,1,1,1
514,25000,OAK_PARK,IL,60302,38.0,0.0,0.0,0.0,1,1,4,2018.0,1,1,1,6.0,30,2,1,1,2,2,0,1,1,0,1,2,22,6,5,2020,1.0,0.0,0.0,0.0,2.0,0,0,1,1,1,1,1
515,25186,CHICAGO,IL,60652,73.0,0.0,0.0,0.0,1,15,83,2002.0,1,4,3,2.0,30,1,1,2,1,3,0,1,2,0,2,2,12,5,5,2020,0.0,1.0,0.0,0.0,0.0,0,0,1,0,1,1,0
516,25232,CRYSTAL_LAKE,IL,60014,18.0,0.0,-1.0,0.0,1,3,12,2005.0,1,2,1,3.0,30,0,0,2,2,2,0,1,2,0,2,2,1,1,5,2020,0.0,1.0,0.0,0.0,0.0,0,1,0,1,1,1,1
517,25437,UNKNOWN,XX,0,36.9,0.0,2.0,0.0,1,25,146,2015.0,1,4,2,9.0,30,1,3,1,1,2,5,1,1,-1,2,2,11,7,5,2020,1.0,0.0,0.0,0.0,2.0,0,0,1,0,1,1,1
518,25438,ST_LOUIS,MO,63122,29.0,0.0,0.0,0.0,1,-1,39,2011.0,7,1,1,1.0,30,1,3,1,1,2,5,1,1,-1,2,2,11,7,5,2020,1.0,0.0,0.0,0.0,2.0,0,0,1,0,1,1,1
519,25439,ST_LOUIS,MO,63122,29.0,0.0,0.0,0.0,1,25,146,2015.0,1,4,2,9.0,30,1,3,1,1,2,5,1,1,-1,2,2,11,7,5,2020,1.0,0.0,0.0,0.0,2.0,0,0,1,0,1,1,1
520,25544,CHICAGO,IL,60632,36.0,-1.0,0.0,0.0,1,3,28,2020.0,1,2,3,2.0,30,1,1,1,1,3,1,1,1,0,2,3,14,7,5,2020,0.0,0.0,0.0,0.0,2.0,0,0,1,1,1,1,1
521,25545,CHICAGO,IL,60632,36.0,-1.0,0.0,0.0,1,-1,1,2011.0,-1,2,1,-1.0,30,1,1,1,1,3,1,1,1,0,2,3,14,7,5,2020,0.0,0.0,0.0,0.0,2.0,0,0,1,1,1,1,1
522,25547,CHICAGO,IL,60652,48.0,0.0,0.0,0.0,1,3,28,2020.0,1,2,3,2.0,30,1,1,1,1,3,1,1,1,0,2,3,14,7,5,2020,1.0,0.0,0.0,0.0,2.0,0,0,1,0,1,1,1
523,25548,CHICAGO,IL,60652,48.0,0.0,0.0,0.0,1,-1,1,2011.0,-1,2,1,-1.0,30,1,1,1,1,3,1,1,1,0,2,3,14,7,5,2020,1.0,0.0,0.0,0.0,2.0,0,0,1,0,1,1,1
524,25550,UNKNOWN,XX,0,36.9,-1.0,-1.0,0.0,1,3,28,2020.0,1,2,3,2.0,30,1,1,1,1,3,1,1,1,0,2,3,14,7,5,2020,1.0,0.0,0.0,0.0,2.0,0,0,1,1,1,1,1
525,25551,UNKNOWN,XX,0,36.9,-1.0,-1.0,0.0,1,-1,1,2011.0,-1,2,1,-1.0,30,1,1,1,1,3,1,1,1,0,2,3,14,7,5,2020,1.0,0.0,0.0,0.0,2.0,0,0,1,1,1,1,1
526,25952,CHICAGO,IL,60637,39.0,0.0,0.0,0.0,1,1,89,2011.0,1,3,1,9.0,30,1,1,1,1,4,3,1,1,0,1,2,17,7,5,2020,0.0,1.0,0.0,0.0,0.0,0,1,0,1,1,1,0
527,26001,CHICAGO,XX,60613,41.0,0.0,0.0,0.0,1,8,55,2013.0,1,2,1,9.0,30,1,1,1,2,2,1,1,1,0,2,2,20,7,5,2020,0.0,1.0,0.0,0.0,0.0,0,1,0,1,1,1,1
528,26140,CHICAGO,IL,60644,22.0,0.0,0.0,0.0,1,4,5,2013.0,1,3,1,4.0,30,1,1,1,2,2,1,1,1,0,1,2,22,7,5,2020,1.0,0.0,0.0,0.0,0.0,0,0,1,0,1,1,1
529,26684,OAK_PARK,IL,60304,0.0,0.0,0.0,0.0,1,2,141,2018.0,2,4,1,10.0,30,1,1,1,1,1,1,1,1,0,2,2,18,1,5,2020,0.0,1.0,0.0,0.0,0.0,0,0,1,1,1,1,1
530,26770,CHICAGO,IL,60620,36.9,0.0,2.0,0.0,1,10,1,2014.0,-1,1,1,1.0,20,2,1,1,1,1,1,1,1,0,4,2,12,1,5,2020,1.0,0.0,0.0,0.0,2.0,0,0,1,1,1,1,1
531,26771,CHICAGO,IL,60620,36.9,0.0,2.0,0.0,1,16,1,2002.0,1,2,1,6.0,20,2,1,1,1,1,1,1,1,0,4,2,12,1,5,2020,1.0,0.0,0.0,0.0,2.0,0,0,1,1,1,1,1
532,26772,CHICAGO,IL,60617,24.0,0.0,0.0,0.0,1,10,1,2014.0,-1,1,1,1.0,20,2,1,1,1,1,1,1,1,0,4,2,12,1,5,2020,1.0,0.0,0.0,0.0,2.0,0,0,1,0,1,1,1
533,26773,CHICAGO,IL,60617,24.0,0.0,0.0,0.0,1,16,1,2002.0,1,2,1,6.0,20,2,1,1,1,1,1,1,1,0,4,2,12,1,5,2020,1.0,0.0,0.0,0.0,2.0,0,0,1,0,1,1,1
534,26824,CHICAGO,IL,60628,28.0,0.0,0.0,0.0,1,4,11,2017.0,1,2,1,2.0,30,2,1,1,1,3,0,1,1,0,2,2,12,1,5,2020,1.0,0.0,0.0,0.0,0.0,0,0,1,0,1,1,0
535,26980,CHICAGO,IL,60619,36.0,0.0,-1.0,0.0,1,-1,1,2010.0,1,3,1,1.0,30,1,1,1,2,2,1,1,1,0,2,2,1,7,5,2020,1.0,0.0,0.0,0.0,1.0,0,0,1,0,1,1,1
536,26981,CHICAGO,IL,60619,36.0,0.0,-1.0,0.0,1,1,4,2017.0,1,3,4,8.0,30,1,1,1,2,2,1,1,1,0,2,2,1,7,5,2020,1.0,0.0,0.0,0.0,1.0,0,0,1,0,1,1,1
537,26982,CHICAGO,IL,60624,20.0,0.0,0.0,0.0,1,-1,1,2010.0,1,3,1,1.0,30,1,1,1,2,2,1,1,1,0,2,2,1,7,5,2020,1.0,0.0,0.0,0.0,1.0,0,0,1,0,1,1,1
538,26983,CHICAGO,IL,60624,20.0,0.0,0.0,0.0,1,1,4,2017.0,1,3,4,8.0,30,1,1,1,2,2,1,1,1,0,2,2,1,7,5,2020,1.0,0.0,0.0,0.0,1.0,0,0,1,0,1,1,1
539,27172,CHICAGO,IL,60651,36.0,0.0,3.0,0.0,1,1,118,2002.0,2,4,1,1.0,30,1,1,2,1,1,2,1,2,0,3,3,9,3,5,2020,1.0,0.0,0.0,0.0,1.0,0,0,1,0,1,1,1
540,27173,CHICAGO,IL,60651,36.0,0.0,3.0,0.0,1,17,122,2018.0,2,1,1,4.0,30,1,1,2,1,1,2,1,2,0,3,3,9,3,5,2020,1.0,0.0,0.0,0.0,1.0,0,0,1,0,1,1,1
541,27174,CHICAGO,IL,60651,36.0,0.0,3.0,0.0,2,17,122,2016.0,2,1,5,7.0,30,1,1,2,1,1,2,1,2,0,3,3,9,3,5,2020,1.0,0.0,0.0,0.0,1.0,0,0,1,0,1,1,1