,index,CITY,STATE,ZIPCODE,AGE,EJECTION,DRIVER_ACTION,BAC_RESULT,UNIT_TYPE,MAKE,MODEL,VEHICLE_YEAR,VEHICLE_TYPE,TRAVEL_DIRECTION,MANEUVER,FIRST_CONTACT_POINT,POSTED_SPEED_LIMIT,TRAFFIC_CONTROL_DEVICE,DEVICE_CONDITION,WEATHER_CONDITION,LIGHTING_CONDITION,FIRST_CRASH_TYPE,TRAFFICWAY_TYPE,ALIGNMENT,ROADWAY_SURFACE_COND,ROAD_DEFECT,STREET_DIRECTION,NUM_UNITS,CRASH_HOUR,CRASH_DAY_OF_WEEK,CRASH_MONTH,CRASH_YEAR,FATAL_INBOTH,FATAL_CARPPL,FATAL_OTHPPL,FATAL_INAUTO,FATAL_DEGREE,DAMAGE_500_OR_LESS,DAMAGE_501_1500,DAMAGE_OVER_1500,SEX,INTERSECTION_RELATED,HIT_AND_RUN,REPORTYPE
649,33468,CHICAGO,IL,60609,25.0,0.0,0.0,0.0,1,1,6,2006.0,1,1,1,1.0,30,1,1,1,1,1,1,1,1,0,2,3,8,2,5,2020,1.0,0.0,0.0,0.0,2.0,0,0,1,0,1,1,1
650,33469,CHICAGO,IL,60609,25.0,0.0,0.0,0.0,1,5,13,2020.0,1,4,1,5.0,30,1,1,1,1,1,1,1,1,0,2,3,8,2,5,2020,1.0,0.0,0.0,0.0,2.0,0,0,1,0,1,1,1
651,33470,CHICAGO,IL,60609,25.0,0.0,0.0,0.0,2,17,52,2007.0,-1,2,5,3.0,30,1,1,1,1,1,1,1,1,0,2,3,8,2,5,2020,1.0,0.0,0.0,0.0,2.0,0,0,1,0,1,1,1
652,33637,CHICAGO,IL,60629,49.0,0.0,0.0,0.0,1,8,16,2020.0,1,2,2,8.0,30,2,1,1,1,2,4,1,1,0,4,2,17,3,5,2020,0.0,1.0,0.0,0.0,0.0,0,1,0,1,1,1,1
653,33779,CHICAGO,IL,60632,24.0,0.0,1.0,0.0,1,13,36,2007.0,1,3,7,-1.0,30,1,1,1,1,6,1,1,1,0,1,3,17,3,5,2020,1.0,0.0,0.0,0.0,0.0,0,0,1,0,1,1,1
654,33780,CHICAGO,IL,60632,24.0,0.0,1.0,0.0,1,4,5,2013.0,1,1,1,2.0,30,1,1,1,1,6,1,1,1,0,1,3,17,3,5,2020,1.0,0.0,0.0,0.0,0.0,0,0,1,0,1,1,1
655,33781,CHICAGO,IL,60632,24.0,0.0,1.0,0.0,1,4,1,2014.0,1,4,7,1.0,30,1,1,1,1,6,1,1,1,0,1,3,17,3,5,2020,1.0,0.0,0.0,0.0,0.0,0,0,1,0,1,1,1
656,33782,CHICAGO,IL,60629,16.0,0.0,1.0,0.0,1,13,36,2007.0,1,3,7,-1.0,30,1,1,1,1,6,1,1,1,0,1,3,17,3,5,2020,1.0,0.0,0.0,0.0,0.0,0,0,1,1,1,1,1
657,33783,CHICAGO,IL,60629,16.0,0.0,1.0,0.0,1,4,5,2013.0,1,1,1,2.0,30,1,1,1,1,6,1,1,1,0,1,3,17,3,5,2020,1.0,0.0,0.0,0.0,0.0,0,0,1,1,1,1,1
658,33784,CHICAGO,IL,60629,16.0,0.0,1.0,0.0,1,4,1,2014.0,1,4,7,1.0,30,1,1,1,1,6,1,1,1,0,1,3,17,3,5,2020,1.0,0.0,0.0,0.0,0.0,0,0,1,1,1,1,1
659,33820,CHICAGO,IL,60619,36.0,0.0,5.0,0.0,1,2,31,2003.0,4,5,1,2.0,30,1,1,1,1,4,0,1,1,0,1,4,12,2,5,2020,1.0,0.0,0.0,0.0,1.0,0,0,1,1,1,1,1
660,33821,CHICAGO,IL,60619,36.0,0.0,5.0,0.0,1,-1,2,2010.0,-1,5,1,1.0,30,1,1,1,1,4,0,1,1,0,1,4,12,2,5,2020,1.0,0.0,0.0,0.0,1.0,0,0,1,1,1,1,1
661,33822,CHICAGO,IL,60619,36.0,0.0,5.0,0.0,1,4,50,2012.0,1,5,1,6.0,30,1,1,1,1,4,0,1,1,0,1,4,12,2,5,2020,1.0,0.0,0.0,0.0,1.0,0,0,1,1,1,1,1
662,33824,CHICAGO,IL,60617,21.0,0.0,0.0,0.0,1,2,31,2003.0,4,5,1,2.0,30,1,1,1,1,4,0,1,1,0,1,4,12,2,5,2020,1.0,0.0,0.0,0.0,1.0,0,0,1,0,1,1,1
663,33825,CHICAGO,IL,60617,21.0,0.0,0.0,0.0,1,-1,2,2010.0,-1,5,1,1.0,30,1,1,1,1,4,0,1,1,0,1,4,12,2,5,2020,1.0,0.0,0.0,0.0,1.0,0,0,1,0,1,1,1
664,33826,CHICAGO,IL,60617,21.0,0.0,0.0,0.0,1,4,50,2012.0,1,5,1,6.0,30,1,1,1,1,4,0,1,1,0,1,4,12,2,5,2020,1.0,0.0,0.0,0.0,1.0,0,0,1,0,1,1,1
665,33828,CHICAGO,IL,60617,25.0,0.0,0.0,0.0,1,2,31,2003.0,4,5,1,2.0,30,1,1,1,1,4,0,1,1,0,1,4,12,2,5,2020,1.0,0.0,0.0,0.0,1.0,0,0,1,1,1,1,1
666,33829,CHICAGO,IL,60617,25.0,0.0,0.0,0.0,1,-1,2,2010.0,-1,5,1,1.0,30,1,1,1,1,4,0,1,1,0,1,4,12,2,5,2020,1.0,0.0,0.0,0.0,1.0,0,0,1,1,1,1,1
667,33830,CHICAGO,IL,60617,25.0,0.0,0.0,0.0,1,4,50,2012.0,1,5,1,6.0,30,1,1,1,1,4,0,1,1,0,1,4,12,2,5,2020,1.0,0.0,0.0,0.0,1.0,0,0,1,1,1,1,1
668,33893,CHICAGO,IL,60637,0.0,0.0,0.0,0.0,1,9,42,2002.0,1,3,1,10.0,30,2,0,1,1,12,4,1,1,0,1,2,16,2,5,2020,1.0,0.0,0.0,0.0,0.0,0,0,1,0,1,1,1
669,34046,UNK,XX,0,38.0,-1.0,-1.0,0.0,1,-1,1,2010.0,-1,3,1,-1.0,30,1,1,1,1,6,1,1,1,0,1,2,18,2,5,2020,1.0,0.0,0.0,0.0,3.0,0,0,1,1,1,1,1
670,34047,UNK,XX,0,38.0,-1.0,-1.0,0.0,1,17,122,2016.0,1,1,1,1.0,30,1,1,1,1,6,1,1,1,0,1,2,18,2,5,2020,1.0,0.0,0.0,0.0,3.0,0,0,1,1,1,1,1
671,34048,CHICAGO,IL,60622,31.0,0.0,2.0,0.0,1,-1,1,2010.0,-1,3,1,-1.0,30,1,1,1,1,6,1,1,1,0,1,2,18,2,5,2020,1.0,0.0,0.0,0.0,3.0,0,0,1,1,1,1,1
672,34049,CHICAGO,IL,60622,31.0,0.0,2.0,0.0,1,17,122,2016.0,1,1,1,1.0,30,1,1,1,1,6,1,1,1,0,1,2,18,2,5,2020,1.0,0.0,0.0,0.0,3.0,0,0,1,1,1,1,1
673,34295,CHICAGO,IL,60623,34.0,0.0,0.0,0.0,1,5,13,2000.0,1,3,1,8.0,30,1,1,1,1,1,1,1,1,0,1,2,5,4,5,2020,1.0,0.0,0.0,0.0,0.0,0,0,1,1,1,1,1
674,34438,CHICAGO,IL,60644,13.0,0.0,3.0,0.0,1,6,22,1998.0,3,2,1,1.0,30,1,1,1,1,1,1,1,1,0,1,2,13,4,5,2020,1.0,0.0,0.0,0.0,3.0,0,0,1,1,1,1,1
675,34439,CHICAGO,IL,60644,13.0,0.0,3.0,0.0,1,7,25,2017.0,2,1,1,5.0,30,1,1,1,1,1,1,1,1,0,1,2,13,4,5,2020,1.0,0.0,0.0,0.0,3.0,0,0,1,1,1,1,1
676,34440,ARLINGTON_HEIGHTS,IL,60004,34.0,0.0,0.0,0.0,1,6,22,1998.0,3,2,1,1.0,30,1,1,1,1,1,1,1,1,0,1,2,13,4,5,2020,1.0,0.0,0.0,0.0,3.0,0,0,1,1,1,1,1
677,34441,ARLINGTON_HEIGHTS,IL,60004,34.0,0.0,0.0,0.0,1,7,25,2017.0,2,1,1,5.0,30,1,1,1,1,1,1,1,1,0,1,2,13,4,5,2020,1.0,0.0,0.0,0.0,3.0,0,0,1,1,1,1,1
678,34702,CHICAGO,IL,60651,24.0,0.0,6.0,0.0,1,1,4,2018.0,1,4,1,1.0,30,1,1,1,1,6,0,1,1,0,2,4,12,3,5,2020,1.0,0.0,0.0,0.0,2.0,0,0,1,1,1,1,1
679,34703,CHICAGO,IL,60651,24.0,0.0,6.0,0.0,1,1,54,2019.0,1,2,3,1.0,30,1,1,1,1,6,0,1,1,0,2,4,12,3,5,2020,1.0,0.0,0.0,0.0,2.0,0,0,1,1,1,1,1
680,34704,CHICAGO,IL,60651,24.0,0.0,6.0,0.0,1,1,4,2007.0,1,4,6,3.0,30,1,1,1,1,6,0,1,1,0,2,4,12,3,5,2020,1.0,0.0,0.0,0.0,2.0,0,0,1,1,1,1,1
681,34705,CHICAGO,IL,60651,24.0,0.0,6.0,0.0,2,9,98,2014.0,1,3,5,7.0,30,1,1,1,1,6,0,1,1,0,2,4,12,3,5,2020,1.0,0.0,0.0,0.0,2.0,0,0,1,1,1,1,1
682,34706,WOODSTOCK,IL,60098,61.0,0.0,0.0,0.0,1,1,4,2018.0,1,4,1,1.0,30,1,1,1,1,6,0,1,1,0,2,4,12,3,5,2020,1.0,0.0,0.0,0.0,2.0,0,0,1,1,1,1,1
683,34707,WOODSTOCK,IL,60098,61.0,0.0,0.0,0.0,1,1,54,2019.0,1,2,3,1.0,30,1,1,1,1,6,0,1,1,0,2,4,12,3,5,2020,1.0,0.0,0.0,0.0,2.0,0,0,1,1,1,1,1
684,34708,WOODSTOCK,IL,60098,61.0,0.0,0.0,0.0,1,1,4,2007.0,1,4,6,3.0,30,1,1,1,1,6,0,1,1,0,2,4,12,3,5,2020,1.0,0.0,0.0,0.0,2.0,0,0,1,1,1,1,1
685,34709,WOODSTOCK,IL,60098,61.0,0.0,0.0,0.0,2,9,98,2014.0,1,3,5,7.0,30,1,1,1,1,6,0,1,1,0,2,4,12,3,5,2020,1.0,0.0,0.0,0.0,2.0,0,0,1,1,1,1,1
686,34710,UNK,XX,0,36.9,0.0,6.0,0.0,1,1,4,2018.0,1,4,1,1.0,30,1,1,1,1,6,0,1,1,0,2,4,12,3,5,2020,1.0,0.0,0.0,0.0,2.0,0,0,1,1,1,1,1
687,34711,UNK,XX,0,36.9,0.0,6.0,0.0,1,1,54,2019.0,1,2,3,1.0,30,1,1,1,1,6,0,1,1,0,2,4,12,3,5,2020,1.0,0.0,0.0,0.0,2.0,0,0,1,1,1,1,1
688,34712,UNK,XX,0,36.9,0.0,6.0,0.0,1,1,4,2007.0,1,4,6,3.0,30,1,1,1,1,6,0,1,1,0,2,4,12,3,5,2020,1.0,0.0,0.0,0.0,2.0,0,0,1,1,1,1,1
689,34713,UNK,XX,0,36.9,0.0,6.0,0.0,2,9,98,2014.0,1,3,5,7.0,30,1,1,1,1,6,0,1,1,0,2,4,12,3,5,2020,1.0,0.0,0.0,0.0,2.0,0,0,1,1,1,1,1
690,34795,CHICAGO,IL,60639,39.0,0.0,0.0,0.0,1,4,228,2019.0,1,4,3,3.0,30,1,1,1,1,2,0,1,1,0,2,2,17,3,5,2020,0.0,1.0,0.0,0.0,0.0,0,0,1,0,1,1,0
691,34925,CHICAGO,IL,60626,51.0,0.0,0.0,0.0,1,1,1,1999.0,4,2,2,1.0,30,1,1,1,3,2,1,1,1,0,2,2,20,3,5,2020,0.0,1.0,0.0,0.0,0.0,0,0,1,1,1,1,1
692,34926,CHICAGO,IL,60626,51.0,0.0,0.0,0.0,1,3,40,2010.0,1,4,1,7.0,30,1,1,1,3,2,1,1,1,0,2,2,20,3,5,2020,0.0,1.0,0.0,0.0,0.0,0,0,1,1,1,1,1
693,35070,UNK,XX,0,36.9,0.0,3.0,0.0,1,1,20,2013.0,1,2,1,1.0,30,2,1,1,2,1,1,1,1,0,1,4,23,3,5,2020,1.0,0.0,0.0,0.0,2.0,0,0,1,1,1,1,1
694,35071,UNK,XX,0,36.9,0.0,3.0,0.0,1,4,5,2003.0,1,3,1,6.0,30,2,1,1,2,1,1,1,1,0,1,4,23,3,5,2020,1.0,0.0,0.0,0.0,2.0,0,0,1,1,1,1,1
695,35072,UNK,XX,0,36.9,0.0,3.0,0.0,2,1,135,2002.0,4,1,5,1.0,30,2,1,1,2,1,1,1,1,0,1,4,23,3,5,2020,1.0,0.0,0.0,0.0,2.0,0,0,1,1,1,1,1
696,35073,UNK,XX,0,36.9,0.0,3.0,0.0,2,1,4,2017.0,1,1,5,1.0,30,2,1,1,2,1,1,1,1,0,1,4,23,3,5,2020,1.0,0.0,0.0,0.0,2.0,0,0,1,1,1,1,1
697,35074,ELK_GROVE_VILLAGE,IL,60007,33.0,0.0,3.0,0.0,1,1,20,2013.0,1,2,1,1.0,30,2,1,1,2,1,1,1,1,0,1,4,23,3,5,2020,1.0,0.0,0.0,0.0,2.0,0,0,1,0,1,1,1
698,35075,ELK_GROVE_VILLAGE,IL,60007,33.0,0.0,3.0,0.0,1,4,5,2003.0,1,3,1,6.0,30,2,1,1,2,1,1,1,1,0,1,4,23,3,5,2020,1.0,0.0,0.0,0.0,2.0,0,0,1,0,1,1,1
699,35076,ELK_GROVE_VILLAGE,IL,60007,33.0,0.0,3.0,0.0,2,1,135,2002.0,4,1,5,1.0,30,2,1,1,2,1,1,1,1,0,1,4,23,3,5,2020,1.0,0.0,0.0,0.0,2.0,0,0,1,0,1,1,1
700,35077,ELK_GROVE_VILLAGE,IL,60007,33.0,0.0,3.0,0.0,2,1,4,2017.0,1,1,5,1.0,30,2,1,1,2,1,1,1,1,0,1,4,23,3,5,2020,1.0,0.0,0.0,0.0,2.0,0,0,1,0,1,1,1
701,35151,UNK,XX,0,36.0,0.0,3.0,0.0,1,13,72,2007.0,1,4,1,3.0,35,1,1,1,1,2,1,1,1,0,2,2,18,4,5,2020,1.0,0.0,0.0,0.0,1.0,0,0,1,1,1,1,1
702,35152,UNK,XX,0,36.0,0.0,3.0,0.0,1,19,238,2004.0,1,1,2,4.0,35,1,1,1,1,2,1,1,1,0,2,2,18,4,5,2020,1.0,0.0,0.0,0.0,1.0,0,0,1,1,1,1,1
703,35153,CHICAGO,IL,60620,30.0,0.0,-1.0,0.0,1,13,72,2007.0,1,4,1,3.0,35,1,1,1,1,2,1,1,1,0,2,2,18,4,5,2020,1.0,0.0,0.0,0.0,1.0,0,0,1,0,1,1,1
704,35154,CHICAGO,IL,60620,30.0,0.0,-1.0,0.0,1,19,238,2004.0,1,1,2,4.0,35,1,1,1,1,2,1,1,1,0,2,2,18,4,5,2020,1.0,0.0,0.0,0.0,1.0,0,0,1,0,1,1,1
705,35529,CHICAGO,IL,60609,25.0,0.0,3.0,0.0,1,18,307,1988.0,1,4,1,10.0,30,2,1,1,1,1,1,1,1,0,1,2,7,4,5,2020,0.0,1.0,0.0,0.0,0.0,0,0,1,0,1,0,1
706,35530,CHICAGO,IL,60609,25.0,0.0,3.0,0.0,1,11,75,2001.0,1,3,1,1.0,30,2,1,1,1,1,1,1,1,0,1,2,7,4,5,2020,0.0,1.0,0.0,0.0,0.0,0,0,1,0,1,0,1
707,35531,CHICAGO,IL,60608,28.0,0.0,0.0,0.0,1,18,307,1988.0,1,4,1,10.0,30,2,1,1,1,1,1,1,1,0,1,2,7,4,5,2020,0.0,1.0,0.0,0.0,0.0,0,0,1,1,1,0,1
708,35532,CHICAGO,IL,60608,28.0,0.0,0.0,0.0,1,11,75,2001.0,1,3,1,1.0,30,2,1,1,1,1,1,1,1,0,1,2,7,4,5,2020,0.0,1.0,0.0,0.0,0.0,0,0,1,1,1,0,1
709,36449,CHICAGO,IL,60630,36.0,-1.0,5.0,0.0,1,-1,39,2010.0,-1,3,12,-1.0,30,1,1,1,2,2,1,1,1,0,1,2,22,2,5,2020,1.0,0.0,0.0,0.0,1.0,0,0,1,0,1,1,1
710,36450,CHICAGO,IL,60630,36.0,-1.0,5.0,0.0,1,1,77,2013.0,1,3,1,4.0,30,1,1,1,2,2,1,1,1,0,1,2,22,2,5,2020,1.0,0.0,0.0,0.0,1.0,0,0,1,0,1,1,1
711,36451,CHICAGO,IL,60651,48.0,0.0,0.0,0.0,1,-1,39,2010.0,-1,3,12,-1.0,30,1,1,1,2,2,1,1,1,0,1,2,22,2,5,2020,1.0,0.0,0.0,0.0,1.0,0,0,1,1,1,1,1
712,36452,CHICAGO,IL,60651,48.0,0.0,0.0,0.0,1,1,77,2013.0,1,3,1,4.0,30,1,1,1,2,2,1,1,1,0,1,2,22,2,5,2020,1.0,0.0,0.0,0.0,1.0,0,0,1,1,1,1,1
713,36490,CHICAGO,IL,60618,36.0,0.0,2.0,0.0,1,5,13,2014.0,1,4,1,4.0,30,1,1,1,1,1,6,1,1,-1,2,6,13,6,5,2020,1.0,0.0,0.0,0.0,1.0,0,0,1,1,1,1,1
714,36491,CHICAGO,IL,60618,36.0,0.0,2.0,0.0,1,2,188,2004.0,1,1,1,1.0,30,1,1,1,1,1,6,1,1,-1,2,6,13,6,5,2020,1.0,0.0,0.0,0.0,1.0,0,0,1,1,1,1,1
715,36492,CHICAGO,IL,60618,36.0,0.0,2.0,0.0,1,1,49,2010.0,4,6,2,1.0,30,1,1,1,1,1,6,1,1,-1,2,6,13,6,5,2020,1.0,0.0,0.0,0.0,1.0,0,0,1,1,1,1,1
716,36493,CHICAGO,IL,60618,36.0,0.0,2.0,0.0,1,2,9,2010.0,1,4,1,5.0,30,1,1,1,1,1,6,1,1,-1,2,6,13,6,5,2020,1.0,0.0,0.0,0.0,1.0,0,0,1,1,1,1,1
717,36494,CHICAGO,IL,60618,36.0,0.0,2.0,0.0,1,8,55,2010.0,1,2,1,5.0,30,1,1,1,1,1,6,1,1,-1,2,6,13,6,5,2020,1.0,0.0,0.0,0.0,1.0,0,0,1,1,1,1,1
718,36495,CHICAGO,IL,60618,36.0,0.0,2.0,0.0,1,21,60,2016.0,4,2,1,3.0,30,1,1,1,1,1,6,1,1,-1,2,6,13,6,5,2020,1.0,0.0,0.0,0.0,1.0,0,0,1,1,1,1,1
719,36496,AURORA,IL,60505,31.0,0.0,0.0,0.0,1,5,13,2014.0,1,4,1,4.0,30,1,1,1,1,1,6,1,1,-1,2,6,13,6,5,2020,1.0,0.0,0.0,0.0,1.0,0,0,1,1,1,1,1
720,36497,AURORA,IL,60505,31.0,0.0,0.0,0.0,1,2,188,2004.0,1,1,1,1.0,30,1,1,1,1,1,6,1,1,-1,2,6,13,6,5,2020,1.0,0.0,0.0,0.0,1.0,0,0,1,1,1,1,1
721,36498,AURORA,IL,60505,31.0,0.0,0.0,0.0,1,1,49,2010.0,4,6,2,1.0,30,1,1,1,1,1,6,1,1,-1,2,6,13,6,5,2020,1.0,0.0,0.0,0.0,1.0,0,0,1,1,1,1,1
722,36499,AURORA,IL,60505,31.0,0.0,0.0,0.0,1,2,9,2010.0,1,4,1,5.0,30,1,1,1,1,1,6,1,1,-1,2,6,13,6,5,2020,1.0,0.0,0.0,0.0,1.0,0,0,1,1,1,1,1
723,36500,AURORA,IL,60505,31.0,0.0,0.0,0.0,1,8,55,2010.0,1,2,1,5.0,30,1,1,1,1,1,6,1,1,-1,2,6,13,6,5,2020,1.0,0.0,0.0,0.0,1.0,0,0,1,1,1,1,1
724,36501,AURORA,IL,60505,31.0,0.0,0.0,0.0,1,21,60,2016.0,4,2,1,3.0,30,1,1,1,1,1,6,1,1,-1,2,6,13,6,5,2020,1.0,0.0,0.0,0.0,1.0,0,0,1,1,1,1,1
725,36502,BELLWOOD,IL,60104,40.0,0.0,0.0,0.0,1,5,13,2014.0,1,4,1,4.0,30,1,1,1,1,1,6,1,1,-1,2,6,13,6,5,2020,1.0,0.0,0.0,0.0,1.0,0,0,1,1,1,1,1
726,36503,BELLWOOD,IL,60104,40.0,0.0,0.0,0.0,1,2,188,2004.0,1,1,1,1.0,30,1,1,1,1,1,6,1,1,-1,2,6,13,6,5,2020,1.0,0.0,0.0,0.0,1.0,0,0,1,1,1,1,1
727,36504,BELLWOOD,IL,60104,40.0,0.0,0.0,0.0,1,1,49,2010.0,4,6,2,1.0,30,1,1,1,1,1,6,1,1,-1,2,6,13,6,5,2020,1.0,0.0,0.0,0.0,1.0,0,0,1,1,1,1,1
728,36505,BELLWOOD,IL,60104,40.0,0.0,0.0,0.0,1,2,9,2010.0,1,4,1,5.0,30,1,1,1,1,1,6,1,1,-1,2,6,13,6,5,2020,1.0,0.0,0.0,0.0,1.0,0,0,1,1,1,1,1
729,36506,BELLWOOD,IL,60104,40.0,0.0,0.0,0.0,1,8,55,2010.0,1,2,1,5.0,30,1,1,1,1,1,6,1,1,-1,2,6,13,6,5,2020,1.0,0.0,0.0,0.0,1.0,0,0,1,1,1,1,1
730,36507,BELLWOOD,IL,60104,40.0,0.0,0.0,0.0,1,21,60,2016.0,4,2,1,3.0,30,1,1,1,1,1,6,1,1,-1,2,6,13,6,5,2020,1.0,0.0,0.0,0.0,1.0,0,0,1,1,1,1,1
731,36508,CHICAGO,IL,60618,36.0,0.0,0.0,0.0,1,5,13,2014.0,1,4,1,4.0,30,1,1,1,1,1,6,1,1,-1,2,6,13,6,5,2020,1.0,0.0,0.0,0.0,1.0,0,0,1,1,1,1,1
732,36509,CHICAGO,IL,60618,36.0,0.0,0.0,0.0,1,2,188,2004.0,1,1,1,1.0,30,1,1,1,1,1,6,1,1,-1,2,6,13,6,5,2020,1.0,0.0,0.0,0.0,1.0,0,0,1,1,1,1,1
733,36510,CHICAGO,IL,60618,36.0,0.0,0.0,0.0,1,1,49,2010.0,4,6,2,1.0,30,1,1,1,1,1,6,1,1,-1,2,6,13,6,5,2020,1.0,0.0,0.0,0.0,1.0,0,0,1,1,1,1,1
734,36511,CHICAGO,IL,60618,36.0,0.0,0.0,0.0,1,2,9,2010.0,1,4,1,5.0,30,1,1,1,1,1,6,1,1,-1,2,6,13,6,5,2020,1.0,0.0,0.0,0.0,1.0,0,0,1,1,1,1,1
735,36512,CHICAGO,IL,60618,36.0,0.0,0.0,0.0,1,8,55,2010.0,1,2,1,5.0,30,1,1,1,1,1,6,1,1,-1,2,6,13,6,5,2020,1.0,0.0,0.0,0.0,1.0,0,0,1,1,1,1,1
736,36513,CHICAGO,IL,60618,36.0,0.0,0.0,0.0,1,21,60,2016.0,4,2,1,3.0,30,1,1,1,1,1,6,1,1,-1,2,6,13,6,5,2020,1.0,0.0,0.0,0.0,1.0,0,0,1,1,1,1,1
737,36514,CHICAGO,IL,60634,59.0,0.0,0.0,0.0,1,5,13,2014.0,1,4,1,4.0,30,1,1,1,1,1,6,1,1,-1,2,6,13,6,5,2020,1.0,0.0,0.0,0.0,1.0,0,0,1,1,1,1,1
738,36515,CHICAGO,IL,60634,59.0,0.0,0.0,0.0,1,2,188,2004.0,1,1,1,1.0,30,1,1,1,1,1,6,1,1,-1,2,6,13,6,5,2020,1.0,0.0,0.0,0.0,1.0,0,0,1,1,1,1,1
739,36516,CHICAGO,IL,60634,59.0,0.0,0.0,0.0,1,1,49,2010.0,4,6,2,1.0,30,1,1,1,1,1,6,1,1,-1,2,6,13,6,5,2020,1.0,0.0,0.0,0.0,1.0,0,0,1,1,1,1,1
740,36517,CHICAGO,IL,60634,59.0,0.0,0.0,0.0,1,2,9,2010.0,1,4,1,5.0,30,1,1,1,1,1,6,1,1,-1,2,6,13,6,5,2020,1.0,0.0,0.0,0.0,1.0,0,0,1,1,1,1,1
741,36518,CHICAGO,IL,60634,59.0,0.0,0.0,0.0,1,8,55,2010.0,1,2,1,5.0,30,1,1,1,1,1,6,1,1,-1,2,6,13,6,5,2020,1.0,0.0,0.0,0.0,1.0,0,0,1,1,1,1,1
742,36519,CHICAGO,IL,60634,59.0,0.0,0.0,0.0,1,21,60,2016.0,4,2,1,3.0,30,1,1,1,1,1,6,1,1,-1,2,6,13,6,5,2020,1.0,0.0,0.0,0.0,1.0,0,0,1,1,1,1,1
743,36520,GLEN_ELLYN,IL,60137,49.0,-1.0,0.0,0.0,1,5,13,2014.0,1,4,1,4.0,30,1,1,1,1,1,6,1,1,-1,2,6,13,6,5,2020,1.0,0.0,0.0,0.0,1.0,0,0,1,1,1,1,1
744,36521,GLEN_ELLYN,IL,60137,49.0,-1.0,0.0,0.0,1,2,188,2004.0,1,1,1,1.0,30,1,1,1,1,1,6,1,1,-1,2,6,13,6,5,2020,1.0,0.0,0.0,0.0,1.0,0,0,1,1,1,1,1
745,36522,GLEN_ELLYN,IL,60137,49.0,-1.0,0.0,0.0,1,1,49,2010.0,4,6,2,1.0,30,1,1,1,1,1,6,1,1,-1,2,6,13,6,5,2020,1.0,0.0,0.0,0.0,1.0,0,0,1,1,1,1,1
746,36523,GLEN_ELLYN,IL,60137,49.0,-1.0,0.0,0.0,1,2,9,2010.0,1,4,1,5.0,30,1,1,1,1,1,6,1,1,-1,2,6,13,6,5,2020,1.0,0.0,0.0,0.0,1.0,0,0,1,1,1,1,1
747,36524,GLEN_ELLYN,IL,60137,49.0,-1.0,0.0,0.0,1,8,55,2010.0,1,2,1,5.0,30,1,1,1,1,1,6,1,1,-1,2,6,13,6,5,2020,1.0,0.0,0.0,0.0,1.0,0,0,1,1,1,1,1
748,36525,GLEN_ELLYN,IL,60137,49.0,-1.0,0.0,0.0,1,21,60,2016.0,4,2,1,3.0,30,1,1,1,1,1,6,1,1,-1,2,6,13,6,5,2020,1.0,0.0,0.0,0.0,1.0,0,0,1,1,1,1,1
749,36727,CHICAGO,IL,60618,36.0,0.0,1.0,0.0,1,10,26,2013.0,1,1,1,1.0,30,2,0,1,1,6,0,1,2,0,1,2,15,5,5,2020,1.0,0.0,0.0,0.0,1.0,0,0,1,1,1,0,1
750,36728,CHICAGO,IL,60618,36.0,0.0,1.0,0.0,1,5,7,2007.0,1,3,1,4.0,30,2,0,1,1,6,0,1,2,0,1,2,15,5,5,2020,1.0,0.0,0.0,0.0,1.0,0,0,1,1,1,0,1
751,36729,DOLTON,IL,60419,27.0,0.0,0.0,0.0,1,10,26,2013.0,1,1,1,1.0,30,2,0,1,1,6,0,1,2,0,1,2,15,5,5,2020,1.0,0.0,0.0,0.0,1.0,0,0,1,1,1,0,1
752,36730,DOLTON,IL,60419,27.0,0.0,0.0,0.0,1,5,7,2007.0,1,3,1,4.0,30,2,0,1,1,6,0,1,2,0,1,2,15,5,5,2020,1.0,0.0,0.0,0.0,1.0,0,0,1,1,1,0,1
753,37179,CHICAGO,IL,60616,22.0,0.0,0.0,0.0,1,3,3,2010.0,1,4,1,5.0,30,1,1,1,4,1,1,1,1,0,1,2,0,7,5,2020,0.0,1.0,0.0,0.0,0.0,0,0,1,1,1,1,1
754,37180,CHICAGO,IL,60616,22.0,0.0,0.0,0.0,1,25,114,2016.0,1,1,1,1.0,30,1,1,1,4,1,1,1,1,0,1,2,0,7,5,2020,0.0,1.0,0.0,0.0,0.0,0,0,1,1,1,1,1
755,37247,CHICAGO,IL,60616,38.0,0.0,3.0,0.0,1,18,105,2001.0,-1,4,1,1.0,30,1,1,1,1,2,2,1,1,0,2,2,12,7,5,2020,1.0,0.0,0.0,0.0,3.0,0,0,1,1,1,1,1
756,37251,CHICAGO,IL,60616,48.0,0.0,0.0,0.0,1,18,105,2001.0,-1,4,1,1.0,30,1,1,1,1,2,2,1,1,0,2,2,12,7,5,2020,1.0,0.0,0.0,0.0,3.0,0,0,1,0,1,1,1