,index,CITY,STATE,ZIPCODE,AGE,EJECTION,DRIVER_ACTION,BAC_RESULT,UNIT_TYPE,MAKE,MODEL,VEHICLE_YEAR,VEHICLE_TYPE,TRAVEL_DIRECTION,MANEUVER,FIRST_CONTACT_POINT,POSTED_SPEED_LIMIT,TRAFFIC_CONTROL_DEVICE,DEVICE_CONDITION,WEATHER_CONDITION,LIGHTING_CONDITION,FIRST_CRASH_TYPE,TRAFFICWAY_TYPE,ALIGNMENT,ROADWAY_SURFACE_COND,ROAD_DEFECT,STREET_DIRECTION,NUM_UNITS,CRASH_HOUR,CRASH_DAY_OF_WEEK,CRASH_MONTH,CRASH_YEAR,FATAL_INBOTH,FATAL_CARPPL,FATAL_OTHPPL,FATAL_INAUTO,FATAL_DEGREE,DAMAGE_500_OR_LESS,DAMAGE_501_1500,DAMAGE_OVER_1500,SEX,INTERSECTION_RELATED,HIT_AND_RUN,REPORTYPE
757,37252,CHICAGO,IL,60616,48.0,0.0,0.0,0.0,1,1,195,2008.0,3,6,2,3.0,30,1,1,1,1,2,2,1,1,0,2,2,12,7,5,2020,1.0,0.0,0.0,0.0,3.0,0,0,1,0,1,1,1
758,37551,CHICAGO,IL,60647,22.0,0.0,0.0,0.0,1,2,1,2020.0,3,1,1,6.0,30,1,1,1,1,1,1,1,2,0,3,2,11,6,5,2020,0.0,1.0,0.0,0.0,0.0,0,1,0,1,1,1,1
759,37678,CHICAGO,IL,60620,30.0,0.0,0.0,0.0,1,-1,39,2010.0,1,3,1,-1.0,30,2,1,1,1,9,1,1,1,0,1,2,14,6,5,2020,0.0,0.0,0.0,1.0,1.0,1,0,0,1,1,1,1
760,37811,ADDISON,IL,60101,33.0,0.0,0.0,0.0,1,2,220,2017.0,1,2,1,11.0,30,2,1,1,1,2,0,1,1,0,2,2,16,6,5,2020,0.0,1.0,0.0,0.0,0.0,0,0,1,1,1,1,1
761,37836,CHICAGO,IL,60625,50.0,0.0,0.0,0.0,1,3,12,2020.0,1,4,1,7.0,30,1,1,1,1,4,1,1,1,0,2,2,17,6,5,2020,0.0,1.0,0.0,0.0,0.0,0,1,0,1,1,1,1
762,37865,MIDLOTHIAN,IL,60445,19.0,-1.0,3.0,0.0,1,5,1,2007.0,6,3,1,6.0,30,1,1,1,1,1,1,1,1,0,1,2,15,6,5,2020,1.0,0.0,0.0,0.0,3.0,0,0,1,1,1,1,1
763,37866,MIDLOTHIAN,IL,60445,19.0,-1.0,3.0,0.0,1,9,37,2017.0,1,2,1,1.0,30,1,1,1,1,1,1,1,1,0,1,2,15,6,5,2020,1.0,0.0,0.0,0.0,3.0,0,0,1,1,1,1,1
764,37867,CHICAGO,IL,60617,18.0,0.0,0.0,0.0,1,5,1,2007.0,6,3,1,6.0,30,1,1,1,1,1,1,1,1,0,1,2,15,6,5,2020,1.0,0.0,0.0,0.0,3.0,0,0,1,1,1,1,1
765,37868,CHICAGO,IL,60617,18.0,0.0,0.0,0.0,1,9,37,2017.0,1,2,1,1.0,30,1,1,1,1,1,1,1,1,0,1,2,15,6,5,2020,1.0,0.0,0.0,0.0,3.0,0,0,1,1,1,1,1
766,38292,CHICAGO,IL,60610,24.0,0.0,0.0,0.0,1,6,85,2019.0,1,4,1,1.0,30,1,1,1,1,1,0,1,1,0,3,2,14,1,5,2020,0.0,1.0,0.0,0.0,0.0,0,0,1,0,1,1,1
767,38293,CHICAGO,IL,60610,24.0,0.0,0.0,0.0,1,18,91,2013.0,2,1,1,10.0,30,1,1,1,1,1,0,1,1,0,3,2,14,1,5,2020,0.0,1.0,0.0,0.0,0.0,0,0,1,0,1,1,1
768,38360,CHICAGO,IL,60624,23.0,-1.0,5.0,0.0,1,1,4,2006.0,1,7,15,8.0,40,1,1,1,1,2,0,1,1,0,3,2,14,5,5,2020,1.0,0.0,0.0,0.0,2.0,0,0,1,1,1,0,1
769,38361,CHICAGO,IL,60624,23.0,-1.0,5.0,0.0,1,1,14,2020.0,1,1,1,4.0,40,1,1,1,1,2,0,1,1,0,3,2,14,5,5,2020,1.0,0.0,0.0,0.0,2.0,0,0,1,1,1,0,1
770,38362,CHICAGO,IL,60644,27.0,0.0,0.0,0.0,1,1,4,2006.0,1,7,15,8.0,40,1,1,1,1,2,0,1,1,0,3,2,14,5,5,2020,1.0,0.0,0.0,0.0,2.0,0,0,1,0,1,0,1
771,38363,CHICAGO,IL,60644,27.0,0.0,0.0,0.0,1,1,14,2020.0,1,1,1,4.0,40,1,1,1,1,2,0,1,1,0,3,2,14,5,5,2020,1.0,0.0,0.0,0.0,2.0,0,0,1,0,1,0,1
772,38413,CHICAGO,IL,60644,38.0,0.0,3.0,0.0,1,11,1,2004.0,-1,1,1,1.0,30,2,1,1,2,5,0,1,1,0,1,2,3,7,5,2020,1.0,0.0,0.0,0.0,3.0,0,0,1,0,1,1,1
773,38415,CHICAGO,IL,60644,59.0,-1.0,0.0,2.0,1,11,1,2004.0,-1,1,1,1.0,30,2,1,1,2,5,0,1,1,0,1,2,3,7,5,2020,0.0,0.0,0.0,0.0,3.0,0,0,1,1,1,1,1
774,38502,CHICAGO,IL,60634,38.0,0.0,0.0,0.0,1,7,10,2015.0,1,5,2,3.0,30,1,1,1,1,2,0,1,1,0,3,2,11,7,5,2020,0.0,1.0,0.0,0.0,0.0,0,1,0,0,1,1,0
775,38680,CHICAGO,IL,60628,36.9,0.0,2.0,0.0,1,-1,2,2011.0,-1,4,1,4.0,25,0,0,1,1,5,2,1,1,0,2,2,16,7,5,2020,1.0,0.0,0.0,0.0,2.0,1,0,0,1,1,1,1
776,38682,CHICAGO,IL,60645,57.0,-1.0,0.0,0.0,1,-1,2,2011.0,-1,4,1,4.0,25,0,0,1,1,5,2,1,1,0,2,2,16,7,5,2020,0.0,0.0,0.0,0.0,2.0,1,0,0,0,1,1,1
777,38889,WAUKEGAN,IL,60087,19.0,0.0,8.0,0.0,1,8,15,2007.0,1,3,2,5.0,30,0,0,1,2,2,3,1,1,0,1,2,22,7,5,2020,1.0,0.0,0.0,0.0,1.0,0,0,1,0,1,1,1
778,38890,WAUKEGAN,IL,60087,19.0,0.0,8.0,0.0,1,54,314,2006.0,1,3,2,4.0,30,0,0,1,2,2,3,1,1,0,1,2,22,7,5,2020,1.0,0.0,0.0,0.0,1.0,0,0,1,0,1,1,1
779,38891,CHICAGO,IL,60615,22.0,0.0,-1.0,0.0,1,8,15,2007.0,1,3,2,5.0,30,0,0,1,2,2,3,1,1,0,1,2,22,7,5,2020,1.0,0.0,0.0,0.0,1.0,0,0,1,1,1,1,1
780,38892,CHICAGO,IL,60615,22.0,0.0,-1.0,0.0,1,54,314,2006.0,1,3,2,4.0,30,0,0,1,2,2,3,1,1,0,1,2,22,7,5,2020,1.0,0.0,0.0,0.0,1.0,0,0,1,1,1,1,1
781,39021,DOLTON,IL,60419,29.0,0.0,0.0,0.0,1,12,32,2019.0,1,3,3,2.0,30,1,1,1,1,3,2,1,1,0,3,2,9,6,5,2020,0.0,1.0,0.0,0.0,0.0,0,1,0,1,0,1,1
782,39188,CHICAGO,IL,60644,32.0,-1.0,9.0,0.0,1,1,54,2019.0,4,1,4,3.0,30,2,1,1,5,10,4,4,1,0,2,1,5,2,6,2020,1.0,0.0,0.0,0.0,2.0,0,0,1,1,1,1,1
783,39277,CHICAGO,IL,60644,38.0,0.0,3.0,0.0,1,3,3,2010.0,1,3,1,1.0,30,1,1,1,1,1,1,1,1,-1,1,2,16,1,5,2020,1.0,0.0,0.0,0.0,3.0,0,0,1,0,1,1,0
784,39278,CHICAGO,IL,60644,38.0,0.0,3.0,0.0,1,2,71,2018.0,1,2,1,5.0,30,1,1,1,1,1,1,1,1,-1,1,2,16,1,5,2020,1.0,0.0,0.0,0.0,3.0,0,0,1,0,1,1,0
785,39279,CHICAGO,IL,60655,30.0,0.0,0.0,0.0,1,3,3,2010.0,1,3,1,1.0,30,1,1,1,1,1,1,1,1,-1,1,2,16,1,5,2020,1.0,0.0,0.0,0.0,3.0,0,0,1,0,1,1,0
786,39280,CHICAGO,IL,60655,30.0,0.0,0.0,0.0,1,2,71,2018.0,1,2,1,5.0,30,1,1,1,1,1,1,1,1,-1,1,2,16,1,5,2020,1.0,0.0,0.0,0.0,3.0,0,0,1,0,1,1,0
787,39424,CHICAGO,IL,60655,36.9,0.0,2.0,0.0,1,3,1,2014.0,-1,1,1,1.0,30,1,1,1,1,3,0,1,1,-1,1,3,13,2,6,2020,1.0,0.0,0.0,0.0,2.0,0,0,1,0,1,1,0
788,39425,CHICAGO,IL,60655,36.9,0.0,2.0,0.0,1,14,159,2001.0,2,1,1,2.0,30,1,1,1,1,3,0,1,1,-1,1,3,13,2,6,2020,1.0,0.0,0.0,0.0,2.0,0,0,1,0,1,1,0
789,39427,GARY,IN,46404,43.0,0.0,0.0,0.0,1,3,1,2014.0,-1,1,1,1.0,30,1,1,1,1,3,0,1,1,-1,1,3,13,2,6,2020,1.0,0.0,0.0,0.0,2.0,0,0,1,0,1,1,0
790,39428,GARY,IN,46404,43.0,0.0,0.0,0.0,1,14,159,2001.0,2,1,1,2.0,30,1,1,1,1,3,0,1,1,-1,1,3,13,2,6,2020,1.0,0.0,0.0,0.0,2.0,0,0,1,0,1,1,0
791,39429,GARY,IN,46404,43.0,0.0,0.0,0.0,1,-1,2,2011.0,1,1,1,2.0,30,1,1,1,1,3,0,1,1,-1,1,3,13,2,6,2020,1.0,0.0,0.0,0.0,2.0,0,0,1,0,1,1,0
792,39430,CHICAGO,IL,60655,36.9,0.0,0.0,0.0,1,3,1,2014.0,-1,1,1,1.0,30,1,1,1,1,3,0,1,1,-1,1,3,13,2,6,2020,1.0,0.0,0.0,0.0,2.0,0,0,1,0,1,1,0
793,39431,CHICAGO,IL,60655,36.9,0.0,0.0,0.0,1,14,159,2001.0,2,1,1,2.0,30,1,1,1,1,3,0,1,1,-1,1,3,13,2,6,2020,1.0,0.0,0.0,0.0,2.0,0,0,1,0,1,1,0
794,39560,HILLSIDE,IL,60162,24.0,0.0,0.0,0.0,1,1,4,2012.0,1,2,3,2.0,30,1,0,1,2,3,0,1,1,0,2,2,23,2,6,2020,1.0,0.0,0.0,0.0,0.0,0,0,1,1,1,1,0
795,39655,CHICAGO,IL,60639,36.9,0.0,-1.0,0.0,1,22,299,1995.0,1,3,1,3.0,30,0,0,1,1,1,0,1,1,0,3,2,16,3,6,2020,1.0,0.0,0.0,0.0,2.0,0,1,0,1,1,1,1
796,39656,CHICAGO,IL,60651,21.0,0.0,0.0,0.0,1,7,47,2011.0,-1,2,1,-1.0,30,0,0,1,1,1,0,1,1,0,3,2,16,3,6,2020,1.0,0.0,0.0,0.0,2.0,0,1,0,0,1,1,1
797,39657,CHICAGO,IL,60651,21.0,0.0,0.0,0.0,1,22,299,1995.0,1,3,1,3.0,30,0,0,1,1,1,0,1,1,0,3,2,16,3,6,2020,1.0,0.0,0.0,0.0,2.0,0,1,0,0,1,1,1
798,39889,CHICAGO,IL,60634,47.0,0.0,0.0,0.0,1,5,23,2018.0,2,4,3,2.0,30,1,1,2,1,3,2,1,2,0,2,2,6,1,5,2020,0.0,1.0,0.0,0.0,0.0,1,0,0,1,1,1,0
799,40188,CHICAGO,IL,60640,21.0,0.0,1.0,0.0,1,1,76,2019.0,1,3,1,1.0,35,0,0,2,1,2,1,1,2,0,3,4,16,1,5,2020,1.0,0.0,0.0,0.0,0.0,0,0,1,1,1,1,0
800,40189,CHICAGO,IL,60640,21.0,0.0,1.0,0.0,1,11,75,2005.0,1,4,2,1.0,35,0,0,2,1,2,1,1,2,0,3,4,16,1,5,2020,1.0,0.0,0.0,0.0,0.0,0,0,1,1,1,1,0
801,40191,CHICAGO,IL,60640,21.0,0.0,1.0,0.0,2,4,29,1996.0,1,3,5,2.0,35,0,0,2,1,2,1,1,2,0,3,4,16,1,5,2020,1.0,0.0,0.0,0.0,0.0,0,0,1,1,1,1,0
802,40192,CHICAGO,IL,60618,43.0,0.0,0.0,0.0,1,1,76,2019.0,1,3,1,1.0,35,0,0,2,1,2,1,1,2,0,3,4,16,1,5,2020,1.0,0.0,0.0,0.0,0.0,0,0,1,1,1,1,0
803,40193,CHICAGO,IL,60618,43.0,0.0,0.0,0.0,1,11,75,2005.0,1,4,2,1.0,35,0,0,2,1,2,1,1,2,0,3,4,16,1,5,2020,1.0,0.0,0.0,0.0,0.0,0,0,1,1,1,1,0
804,40194,CHICAGO,IL,60618,43.0,0.0,0.0,0.0,2,5,23,2014.0,1,3,5,2.0,35,0,0,2,1,2,1,1,2,0,3,4,16,1,5,2020,1.0,0.0,0.0,0.0,0.0,0,0,1,1,1,1,0
805,40195,CHICAGO,IL,60618,43.0,0.0,0.0,0.0,2,4,29,1996.0,1,3,5,2.0,35,0,0,2,1,2,1,1,2,0,3,4,16,1,5,2020,1.0,0.0,0.0,0.0,0.0,0,0,1,1,1,1,0
806,40247,CHICAGO,IL,60636,49.0,0.0,0.0,0.0,1,29,179,2013.0,1,3,1,7.0,30,2,0,2,4,1,0,1,2,0,1,2,18,1,5,2020,1.0,0.0,0.0,0.0,0.0,0,0,1,1,1,1,1
807,40350,EVERGREEN_PARK,IL,60805,39.0,0.0,0.0,0.0,1,10,30,2013.0,3,2,1,1.0,25,2,1,2,2,11,2,1,2,0,1,2,20,1,5,2020,0.0,1.0,0.0,0.0,0.0,0,1,0,0,1,1,0
808,40427,CHICAGO,IL,60644,20.0,0.0,0.0,0.0,1,5,23,2000.0,2,1,1,1.0,30,1,1,2,2,1,1,1,2,0,3,2,23,1,5,2020,1.0,0.0,0.0,0.0,0.0,0,0,1,1,1,1,1
809,40428,CHICAGO,IL,60644,20.0,0.0,0.0,0.0,1,5,7,2007.0,1,2,1,12.0,30,1,1,2,2,1,1,1,2,0,3,2,23,1,5,2020,1.0,0.0,0.0,0.0,0.0,0,0,1,1,1,1,1
810,40611,SALISBURY,MD,21801,27.0,0.0,0.0,0.0,1,4,239,2016.0,3,3,1,4.0,30,1,1,1,1,2,3,2,1,0,1,2,13,2,5,2020,0.0,1.0,0.0,0.0,0.0,0,0,1,1,1,1,1
811,40911,CHICAGO,IL,60622,33.0,0.0,0.0,0.0,1,5,13,2006.0,1,3,1,1.0,30,1,0,1,4,2,0,1,1,0,1,2,20,2,5,2020,0.0,1.0,0.0,0.0,0.0,0,0,1,0,1,1,1
812,41175,CHICAGO,IL,60622,36.0,0.0,-1.0,0.0,1,-1,1,2010.0,-1,3,1,1.0,30,1,1,1,1,2,2,1,1,-1,1,2,18,7,5,2020,1.0,0.0,0.0,0.0,1.0,0,0,1,0,1,1,1
813,41176,CHICAGO,IL,60622,36.0,0.0,-1.0,0.0,1,6,21,2006.0,1,4,2,6.0,30,1,1,1,1,2,2,1,1,-1,1,2,18,7,5,2020,1.0,0.0,0.0,0.0,1.0,0,0,1,0,1,1,1
814,41177,CHICAGO,IL,60628,0.0,0.0,-1.0,0.0,1,-1,1,2010.0,-1,3,1,1.0,30,1,1,1,1,2,2,1,1,-1,1,2,18,7,5,2020,1.0,0.0,0.0,0.0,1.0,0,0,1,0,1,1,1
815,41178,CHICAGO,IL,60628,0.0,0.0,-1.0,0.0,1,6,21,2006.0,1,4,2,6.0,30,1,1,1,1,2,2,1,1,-1,1,2,18,7,5,2020,1.0,0.0,0.0,0.0,1.0,0,0,1,0,1,1,1
816,41238,CHICAGO,IL,60617,0.0,0.0,0.0,0.0,1,1,6,2010.0,1,2,1,12.0,30,1,1,1,1,2,1,1,1,0,4,2,8,3,6,2020,0.0,1.0,0.0,0.0,0.0,0,1,0,1,1,1,0
817,41239,CHICAGO,IL,60617,0.0,0.0,0.0,0.0,1,5,38,2020.0,1,7,2,11.0,30,1,1,1,1,2,1,1,1,0,4,2,8,3,6,2020,0.0,1.0,0.0,0.0,0.0,0,1,0,1,1,1,0
818,41295,CHICAGO,IL,60634,53.0,0.0,0.0,1.0,1,6,41,2013.0,1,3,2,9.0,30,1,1,1,1,2,1,1,1,0,2,3,15,3,6,2020,0.0,1.0,0.0,0.0,0.0,1,0,0,1,1,1,0
819,41460,CHICAGO,IL,60634,36.0,0.0,3.0,0.0,1,13,1,2006.0,1,3,1,1.0,30,2,1,3,1,1,0,1,1,0,2,2,12,4,6,2020,1.0,0.0,0.0,0.0,1.0,0,0,1,0,1,1,1
820,41461,CHICAGO,IL,60634,36.0,0.0,3.0,0.0,1,4,5,2008.0,1,2,1,5.0,30,2,1,3,1,1,0,1,1,0,2,2,12,4,6,2020,1.0,0.0,0.0,0.0,1.0,0,0,1,0,1,1,1
821,41462,CHICAGO,IL,60651,16.0,0.0,0.0,0.0,1,13,1,2006.0,1,3,1,1.0,30,2,1,3,1,1,0,1,1,0,2,2,12,4,6,2020,1.0,0.0,0.0,0.0,1.0,0,0,1,0,1,1,1
822,41463,CHICAGO,IL,60651,16.0,0.0,0.0,0.0,1,4,5,2008.0,1,2,1,5.0,30,2,1,3,1,1,0,1,1,0,2,2,12,4,6,2020,1.0,0.0,0.0,0.0,1.0,0,0,1,0,1,1,1
823,41535,CHICAGO,IL,60620,62.0,0.0,0.0,0.0,0,-1,2,2010.0,2,4,1,-1.0,30,1,1,1,2,1,1,1,1,0,2,4,21,4,6,2020,1.0,0.0,0.0,0.0,3.0,0,0,1,1,1,1,1
824,41536,CHICAGO,IL,60620,62.0,0.0,0.0,0.0,1,2,9,2015.0,2,4,1,1.0,30,1,1,1,2,1,1,1,1,0,2,4,21,4,6,2020,1.0,0.0,0.0,0.0,3.0,0,0,1,1,1,1,1
825,41537,CHICAGO,IL,60620,62.0,0.0,0.0,0.0,1,2,9,2005.0,2,3,1,12.0,30,1,1,1,2,1,1,1,1,0,2,4,21,4,6,2020,1.0,0.0,0.0,0.0,3.0,0,0,1,1,1,1,1
826,41538,CHICAGO,IL,60620,62.0,0.0,0.0,0.0,1,43,243,2005.0,2,2,3,3.0,30,1,1,1,2,1,1,1,1,0,2,4,21,4,6,2020,1.0,0.0,0.0,0.0,3.0,0,0,1,1,1,1,1
827,41539,CHICAGO,IL,60628,22.0,0.0,9.0,0.0,0,-1,2,2010.0,2,4,1,-1.0,30,1,1,1,2,1,1,1,1,0,2,4,21,4,6,2020,0.0,0.0,0.0,1.0,3.0,0,0,1,1,1,1,1
828,41540,CHICAGO,IL,60628,22.0,0.0,9.0,0.0,1,2,9,2015.0,2,4,1,1.0,30,1,1,1,2,1,1,1,1,0,2,4,21,4,6,2020,0.0,0.0,0.0,1.0,3.0,0,0,1,1,1,1,1
829,41541,CHICAGO,IL,60628,22.0,0.0,9.0,0.0,1,2,9,2005.0,2,3,1,12.0,30,1,1,1,2,1,1,1,1,0,2,4,21,4,6,2020,0.0,0.0,0.0,1.0,3.0,0,0,1,1,1,1,1
830,41542,CHICAGO,IL,60628,22.0,0.0,9.0,0.0,1,43,243,2005.0,2,2,3,3.0,30,1,1,1,2,1,1,1,1,0,2,4,21,4,6,2020,0.0,0.0,0.0,1.0,3.0,0,0,1,1,1,1,1
831,41543,CHICAGO,IL,60647,22.0,0.0,11.0,0.0,0,-1,2,2010.0,2,4,1,-1.0,30,1,1,1,2,1,1,1,1,0,2,4,21,4,6,2020,1.0,0.0,0.0,0.0,3.0,0,0,1,1,1,1,1
832,41544,CHICAGO,IL,60647,22.0,0.0,11.0,0.0,1,2,9,2015.0,2,4,1,1.0,30,1,1,1,2,1,1,1,1,0,2,4,21,4,6,2020,1.0,0.0,0.0,0.0,3.0,0,0,1,1,1,1,1
833,41545,CHICAGO,IL,60647,22.0,0.0,11.0,0.0,1,2,9,2005.0,2,3,1,12.0,30,1,1,1,2,1,1,1,1,0,2,4,21,4,6,2020,1.0,0.0,0.0,0.0,3.0,0,0,1,1,1,1,1
834,41546,CHICAGO,IL,60647,22.0,0.0,11.0,0.0,1,43,243,2005.0,2,2,3,3.0,30,1,1,1,2,1,1,1,1,0,2,4,21,4,6,2020,1.0,0.0,0.0,0.0,3.0,0,0,1,1,1,1,1
835,41547,ROCKFORD,IL,61101,37.0,0.0,0.0,0.0,0,-1,2,2010.0,2,4,1,-1.0,30,1,1,1,2,1,1,1,1,0,2,4,21,4,6,2020,1.0,0.0,0.0,0.0,3.0,0,0,1,0,1,1,1
836,41548,ROCKFORD,IL,61101,37.0,0.0,0.0,0.0,1,2,9,2015.0,2,4,1,1.0,30,1,1,1,2,1,1,1,1,0,2,4,21,4,6,2020,1.0,0.0,0.0,0.0,3.0,0,0,1,0,1,1,1
837,41549,ROCKFORD,IL,61101,37.0,0.0,0.0,0.0,1,2,9,2005.0,2,3,1,12.0,30,1,1,1,2,1,1,1,1,0,2,4,21,4,6,2020,1.0,0.0,0.0,0.0,3.0,0,0,1,0,1,1,1
838,41550,ROCKFORD,IL,61101,37.0,0.0,0.0,0.0,1,43,243,2005.0,2,2,3,3.0,30,1,1,1,2,1,1,1,1,0,2,4,21,4,6,2020,1.0,0.0,0.0,0.0,3.0,0,0,1,0,1,1,1
839,41574,AURORA,IL,60504,48.0,0.0,0.0,0.0,1,22,1,2006.0,7,1,3,2.0,30,1,1,2,1,3,2,1,2,0,3,2,7,4,6,2020,0.0,1.0,0.0,0.0,0.0,1,0,0,1,1,1,1
840,41607,CHICAGO,IL,60632,29.0,0.0,0.0,0.0,1,14,101,2012.0,1,1,2,2.0,30,2,1,3,1,2,4,1,2,0,2,3,9,3,5,2020,1.0,0.0,0.0,0.0,0.0,0,0,1,1,1,1,1
841,41677,CHICAGO,IL,60621,36.0,0.0,3.0,0.0,1,14,1,2000.0,1,1,1,1.0,30,1,1,1,1,1,0,1,1,0,1,3,11,3,5,2020,1.0,0.0,0.0,0.0,1.0,0,0,1,1,1,1,1
842,41678,CHICAGO,IL,60621,36.0,0.0,3.0,0.0,1,13,72,2005.0,1,4,1,6.0,30,1,1,1,1,1,0,1,1,0,1,3,11,3,5,2020,1.0,0.0,0.0,0.0,1.0,0,0,1,1,1,1,1
843,41679,CHICAGO,IL,60621,36.0,0.0,3.0,0.0,1,9,73,2012.0,1,4,3,1.0,30,1,1,1,1,1,0,1,1,0,1,3,11,3,5,2020,1.0,0.0,0.0,0.0,1.0,0,0,1,1,1,1,1
844,41680,EVERGREEN_PARK,IL,60805,26.0,0.0,0.0,0.0,1,14,1,2000.0,1,1,1,1.0,30,1,1,1,1,1,0,1,1,0,1,3,11,3,5,2020,1.0,0.0,0.0,0.0,1.0,0,0,1,1,1,1,1
845,41681,EVERGREEN_PARK,IL,60805,26.0,0.0,0.0,0.0,1,13,72,2005.0,1,4,1,6.0,30,1,1,1,1,1,0,1,1,0,1,3,11,3,5,2020,1.0,0.0,0.0,0.0,1.0,0,0,1,1,1,1,1
846,41682,EVERGREEN_PARK,IL,60805,26.0,0.0,0.0,0.0,1,9,73,2012.0,1,4,3,1.0,30,1,1,1,1,1,0,1,1,0,1,3,11,3,5,2020,1.0,0.0,0.0,0.0,1.0,0,0,1,1,1,1,1
847,41683,CHICAGO,IL,60620,54.0,0.0,0.0,0.0,1,14,1,2000.0,1,1,1,1.0,30,1,1,1,1,1,0,1,1,0,1,3,11,3,5,2020,1.0,0.0,0.0,0.0,1.0,0,0,1,0,1,1,1
848,41684,CHICAGO,IL,60620,54.0,0.0,0.0,0.0,1,13,72,2005.0,1,4,1,6.0,30,1,1,1,1,1,0,1,1,0,1,3,11,3,5,2020,1.0,0.0,0.0,0.0,1.0,0,0,1,0,1,1,1
849,41685,CHICAGO,IL,60620,54.0,0.0,0.0,0.0,1,9,73,2012.0,1,4,3,1.0,30,1,1,1,1,1,0,1,1,0,1,3,11,3,5,2020,1.0,0.0,0.0,0.0,1.0,0,0,1,0,1,1,1
850,41837,CHICAGO,IL,60620,36.9,0.0,-1.0,0.0,1,-1,221,2011.0,-1,3,1,-1.0,30,6,0,7,3,5,2,1,1,0,1,2,16,3,5,2020,1.0,0.0,0.0,0.0,2.0,0,0,1,0,1,1,1
851,41839,CHICAGO,IL,60653,66.0,-1.0,-1.0,0.0,1,-1,221,2011.0,-1,3,1,-1.0,30,6,0,7,3,5,2,1,1,0,1,2,16,3,5,2020,0.0,0.0,0.0,0.0,2.0,0,0,1,0,1,1,1
852,41931,CHICAGO,IL,60620,31.0,0.0,0.0,0.0,1,22,158,2019.0,1,1,1,3.0,30,2,1,1,2,1,4,1,1,0,1,2,20,3,5,2020,1.0,0.0,0.0,0.0,0.0,0,0,1,0,1,1,1
853,41966,UNKNOWN,IL,0,38.0,-1.0,-1.0,0.0,1,1,49,2017.0,1,-1,-1,-1.0,30,-1,-1,1,2,5,10,1,1,-1,2,2,22,3,5,2020,1.0,0.0,0.0,0.0,3.0,1,0,0,1,1,1,1
854,41968,UNKNOWN,IL,0,44.0,-1.0,1.0,2.0,1,1,49,2017.0,1,-1,-1,-1.0,30,-1,-1,1,2,5,10,1,1,-1,2,2,22,3,5,2020,0.0,0.0,0.0,0.0,3.0,1,0,0,1,1,1,1
855,42036,UNKNOWN,IL,0,38.0,0.0,3.0,0.0,1,30,284,2005.0,3,4,1,1.0,30,2,-1,1,2,1,6,1,1,0,2,2,4,5,5,2020,1.0,0.0,0.0,0.0,3.0,0,0,1,1,1,1,1
856,42037,UNKNOWN,IL,0,38.0,0.0,3.0,0.0,1,6,85,2016.0,1,1,1,11.0,30,2,-1,1,2,1,6,1,1,0,2,2,4,5,5,2020,1.0,0.0,0.0,0.0,3.0,0,0,1,1,1,1,1
857,42038,CHICAGO,IL,60651,57.0,0.0,0.0,0.0,1,30,284,2005.0,3,4,1,1.0,30,2,-1,1,2,1,6,1,1,0,2,2,4,5,5,2020,1.0,0.0,0.0,0.0,3.0,0,0,1,1,1,1,1
858,42039,CHICAGO,IL,60651,57.0,0.0,0.0,0.0,1,6,85,2016.0,1,1,1,11.0,30,2,-1,1,2,1,6,1,1,0,2,2,4,5,5,2020,1.0,0.0,0.0,0.0,3.0,0,0,1,1,1,1,1
859,42106,CHICAGO,IL,60614,27.0,0.0,0.0,0.0,1,3,3,2014.0,1,4,1,3.0,30,1,1,1,1,2,0,1,1,0,4,2,12,2,6,2020,0.0,1.0,0.0,0.0,0.0,0,0,1,1,1,1,0
860,42111,CHICAGO,IL,60631,39.0,0.0,5.0,0.0,1,13,1,2008.0,1,2,13,3.0,30,1,1,1,1,4,1,1,1,0,1,3,19,2,6,2020,1.0,0.0,0.0,0.0,0.0,0,0,1,0,0,1,1
861,42158,UNKNOWN,IL,0,38.0,-1.0,-1.0,0.0,1,7,51,2010.0,1,4,4,-1.0,30,0,0,1,1,2,1,1,1,0,1,2,16,3,6,2020,1.0,0.0,0.0,0.0,3.0,0,0,1,1,1,1,1
862,42159,UNKNOWN,IL,0,38.0,-1.0,-1.0,0.0,1,7,10,1997.0,1,1,1,3.0,30,0,0,1,1,2,1,1,1,0,1,2,16,3,6,2020,1.0,0.0,0.0,0.0,3.0,0,0,1,1,1,1,1
863,42160,CHICAGO,IL,60649,25.0,0.0,0.0,1.0,1,7,51,2010.0,1,4,4,-1.0,30,0,0,1,1,2,1,1,1,0,1,2,16,3,6,2020,1.0,0.0,0.0,0.0,3.0,0,0,1,1,1,1,1
864,42161,CHICAGO,IL,60649,25.0,0.0,0.0,1.0,1,7,10,1997.0,1,1,1,3.0,30,0,0,1,1,2,1,1,1,0,1,2,16,3,6,2020,1.0,0.0,0.0,0.0,3.0,0,0,1,1,1,1,1