,index,CITY,STATE,ZIPCODE,AGE,EJECTION,DRIVER_ACTION,BAC_RESULT,UNIT_TYPE,MAKE,MODEL,VEHICLE_YEAR,VEHICLE_TYPE,TRAVEL_DIRECTION,MANEUVER,FIRST_CONTACT_POINT,POSTED_SPEED_LIMIT,TRAFFIC_CONTROL_DEVICE,DEVICE_CONDITION,WEATHER_CONDITION,LIGHTING_CONDITION,FIRST_CRASH_TYPE,TRAFFICWAY_TYPE,ALIGNMENT,ROADWAY_SURFACE_COND,ROAD_DEFECT,STREET_DIRECTION,NUM_UNITS,CRASH_HOUR,CRASH_DAY_OF_WEEK,CRASH_MONTH,CRASH_YEAR,FATAL_INBOTH,FATAL_CARPPL,FATAL_OTHPPL,FATAL_INAUTO,FATAL_DEGREE,DAMAGE_500_OR_LESS,DAMAGE_501_1500,DAMAGE_OVER_1500,SEX,INTERSECTION_RELATED,HIT_AND_RUN,REPORTYPE
865,42342,CHICAGO,IL,60619,38.0,0.0,0.0,0.0,2,2,19,2009.0,1,4,5,4.0,20,0,0,1,1,5,3,1,1,0,2,6,17,4,6,2020,1.0,0.0,0.0,0.0,3.0,0,0,1,1,1,0,1
866,42343,CHICAGO,IL,60619,38.0,0.0,0.0,0.0,2,2,24,2010.0,1,4,5,11.0,20,0,0,1,1,5,3,1,1,0,2,6,17,4,6,2020,1.0,0.0,0.0,0.0,3.0,0,0,1,1,1,0,1
867,42344,CHICAGO,IL,60619,38.0,0.0,0.0,0.0,1,16,168,2003.0,1,2,11,4.0,20,0,0,1,1,5,3,1,1,0,2,6,17,4,6,2020,1.0,0.0,0.0,0.0,3.0,0,0,1,1,1,0,1
868,42346,CHICAGO,IL,60619,38.0,0.0,0.0,0.0,2,6,200,2010.0,1,4,5,11.0,20,0,0,1,1,5,3,1,1,0,2,6,17,4,6,2020,1.0,0.0,0.0,0.0,3.0,0,0,1,1,1,0,1
869,42347,CHICAGO,IL,60619,38.0,0.0,0.0,0.0,1,4,11,2004.0,1,4,1,5.0,20,0,0,1,1,5,3,1,1,0,2,6,17,4,6,2020,1.0,0.0,0.0,0.0,3.0,0,0,1,1,1,0,1
870,42348,CHICAGO,IL,60639,20.0,0.0,10.0,0.0,2,2,19,2009.0,1,4,5,4.0,20,0,0,1,1,5,3,1,1,0,2,6,17,4,6,2020,1.0,0.0,0.0,0.0,3.0,0,0,1,1,1,0,1
871,42349,CHICAGO,IL,60639,20.0,0.0,10.0,0.0,2,2,24,2010.0,1,4,5,11.0,20,0,0,1,1,5,3,1,1,0,2,6,17,4,6,2020,1.0,0.0,0.0,0.0,3.0,0,0,1,1,1,0,1
872,42350,CHICAGO,IL,60639,20.0,0.0,10.0,0.0,1,16,168,2003.0,1,2,11,4.0,20,0,0,1,1,5,3,1,1,0,2,6,17,4,6,2020,1.0,0.0,0.0,0.0,3.0,0,0,1,1,1,0,1
873,42352,CHICAGO,IL,60639,20.0,0.0,10.0,0.0,2,6,200,2010.0,1,4,5,11.0,20,0,0,1,1,5,3,1,1,0,2,6,17,4,6,2020,1.0,0.0,0.0,0.0,3.0,0,0,1,1,1,0,1
874,42353,CHICAGO,IL,60639,20.0,0.0,10.0,0.0,1,4,11,2004.0,1,4,1,5.0,20,0,0,1,1,5,3,1,1,0,2,6,17,4,6,2020,1.0,0.0,0.0,0.0,3.0,0,0,1,1,1,0,1
875,42354,CHICAGO,IL,60639,34.0,-1.0,0.0,0.0,2,2,19,2009.0,1,4,5,4.0,20,0,0,1,1,5,3,1,1,0,2,6,17,4,6,2020,0.0,0.0,0.0,0.0,3.0,0,0,1,1,1,0,1
876,42355,CHICAGO,IL,60639,34.0,-1.0,0.0,0.0,2,2,24,2010.0,1,4,5,11.0,20,0,0,1,1,5,3,1,1,0,2,6,17,4,6,2020,0.0,0.0,0.0,0.0,3.0,0,0,1,1,1,0,1
877,42356,CHICAGO,IL,60639,34.0,-1.0,0.0,0.0,1,16,168,2003.0,1,2,11,4.0,20,0,0,1,1,5,3,1,1,0,2,6,17,4,6,2020,0.0,0.0,0.0,0.0,3.0,0,0,1,1,1,0,1
878,42358,CHICAGO,IL,60639,34.0,-1.0,0.0,0.0,2,6,200,2010.0,1,4,5,11.0,20,0,0,1,1,5,3,1,1,0,2,6,17,4,6,2020,0.0,0.0,0.0,0.0,3.0,0,0,1,1,1,0,1
879,42359,CHICAGO,IL,60639,34.0,-1.0,0.0,0.0,1,4,11,2004.0,1,4,1,5.0,20,0,0,1,1,5,3,1,1,0,2,6,17,4,6,2020,0.0,0.0,0.0,0.0,3.0,0,0,1,1,1,0,1
880,42410,CHICAGO,IL,60639,36.0,0.0,3.0,0.0,1,3,1,2004.0,3,2,1,1.0,30,1,1,1,4,1,0,1,1,0,1,2,11,3,6,2020,1.0,0.0,0.0,0.0,1.0,0,0,1,0,1,1,0
881,42411,CHICAGO,IL,60639,36.0,0.0,3.0,0.0,1,1,27,2004.0,1,1,1,5.0,30,1,1,1,4,1,0,1,1,0,1,2,11,3,6,2020,1.0,0.0,0.0,0.0,1.0,0,0,1,0,1,1,0
882,42412,CHICAGO,IL,60621,56.0,0.0,0.0,0.0,1,3,1,2004.0,3,2,1,1.0,30,1,1,1,4,1,0,1,1,0,1,2,11,3,6,2020,1.0,0.0,0.0,0.0,1.0,0,0,1,1,1,1,0
883,42413,CHICAGO,IL,60621,56.0,0.0,0.0,0.0,1,1,27,2004.0,1,1,1,5.0,30,1,1,1,4,1,0,1,1,0,1,2,11,3,6,2020,1.0,0.0,0.0,0.0,1.0,0,0,1,1,1,1,0
884,42471,CHICAGO,IL,60626,34.0,0.0,1.0,0.0,1,25,1,2016.0,1,6,2,11.0,30,1,1,1,1,2,0,1,1,0,2,2,17,5,6,2020,1.0,0.0,0.0,0.0,0.0,0,0,1,1,1,1,1
885,42514,MORTON_GROVE,IL,60053,36.9,0.0,7.0,0.0,1,2,97,2019.0,1,3,6,3.0,30,2,1,1,1,9,0,1,-1,-1,3,2,16,6,5,2020,1.0,0.0,0.0,0.0,2.0,0,1,0,1,1,1,0
886,42515,MORTON_GROVE,IL,60053,36.9,0.0,7.0,0.0,1,2,97,2019.0,1,3,6,3.0,30,2,1,1,1,9,0,1,-1,-1,3,2,16,6,5,2020,1.0,0.0,0.0,0.0,2.0,0,1,0,1,1,1,0
887,42518,CHICAGO,IL,60626,36.9,0.0,7.0,0.0,1,2,97,2019.0,1,3,6,3.0,30,2,1,1,1,9,0,1,-1,-1,3,2,16,6,5,2020,1.0,0.0,0.0,0.0,2.0,0,1,0,1,1,1,0
888,42519,CHICAGO,IL,60626,36.9,0.0,7.0,0.0,1,2,97,2019.0,1,3,6,3.0,30,2,1,1,1,9,0,1,-1,-1,3,2,16,6,5,2020,1.0,0.0,0.0,0.0,2.0,0,1,0,1,1,1,0
889,42522,CHICAGO,IL,60618,14.0,0.0,1.0,0.0,1,2,97,2019.0,1,3,6,3.0,30,2,1,1,1,9,0,1,-1,-1,3,2,16,6,5,2020,0.0,0.0,0.0,1.0,2.0,0,1,0,1,1,1,0
890,42523,CHICAGO,IL,60618,14.0,0.0,1.0,0.0,1,2,97,2019.0,1,3,6,3.0,30,2,1,1,1,9,0,1,-1,-1,3,2,16,6,5,2020,0.0,0.0,0.0,1.0,2.0,0,1,0,1,1,1,0
891,42526,CHICAGO,IL,60618,14.0,0.0,1.0,0.0,1,2,97,2019.0,1,3,6,3.0,30,2,1,1,1,9,0,1,-1,-1,3,2,16,6,5,2020,0.0,0.0,0.0,1.0,2.0,0,1,0,1,1,1,0
892,42527,CHICAGO,IL,60618,14.0,0.0,1.0,0.0,1,2,97,2019.0,1,3,6,3.0,30,2,1,1,1,9,0,1,-1,-1,3,2,16,6,5,2020,0.0,0.0,0.0,1.0,2.0,0,1,0,1,1,1,0
893,42531,CHICAGO,IL,60617,31.0,0.0,-1.0,0.0,1,1,99,2008.0,1,3,4,1.0,25,0,0,1,1,10,1,1,1,0,4,1,15,5,5,2020,1.0,0.0,0.0,0.0,1.0,0,0,1,0,1,0,1
894,42571,CHICAGO,IL,60617,27.0,0.0,0.0,0.0,1,2,9,2015.0,2,3,7,9.0,30,0,0,1,2,7,13,1,1,0,2,2,22,4,6,2020,0.0,1.0,0.0,0.0,0.0,0,0,1,1,1,1,0
895,42739,CHICAGO,IL,60628,32.0,0.0,-1.0,0.0,1,7,47,2003.0,2,1,1,1.0,30,1,1,1,1,5,2,1,1,0,1,2,13,4,5,2020,1.0,0.0,0.0,0.0,3.0,0,0,1,0,1,1,1
896,42741,CHICAGO,IL,60621,17.0,-1.0,0.0,0.0,1,7,47,2003.0,2,1,1,1.0,30,1,1,1,1,5,2,1,1,0,1,2,13,4,5,2020,0.0,0.0,0.0,0.0,3.0,0,0,1,1,1,1,1
897,42748,CHICAGO,IL,60649,35.0,0.0,0.0,0.0,1,3,3,2011.0,1,2,1,3.0,30,2,1,1,1,2,0,1,1,0,4,2,13,4,5,2020,0.0,1.0,0.0,0.0,0.0,0,0,1,1,1,1,0
898,42981,CHICAGO,IL,60643,44.0,0.0,0.0,0.0,1,9,37,2010.0,1,2,3,4.0,30,2,0,1,1,2,8,2,1,0,2,2,18,4,5,2020,0.0,1.0,0.0,0.0,0.0,0,0,1,0,1,1,0
899,43164,CHICAGO,IL,60643,28.0,-1.0,12.0,0.0,1,16,1,2011.0,-1,-1,-1,-1.0,30,2,1,1,1,5,0,1,-1,-1,1,2,12,4,5,2020,0.0,0.0,0.0,0.0,2.0,1,0,0,0,1,1,0
900,43274,CHICAGO,IL,60643,36.9,0.0,3.0,0.0,1,2,19,2002.0,1,1,1,1.0,30,1,1,1,1,1,1,1,1,0,1,2,11,1,5,2020,1.0,0.0,0.0,0.0,2.0,0,0,1,1,1,1,1
901,43275,CHICAGO,IL,60643,36.9,0.0,3.0,0.0,1,2,8,2016.0,1,2,1,4.0,30,1,1,1,1,1,1,1,1,0,1,2,11,1,5,2020,1.0,0.0,0.0,0.0,2.0,0,0,1,1,1,1,1
902,43276,CHICAGO,IL,60643,51.0,0.0,0.0,0.0,1,2,19,2002.0,1,1,1,1.0,30,1,1,1,1,1,1,1,1,0,1,2,11,1,5,2020,1.0,0.0,0.0,0.0,2.0,0,0,1,1,1,1,1
903,43277,CHICAGO,IL,60643,51.0,0.0,0.0,0.0,1,2,8,2016.0,1,2,1,4.0,30,1,1,1,1,1,1,1,1,0,1,2,11,1,5,2020,1.0,0.0,0.0,0.0,2.0,0,0,1,1,1,1,1
904,43281,CHICAGO,IL,60643,36.0,0.0,2.0,0.0,1,3,3,2009.0,1,4,1,5.0,30,1,1,1,2,1,4,1,1,0,1,2,0,2,6,2020,1.0,0.0,0.0,0.0,1.0,0,0,1,0,1,1,0
905,43282,CHICAGO,IL,60643,29.0,0.0,0.0,0.0,1,6,41,2010.0,1,1,1,1.0,30,1,1,1,2,1,4,1,1,0,1,2,0,2,6,2020,1.0,0.0,0.0,0.0,1.0,0,0,1,0,1,1,0
906,43283,CHICAGO,IL,60643,29.0,0.0,0.0,0.0,1,3,3,2009.0,1,4,1,5.0,30,1,1,1,2,1,4,1,1,0,1,2,0,2,6,2020,1.0,0.0,0.0,0.0,1.0,0,0,1,0,1,1,0
907,43404,CHICAGO,IL,60647,24.0,0.0,0.0,0.0,1,1,99,2008.0,1,2,1,12.0,30,0,0,1,1,1,0,1,1,0,3,2,15,5,6,2020,0.0,1.0,0.0,0.0,0.0,0,0,1,1,1,1,0
908,43425,CHICAGO,IL,60647,36.9,-1.0,2.0,0.0,1,4,5,2012.0,1,3,1,1.0,30,2,0,1,2,1,3,1,1,0,1,2,1,6,6,2020,1.0,0.0,0.0,0.0,2.0,0,0,1,0,1,1,1
909,43426,CHICAGO,IL,60647,36.9,-1.0,2.0,0.0,1,19,152,2002.0,1,4,1,6.0,30,2,0,1,2,1,3,1,1,0,1,2,1,6,6,2020,1.0,0.0,0.0,0.0,2.0,0,0,1,0,1,1,1
910,43427,CHICAGO,IL,60637,19.0,0.0,0.0,0.0,1,4,5,2012.0,1,3,1,1.0,30,2,0,1,2,1,3,1,1,0,1,2,1,6,6,2020,1.0,0.0,0.0,0.0,2.0,0,0,1,1,1,1,1
911,43428,CHICAGO,IL,60637,19.0,0.0,0.0,0.0,1,19,152,2002.0,1,4,1,6.0,30,2,0,1,2,1,3,1,1,0,1,2,1,6,6,2020,1.0,0.0,0.0,0.0,2.0,0,0,1,1,1,1,1
912,43467,CHICAGO,IL,60637,38.0,0.0,2.0,0.0,1,-1,1,2010.0,-1,4,2,1.0,30,1,1,1,1,5,1,1,1,0,3,2,14,4,6,2020,1.0,0.0,0.0,0.0,3.0,0,0,1,1,1,1,0
913,43469,CHICAGO,IL,60647,62.0,-1.0,0.0,0.0,1,-1,1,2010.0,-1,4,2,1.0,30,1,1,1,1,5,1,1,1,0,3,2,14,4,6,2020,0.0,0.0,0.0,0.0,3.0,0,0,1,0,1,1,0
914,43546,CHICAGO,IL,60644,48.0,0.0,0.0,0.0,1,2,97,2018.0,1,4,1,1.0,30,2,1,1,1,4,3,1,1,0,2,3,16,6,6,2020,1.0,0.0,0.0,0.0,0.0,0,0,1,0,1,1,1
915,43549,BERWYN,IL,60402,22.0,0.0,0.0,0.0,1,2,97,2018.0,1,4,1,1.0,30,2,1,1,1,4,3,1,1,0,2,3,16,6,6,2020,1.0,0.0,0.0,0.0,0.0,0,0,1,0,1,1,1
916,43616,CHICAGO,IL,60644,36.0,0.0,-1.0,0.0,1,6,22,2010.0,3,1,1,1.0,30,1,-1,-1,1,1,0,1,-1,-1,1,2,16,1,5,2020,1.0,0.0,0.0,0.0,1.0,0,1,0,1,1,1,0
917,43617,CHICAGO,IL,60644,36.0,0.0,-1.0,0.0,1,6,44,2014.0,2,2,3,5.0,30,1,-1,-1,1,1,0,1,-1,-1,1,2,16,1,5,2020,1.0,0.0,0.0,0.0,1.0,0,1,0,1,1,1,0
918,43618,PLAINFIELD,IL,60586,44.0,0.0,0.0,0.0,1,6,22,2010.0,3,1,1,1.0,30,1,-1,-1,1,1,0,1,-1,-1,1,2,16,1,5,2020,1.0,0.0,0.0,0.0,1.0,0,1,0,1,1,1,0
919,43619,PLAINFIELD,IL,60586,44.0,0.0,0.0,0.0,1,6,44,2014.0,2,2,3,5.0,30,1,-1,-1,1,1,0,1,-1,-1,1,2,16,1,5,2020,1.0,0.0,0.0,0.0,1.0,0,1,0,1,1,1,0
920,43838,CHICAGO,IL,60615,22.0,0.0,1.0,0.0,1,2,24,2020.0,1,2,1,1.0,30,2,-1,1,1,1,2,1,1,0,1,2,13,5,5,2020,1.0,0.0,0.0,0.0,1.0,0,0,1,0,1,1,1
921,43839,CHICAGO,IL,60615,22.0,0.0,1.0,0.0,1,2,8,2016.0,1,3,1,-1.0,30,2,-1,1,1,1,2,1,1,0,1,2,13,5,5,2020,1.0,0.0,0.0,0.0,1.0,0,0,1,0,1,1,1
922,43840,CHICAGO,IL,60621,21.0,0.0,0.0,0.0,1,2,24,2020.0,1,2,1,1.0,30,2,-1,1,1,1,2,1,1,0,1,2,13,5,5,2020,1.0,0.0,0.0,0.0,1.0,0,0,1,1,1,1,1
923,43841,CHICAGO,IL,60621,21.0,0.0,0.0,0.0,1,2,8,2016.0,1,3,1,-1.0,30,2,-1,1,1,1,2,1,1,0,1,2,13,5,5,2020,1.0,0.0,0.0,0.0,1.0,0,0,1,1,1,1,1
924,44089,CHICAGO,IL,60827,30.0,0.0,5.0,0.0,1,11,1,2013.0,1,3,-1,3.0,25,1,1,1,1,5,1,1,1,0,3,2,17,5,5,2020,1.0,0.0,0.0,0.0,1.0,1,0,0,1,1,1,1
925,44091,CHICAGO,IL,60657,37.0,-1.0,12.0,0.0,1,11,1,2013.0,1,3,-1,3.0,25,1,1,1,1,5,1,1,1,0,3,2,17,5,5,2020,0.0,0.0,0.0,0.0,1.0,1,0,0,0,1,1,1
926,44265,CHICAGO,IL,60619,72.0,0.0,0.0,0.0,1,10,30,2013.0,3,4,1,2.0,30,1,1,1,1,3,0,1,1,0,4,2,12,5,5,2020,0.0,1.0,0.0,0.0,0.0,0,1,0,1,1,1,0
927,44380,CHICAGO,IL,60619,36.9,0.0,-1.0,0.0,1,2,24,2011.0,1,1,-1,3.0,30,1,1,1,1,5,0,1,1,0,2,2,3,2,6,2020,1.0,0.0,0.0,0.0,2.0,0,0,1,1,1,1,0
928,44382,SOUTH_HOLLAND,IL,60473,49.0,-1.0,0.0,0.0,1,2,24,2011.0,1,1,-1,3.0,30,1,1,1,1,5,0,1,1,0,2,2,3,2,6,2020,0.0,0.0,0.0,0.0,2.0,0,0,1,1,1,1,0
929,44396,COUNTRY_CLUB_HILLS,IL,60478,61.0,0.0,0.0,0.0,1,14,160,2015.0,1,1,1,9.0,35,0,0,1,1,6,0,1,1,0,2,2,20,2,6,2020,0.0,1.0,0.0,0.0,0.0,0,0,1,1,1,1,0
930,44440,CHICAGO,IL,60612,55.0,0.0,0.0,0.0,1,41,190,2011.0,1,-1,7,9.0,30,1,1,1,1,1,0,1,1,0,1,2,12,4,6,2020,0.0,1.0,0.0,0.0,0.0,0,0,1,0,1,1,0
931,44508,EVANSTON,IL,60202,36.0,0.0,0.0,0.0,1,17,1,2009.0,1,2,1,1.0,30,2,1,1,1,3,2,1,1,0,2,2,11,6,6,2020,0.0,1.0,0.0,0.0,0.0,1,0,0,0,1,1,1
932,44509,EVANSTON,IL,60202,36.0,0.0,0.0,0.0,1,11,35,2011.0,1,2,3,7.0,30,2,1,1,1,3,2,1,1,0,2,2,11,6,6,2020,0.0,1.0,0.0,0.0,0.0,1,0,0,0,1,1,1
933,44518,CHICAGO,IL,60612,19.0,0.0,0.0,0.0,1,13,1,2008.0,1,2,1,1.0,30,2,2,1,1,9,1,1,1,-1,3,2,14,6,6,2020,0.0,0.0,0.0,1.0,2.0,1,0,0,1,1,1,1
934,44522,CHICAGO,IL,60612,36.9,0.0,-1.0,0.0,1,13,1,2008.0,1,2,1,1.0,30,2,2,1,1,9,1,1,1,-1,3,2,14,6,6,2020,1.0,0.0,0.0,0.0,2.0,1,0,0,1,1,1,1
935,44535,CHICAGO,IL,60609,49.0,0.0,0.0,0.0,1,4,29,2014.0,1,1,1,3.0,35,2,1,1,1,1,0,1,1,0,1,2,19,6,5,2020,0.0,1.0,0.0,0.0,0.0,0,0,1,0,1,1,0
936,44566,CHICAGO,IL,60644,36.9,-1.0,10.0,0.0,1,1,6,2014.0,1,3,1,6.0,25,2,1,1,5,1,3,1,1,0,1,2,5,7,6,2020,1.0,0.0,0.0,0.0,2.0,0,0,1,0,1,1,1
937,44567,CHICAGO,IL,60649,36.0,0.0,0.0,0.0,1,-1,39,2011.0,-1,2,1,1.0,25,2,1,1,5,1,3,1,1,0,1,2,5,7,6,2020,1.0,0.0,0.0,0.0,2.0,0,0,1,1,1,1,1
938,44568,CHICAGO,IL,60649,36.0,0.0,0.0,0.0,1,1,6,2014.0,1,3,1,6.0,25,2,1,1,5,1,3,1,1,0,1,2,5,7,6,2020,1.0,0.0,0.0,0.0,2.0,0,0,1,1,1,1,1
939,44673,CHICAGO,IL,60617,29.0,0.0,1.0,0.0,1,1,20,2012.0,1,2,2,4.0,30,1,1,1,2,2,1,3,1,0,4,2,22,6,6,2020,0.0,1.0,0.0,0.0,0.0,0,0,1,1,1,1,0
940,44731,CHICAGO,IL,60605,45.0,0.0,0.0,0.0,1,26,368,2012.0,1,1,1,1.0,30,1,1,1,1,1,0,1,1,0,2,2,14,1,5,2020,0.0,1.0,0.0,0.0,0.0,0,0,1,1,1,1,0
941,44948,CHICAGO,IL,60605,54.0,0.0,6.0,0.0,1,1,6,2009.0,1,3,1,1.0,30,0,0,1,1,1,0,1,1,0,3,2,12,6,5,2020,0.0,1.0,0.0,0.0,0.0,0,0,1,1,1,0,0
942,44949,CHICAGO,IL,60605,54.0,0.0,6.0,0.0,1,2,9,2010.0,2,6,16,5.0,30,0,0,1,1,1,0,1,1,0,3,2,12,6,5,2020,0.0,1.0,0.0,0.0,0.0,0,0,1,1,1,0,0
943,44950,CHICAGO,IL,60651,56.0,0.0,2.0,0.0,1,1,6,2009.0,1,3,1,1.0,30,0,0,1,1,1,0,1,1,0,3,2,12,6,5,2020,0.0,1.0,0.0,0.0,0.0,0,0,1,1,1,0,0
944,44951,CHICAGO,IL,60651,56.0,0.0,2.0,0.0,1,2,9,2010.0,2,6,16,5.0,30,0,0,1,1,1,0,1,1,0,3,2,12,6,5,2020,0.0,1.0,0.0,0.0,0.0,0,0,1,1,1,0,0
945,45118,CHICAGO,IL,60609,36.9,0.0,1.0,0.0,1,1,14,2018.0,2,2,7,-1.0,30,2,1,1,1,1,1,1,1,0,2,2,16,6,5,2020,1.0,0.0,0.0,0.0,2.0,0,0,1,0,1,1,1
946,45119,CHICAGO,IL,60609,36.9,0.0,1.0,0.0,1,17,52,2016.0,1,1,1,9.0,30,2,1,1,1,1,1,1,1,0,2,2,16,6,5,2020,1.0,0.0,0.0,0.0,2.0,0,0,1,0,1,1,1
947,45120,CHICAGO,IL,60629,28.0,0.0,1.0,0.0,1,1,14,2018.0,2,2,7,-1.0,30,2,1,1,1,1,1,1,1,0,2,2,16,6,5,2020,1.0,0.0,0.0,0.0,2.0,0,0,1,1,1,1,1
948,45121,CHICAGO,IL,60629,28.0,0.0,1.0,0.0,1,17,52,2016.0,1,1,1,9.0,30,2,1,1,1,1,1,1,1,0,2,2,16,6,5,2020,1.0,0.0,0.0,0.0,2.0,0,0,1,1,1,1,1
949,45219,CHICAGO,IL,60622,35.0,0.0,0.0,0.0,1,8,34,2013.0,2,2,1,2.0,30,1,1,1,1,3,0,1,1,0,2,2,15,6,5,2020,0.0,1.0,0.0,0.0,0.0,0,1,0,1,0,1,0
950,45256,CHICAGO,IL,60639,27.0,0.0,0.0,0.0,1,1,1,2012.0,1,4,3,11.0,30,2,1,1,1,1,1,1,1,0,2,2,16,6,5,2020,0.0,1.0,0.0,0.0,0.0,0,0,1,1,1,1,0
951,45368,LANSING,IL,60438,26.0,0.0,0.0,0.0,1,8,34,2010.0,1,5,1,1.0,30,2,0,1,4,2,10,1,1,0,1,2,19,6,5,2020,0.0,1.0,0.0,0.0,0.0,0,0,1,1,1,1,1
952,45369,LANSING,IL,60438,26.0,0.0,0.0,0.0,1,1,132,2000.0,1,3,2,5.0,30,2,0,1,4,2,10,1,1,0,1,2,19,6,5,2020,0.0,1.0,0.0,0.0,0.0,0,0,1,1,1,1,1
953,45692,CHICAGO,IL,60643,27.0,0.0,0.0,0.0,1,6,46,2000.0,3,2,1,1.0,30,1,1,2,1,3,1,1,2,0,2,4,15,5,6,2020,0.0,1.0,0.0,0.0,0.0,0,0,1,0,1,1,0
954,45694,CHICAGO,IL,60643,27.0,0.0,0.0,0.0,1,3,1,2005.0,1,2,1,2.0,30,1,1,2,1,3,1,1,2,0,2,4,15,5,6,2020,0.0,1.0,0.0,0.0,0.0,0,0,1,0,1,1,0
955,45695,CHICAGO,IL,60643,27.0,0.0,0.0,0.0,1,3,3,2018.0,1,2,1,2.0,30,1,1,2,1,3,1,1,2,0,2,4,15,5,6,2020,0.0,1.0,0.0,0.0,0.0,0,0,1,0,1,1,0
956,45697,CHICAGO,IL,60643,27.0,0.0,0.0,0.0,1,3,1,2005.0,1,2,1,2.0,30,1,1,2,1,3,1,1,2,0,2,4,15,5,6,2020,0.0,1.0,0.0,0.0,0.0,0,0,1,0,1,1,0
957,45698,CHICAGO,IL,60643,27.0,0.0,0.0,0.0,1,3,3,2018.0,1,2,1,2.0,30,1,1,2,1,3,1,1,2,0,2,4,15,5,6,2020,0.0,1.0,0.0,0.0,0.0,0,0,1,0,1,1,0
958,45724,CHICAGO,IL,60643,27.0,0.0,0.0,0.0,1,6,46,2000.0,3,2,1,1.0,30,1,1,2,1,3,1,1,2,0,2,4,15,5,6,2020,0.0,1.0,0.0,0.0,0.0,0,0,1,0,1,1,0
959,45726,CHICAGO,IL,60643,27.0,0.0,0.0,0.0,1,3,1,2005.0,1,2,1,2.0,30,1,1,2,1,3,1,1,2,0,2,4,15,5,6,2020,0.0,1.0,0.0,0.0,0.0,0,0,1,0,1,1,0
960,45727,CHICAGO,IL,60643,27.0,0.0,0.0,0.0,1,3,3,2018.0,1,2,1,2.0,30,1,1,2,1,3,1,1,2,0,2,4,15,5,6,2020,0.0,1.0,0.0,0.0,0.0,0,0,1,0,1,1,0
961,45729,CHICAGO,IL,60643,27.0,0.0,0.0,0.0,1,3,1,2005.0,1,2,1,2.0,30,1,1,2,1,3,1,1,2,0,2,4,15,5,6,2020,0.0,1.0,0.0,0.0,0.0,0,0,1,0,1,1,0
962,45730,CHICAGO,IL,60643,27.0,0.0,0.0,0.0,1,3,3,2018.0,1,2,1,2.0,30,1,1,2,1,3,1,1,2,0,2,4,15,5,6,2020,0.0,1.0,0.0,0.0,0.0,0,0,1,0,1,1,0
963,45899,CHICAGO,IL,60641,31.0,0.0,0.0,0.0,1,2,19,2005.0,2,3,3,2.0,30,1,1,1,1,3,0,1,1,0,1,3,6,1,6,2020,1.0,0.0,0.0,0.0,0.0,0,1,0,0,1,1,0
964,45917,CHICAGO,IL,60641,38.0,0.0,3.0,0.0,1,8,15,2019.0,1,2,1,4.0,30,1,1,1,2,1,5,1,1,0,2,2,21,1,6,2020,1.0,0.0,0.0,0.0,3.0,0,0,1,1,1,1,1
965,45918,CHICAGO,IL,60641,38.0,0.0,3.0,0.0,1,7,10,2019.0,1,1,1,12.0,30,1,1,1,2,1,5,1,1,0,2,2,21,1,6,2020,1.0,0.0,0.0,0.0,3.0,0,0,1,1,1,1,1
966,45919,WESTMONT,IL,60559,31.0,0.0,0.0,0.0,1,8,15,2019.0,1,2,1,4.0,30,1,1,1,2,1,5,1,1,0,2,2,21,1,6,2020,1.0,0.0,0.0,0.0,3.0,0,0,1,0,1,1,1
967,45920,WESTMONT,IL,60559,31.0,0.0,0.0,0.0,1,7,10,2019.0,1,1,1,12.0,30,1,1,1,2,1,5,1,1,0,2,2,21,1,6,2020,1.0,0.0,0.0,0.0,3.0,0,0,1,0,1,1,1
968,45935,CHICAGO,IL,60641,36.9,0.0,3.0,0.0,1,2,19,2011.0,1,2,1,4.0,30,1,1,1,2,1,1,1,1,0,1,2,1,2,6,2020,1.0,0.0,0.0,0.0,2.0,0,0,1,0,1,1,0
969,45936,CHICAGO,IL,60641,36.9,0.0,3.0,0.0,1,16,112,2016.0,1,1,1,5.0,30,1,1,1,2,1,1,1,1,0,1,2,1,2,6,2020,1.0,0.0,0.0,0.0,2.0,0,0,1,0,1,1,0
970,45937,CHICAGO,IL,60615,47.0,0.0,0.0,0.0,1,2,19,2011.0,1,2,1,4.0,30,1,1,1,2,1,1,1,1,0,1,2,1,2,6,2020,1.0,0.0,0.0,0.0,2.0,0,0,1,1,1,1,0
971,45938,CHICAGO,IL,60615,47.0,0.0,0.0,0.0,1,16,112,2016.0,1,1,1,5.0,30,1,1,1,2,1,1,1,1,0,1,2,1,2,6,2020,1.0,0.0,0.0,0.0,2.0,0,0,1,1,1,1,0