,index,CITY,STATE,ZIPCODE,AGE,EJECTION,DRIVER_ACTION,BAC_RESULT,UNIT_TYPE,MAKE,MODEL,VEHICLE_YEAR,VEHICLE_TYPE,TRAVEL_DIRECTION,MANEUVER,FIRST_CONTACT_POINT,POSTED_SPEED_LIMIT,TRAFFIC_CONTROL_DEVICE,DEVICE_CONDITION,WEATHER_CONDITION,LIGHTING_CONDITION,FIRST_CRASH_TYPE,TRAFFICWAY_TYPE,ALIGNMENT,ROADWAY_SURFACE_COND,ROAD_DEFECT,STREET_DIRECTION,NUM_UNITS,CRASH_HOUR,CRASH_DAY_OF_WEEK,CRASH_MONTH,CRASH_YEAR,FATAL_INBOTH,FATAL_CARPPL,FATAL_OTHPPL,FATAL_INAUTO,FATAL_DEGREE,DAMAGE_500_OR_LESS,DAMAGE_501_1500,DAMAGE_OVER_1500,SEX,INTERSECTION_RELATED,HIT_AND_RUN,REPORTYPE
972,46016,CICERO,IL,60804,21.0,0.0,0.0,0.0,1,18,106,2011.0,1,1,1,1.0,30,1,1,1,1,3,0,1,1,0,1,2,11,7,5,2020,0.0,1.0,0.0,0.0,0.0,0,1,0,1,1,1,1
973,46017,CICERO,IL,60804,21.0,0.0,0.0,0.0,1,3,28,2007.0,1,1,1,2.0,30,1,1,1,1,3,0,1,1,0,1,2,11,7,5,2020,0.0,1.0,0.0,0.0,0.0,0,1,0,1,1,1,1
974,46178,ADDISON,IL,60101,31.0,0.0,0.0,0.0,1,32,1,2006.0,6,2,1,2.0,35,1,1,1,3,3,2,1,1,0,2,2,0,7,5,2020,0.0,1.0,0.0,0.0,0.0,0,0,1,1,1,1,0
975,46370,CHICAGO,IL,60629,28.0,0.0,0.0,0.0,1,4,5,2018.0,1,1,3,3.0,30,1,1,1,1,7,5,1,2,0,1,2,17,7,5,2020,0.0,1.0,0.0,0.0,0.0,0,0,1,1,1,1,1
976,46416,CHICAGO,IL,60625,23.0,0.0,0.0,0.0,1,16,112,2020.0,1,4,1,1.0,30,2,1,1,1,1,0,1,1,0,2,2,18,7,5,2020,0.0,1.0,0.0,0.0,0.0,0,0,1,1,1,1,1
977,46728,CHICAGO,IL,60644,68.0,0.0,0.0,0.0,1,11,35,2015.0,1,2,3,3.0,30,1,1,2,1,4,3,1,2,0,2,2,16,7,5,2020,0.0,1.0,0.0,0.0,0.0,0,0,1,1,1,1,0
978,46853,CHICAGO,IL,60616,39.0,0.0,0.0,0.0,1,1,177,2011.0,1,2,1,1.0,35,1,1,1,1,3,1,1,1,0,2,2,16,6,6,2020,0.0,1.0,0.0,0.0,0.0,0,1,0,0,0,1,1
979,46854,CHICAGO,IL,60616,39.0,0.0,0.0,0.0,1,18,151,2017.0,1,2,3,2.0,35,1,1,1,1,3,1,1,1,0,2,2,16,6,6,2020,0.0,1.0,0.0,0.0,0.0,0,1,0,0,0,1,1
980,47009,HAZEL_CREST,IL,60429,21.0,0.0,2.0,0.0,1,8,55,2009.0,1,1,2,3.0,30,1,1,1,2,2,12,1,1,-1,1,2,1,2,6,2020,1.0,0.0,0.0,0.0,1.0,0,0,1,0,1,0,1
981,47010,HAZEL_CREST,IL,60429,21.0,0.0,2.0,0.0,1,2,8,2014.0,1,1,1,4.0,30,1,1,1,2,2,12,1,1,-1,1,2,1,2,6,2020,1.0,0.0,0.0,0.0,1.0,0,0,1,0,1,0,1
982,47011,CHICAGO,IL,60617,22.0,0.0,-1.0,0.0,1,8,55,2009.0,1,1,2,3.0,30,1,1,1,2,2,12,1,1,-1,1,2,1,2,6,2020,1.0,0.0,0.0,0.0,1.0,0,0,1,1,1,0,1
983,47012,CHICAGO,IL,60617,22.0,0.0,-1.0,0.0,1,2,8,2014.0,1,1,1,4.0,30,1,1,1,2,2,12,1,1,-1,1,2,1,2,6,2020,1.0,0.0,0.0,0.0,1.0,0,0,1,1,1,0,1
984,47058,CHICAGO,IL,60629,26.0,0.0,0.0,0.0,1,30,1,2003.0,1,1,1,12.0,25,2,1,1,1,12,0,1,1,0,1,2,11,1,5,2020,0.0,1.0,0.0,0.0,0.0,0,0,1,1,1,1,0
985,47084,CHICAGO,IL,60625,24.0,0.0,0.0,0.0,1,5,7,2000.0,1,2,9,2.0,25,1,1,1,1,3,0,1,1,0,2,2,13,1,5,2020,0.0,1.0,0.0,0.0,0.0,0,1,0,1,1,1,0
986,47142,CHICAGO,IL,60623,25.0,0.0,8.0,-1.0,1,6,21,2019.0,1,3,6,4.0,30,1,1,1,1,5,2,2,1,0,1,2,14,1,5,2020,1.0,0.0,0.0,0.0,3.0,0,0,1,1,1,0,1
987,47144,MAYWOOD,IL,60153,62.0,-1.0,0.0,0.0,1,6,21,2019.0,1,3,6,4.0,30,1,1,1,1,5,2,2,1,0,1,2,14,1,5,2020,0.0,0.0,0.0,0.0,3.0,0,0,1,1,1,0,1
988,47220,CHICAGO,IL,60623,32.0,0.0,0.0,0.0,1,4,5,2015.0,1,2,1,1.0,30,1,1,1,1,2,5,1,1,0,1,2,17,1,5,2020,0.0,1.0,0.0,0.0,0.0,0,1,0,0,1,1,1
989,47221,CHICAGO,IL,60623,32.0,0.0,0.0,0.0,1,17,349,2018.0,1,8,2,1.0,30,1,1,1,1,2,5,1,1,0,1,2,17,1,5,2020,0.0,1.0,0.0,0.0,0.0,0,1,0,0,1,1,1
990,47227,OAK_PARK,IL,60302,33.0,0.0,0.0,0.0,1,16,168,2013.0,1,4,1,-1.0,30,1,1,1,1,4,0,1,1,0,1,2,11,1,5,2020,0.0,1.0,0.0,0.0,0.0,0,0,1,1,1,1,0
991,47500,CHICAGO,IL,60641,18.0,0.0,0.0,0.0,1,15,1,2005.0,1,4,1,1.0,30,2,1,1,2,3,0,1,1,0,2,2,21,1,5,2020,0.0,1.0,0.0,0.0,0.0,0,0,1,0,1,1,0
992,47501,CHICAGO,IL,60641,18.0,0.0,0.0,0.0,1,1,1,2002.0,2,4,3,8.0,30,2,1,1,2,3,0,1,1,0,2,2,21,1,5,2020,0.0,1.0,0.0,0.0,0.0,0,0,1,0,1,1,0
993,47520,CHICAGO,IL,60641,38.0,1.0,-1.0,0.0,1,1,76,2003.0,2,-1,-1,-1.0,30,1,-1,1,1,9,0,1,1,-1,2,2,18,1,5,2020,1.0,0.0,0.0,0.0,3.0,0,0,1,0,1,1,0
994,47522,CHICAGO,IL,60622,35.0,1.0,0.0,0.0,1,1,76,2003.0,2,-1,-1,-1.0,30,1,-1,1,1,9,0,1,1,-1,2,2,18,1,5,2020,0.0,0.0,0.0,1.0,3.0,0,0,1,1,1,1,0
995,47533,CHICAGO,IL,60620,46.0,0.0,0.0,0.0,1,6,46,2006.0,3,1,1,1.0,30,1,1,1,1,3,3,1,1,0,1,2,16,1,5,2020,0.0,1.0,0.0,0.0,0.0,0,0,1,1,1,1,0
996,47534,CHICAGO,IL,60620,46.0,0.0,0.0,0.0,1,17,65,2016.0,3,1,1,1.0,30,1,1,1,1,3,3,1,1,0,1,2,16,1,5,2020,0.0,1.0,0.0,0.0,0.0,0,0,1,1,1,1,0
997,47535,CHICAGO,IL,60620,46.0,0.0,0.0,0.0,1,14,143,2002.0,2,1,3,7.0,30,1,1,1,1,3,3,1,1,0,1,2,16,1,5,2020,0.0,1.0,0.0,0.0,0.0,0,0,1,1,1,1,0
998,47536,CHICAGO,IL,60620,46.0,0.0,0.0,0.0,1,14,143,2002.0,2,1,3,7.0,30,1,1,1,1,3,3,1,1,0,1,2,16,1,5,2020,0.0,1.0,0.0,0.0,0.0,0,0,1,1,1,1,0
999,47537,CHICAGO,IL,60620,46.0,0.0,0.0,0.0,1,6,46,2006.0,3,1,1,1.0,30,1,1,1,1,3,3,1,1,0,1,2,16,1,5,2020,0.0,1.0,0.0,0.0,0.0,0,0,1,1,1,1,0
1000,47538,CHICAGO,IL,60620,46.0,0.0,0.0,0.0,1,17,65,2016.0,3,1,1,1.0,30,1,1,1,1,3,3,1,1,0,1,2,16,1,5,2020,0.0,1.0,0.0,0.0,0.0,0,0,1,1,1,1,0
1001,47539,CHICAGO,IL,60620,46.0,0.0,0.0,0.0,1,14,143,2002.0,2,1,3,7.0,30,1,1,1,1,3,3,1,1,0,1,2,16,1,5,2020,0.0,1.0,0.0,0.0,0.0,0,0,1,1,1,1,0
1002,47540,CHICAGO,IL,60620,46.0,0.0,0.0,0.0,1,14,143,2002.0,2,1,3,7.0,30,1,1,1,1,3,3,1,1,0,1,2,16,1,5,2020,0.0,1.0,0.0,0.0,0.0,0,0,1,1,1,1,0
1003,47630,CHICAGO,IL,60620,70.0,0.0,0.0,0.0,1,3,3,2005.0,1,4,3,5.0,30,1,1,1,1,2,2,1,1,0,1,3,17,6,6,2020,0.0,1.0,0.0,0.0,0.0,0,1,0,1,1,1,0
1004,47631,CHICAGO,IL,60620,70.0,0.0,0.0,0.0,1,3,3,2001.0,1,3,1,3.0,30,1,1,1,1,2,2,1,1,0,1,3,17,6,6,2020,0.0,1.0,0.0,0.0,0.0,0,1,0,1,1,1,0
1005,47633,CHICAGO,IL,60620,73.0,0.0,0.0,0.0,1,3,3,2005.0,1,4,3,5.0,30,1,1,1,1,2,2,1,1,0,1,3,17,6,6,2020,0.0,1.0,0.0,0.0,0.0,0,1,0,0,1,1,0
1006,47634,CHICAGO,IL,60620,73.0,0.0,0.0,0.0,1,3,3,2001.0,1,3,1,3.0,30,1,1,1,1,2,2,1,1,0,1,3,17,6,6,2020,0.0,1.0,0.0,0.0,0.0,0,1,0,0,1,1,0
1007,47641,CHICAGO,IL,60628,33.0,0.0,0.0,0.0,1,40,331,1974.0,1,4,1,4.0,30,0,0,1,1,6,6,1,1,0,2,2,14,1,6,2020,1.0,0.0,0.0,0.0,0.0,0,1,0,1,1,0,1
1008,47642,CHICAGO,IL,60628,33.0,0.0,0.0,0.0,1,13,72,2006.0,1,2,1,3.0,30,0,0,1,1,6,6,1,1,0,2,2,14,1,6,2020,1.0,0.0,0.0,0.0,0.0,0,1,0,1,1,0,1
1009,47643,CHICAGO,IL,60628,26.0,0.0,4.0,0.0,1,40,331,1974.0,1,4,1,4.0,30,0,0,1,1,6,6,1,1,0,2,2,14,1,6,2020,1.0,0.0,0.0,0.0,0.0,0,1,0,1,1,0,1
1010,47644,CHICAGO,IL,60628,26.0,0.0,4.0,0.0,1,13,72,2006.0,1,2,1,3.0,30,0,0,1,1,6,6,1,1,0,2,2,14,1,6,2020,1.0,0.0,0.0,0.0,0.0,0,1,0,1,1,0,1
1011,47965,OAK_LAWN,IL,60453,39.0,0.0,0.0,0.0,1,4,371,2016.0,3,6,1,6.0,30,1,1,1,1,1,0,1,1,0,1,2,8,2,5,2020,1.0,0.0,0.0,0.0,0.0,0,0,1,1,1,1,1
1012,48278,OAK_LAWN,IL,60453,36.9,0.0,3.0,0.0,1,6,1,2016.0,2,1,1,1.0,30,1,1,1,1,2,4,1,1,0,1,2,20,2,5,2020,1.0,0.0,0.0,0.0,2.0,0,0,1,1,1,1,1
1013,48279,OAK_LAWN,IL,60453,36.9,0.0,3.0,0.0,1,2,68,2004.0,1,4,2,5.0,30,1,1,1,1,2,4,1,1,0,1,2,20,2,5,2020,1.0,0.0,0.0,0.0,2.0,0,0,1,1,1,1,1
1014,48280,OSWEGO,IL,60543,56.0,0.0,0.0,0.0,1,6,1,2016.0,2,1,1,1.0,30,1,1,1,1,2,4,1,1,0,1,2,20,2,5,2020,1.0,0.0,0.0,0.0,2.0,0,0,1,0,1,1,1
1015,48281,OSWEGO,IL,60543,56.0,0.0,0.0,0.0,1,2,68,2004.0,1,4,2,5.0,30,1,1,1,1,2,4,1,1,0,1,2,20,2,5,2020,1.0,0.0,0.0,0.0,2.0,0,0,1,0,1,1,1
1016,48344,OAK_LAWN,IL,60453,38.0,0.0,3.0,0.0,1,1,27,2010.0,2,4,2,1.0,30,1,1,1,2,5,0,1,1,0,1,2,22,2,5,2020,1.0,0.0,0.0,0.0,3.0,0,0,1,0,1,1,1
1017,48346,CHICAGO,IL,60608,29.0,-1.0,0.0,0.0,1,1,27,2010.0,2,4,2,1.0,30,1,1,1,2,5,0,1,1,0,1,2,22,2,5,2020,0.0,0.0,0.0,0.0,3.0,0,0,1,0,1,1,1
1018,48375,CHICAGO,IL,60653,19.0,0.0,0.0,0.0,1,27,62,2003.0,1,3,1,1.0,30,1,1,1,2,1,1,1,1,0,4,2,22,2,5,2020,1.0,0.0,0.0,0.0,2.0,0,0,1,1,1,1,0
1019,48376,CHICAGO,IL,60653,19.0,0.0,0.0,0.0,1,7,25,2007.0,1,4,1,6.0,30,1,1,1,2,1,1,1,1,0,4,2,22,2,5,2020,1.0,0.0,0.0,0.0,2.0,0,0,1,1,1,1,0
1020,48377,CHICAGO,IL,60653,19.0,0.0,0.0,0.0,1,27,62,2003.0,1,3,1,1.0,30,1,1,1,2,1,1,1,1,0,4,2,22,2,5,2020,1.0,0.0,0.0,0.0,2.0,0,0,1,1,1,1,0
1021,48378,CHICAGO,IL,60653,19.0,0.0,0.0,0.0,1,7,25,2007.0,1,4,1,6.0,30,1,1,1,2,1,1,1,1,0,4,2,22,2,5,2020,1.0,0.0,0.0,0.0,2.0,0,0,1,1,1,1,0
1022,48379,OAK_LAWN,IL,60453,36.9,0.0,3.0,0.0,1,27,62,2003.0,1,3,1,1.0,30,1,1,1,2,1,1,1,1,0,4,2,22,2,5,2020,1.0,0.0,0.0,0.0,2.0,0,0,1,1,1,1,0
1023,48380,OAK_LAWN,IL,60453,36.9,0.0,3.0,0.0,1,7,25,2007.0,1,4,1,6.0,30,1,1,1,2,1,1,1,1,0,4,2,22,2,5,2020,1.0,0.0,0.0,0.0,2.0,0,0,1,1,1,1,0
1024,48381,OAK_LAWN,IL,60453,36.9,0.0,3.0,0.0,1,27,62,2003.0,1,3,1,1.0,30,1,1,1,2,1,1,1,1,0,4,2,22,2,5,2020,1.0,0.0,0.0,0.0,2.0,0,0,1,1,1,1,0
1025,48382,OAK_LAWN,IL,60453,36.9,0.0,3.0,0.0,1,7,25,2007.0,1,4,1,6.0,30,1,1,1,2,1,1,1,1,0,4,2,22,2,5,2020,1.0,0.0,0.0,0.0,2.0,0,0,1,1,1,1,0
1026,48383,CHICAGO,IL,60653,19.0,0.0,0.0,0.0,1,27,62,2003.0,1,3,1,1.0,30,1,1,1,2,1,1,1,1,0,4,2,22,2,5,2020,1.0,0.0,0.0,0.0,2.0,0,0,1,1,1,1,0
1027,48384,CHICAGO,IL,60653,19.0,0.0,0.0,0.0,1,7,25,2007.0,1,4,1,6.0,30,1,1,1,2,1,1,1,1,0,4,2,22,2,5,2020,1.0,0.0,0.0,0.0,2.0,0,0,1,1,1,1,0
1028,48385,CHICAGO,IL,60653,19.0,0.0,0.0,0.0,1,27,62,2003.0,1,3,1,1.0,30,1,1,1,2,1,1,1,1,0,4,2,22,2,5,2020,1.0,0.0,0.0,0.0,2.0,0,0,1,1,1,1,0
1029,48386,CHICAGO,IL,60653,19.0,0.0,0.0,0.0,1,7,25,2007.0,1,4,1,6.0,30,1,1,1,2,1,1,1,1,0,4,2,22,2,5,2020,1.0,0.0,0.0,0.0,2.0,0,0,1,1,1,1,0
1030,48387,OAK_LAWN,IL,60453,36.9,0.0,3.0,0.0,1,27,62,2003.0,1,3,1,1.0,30,1,1,1,2,1,1,1,1,0,4,2,22,2,5,2020,1.0,0.0,0.0,0.0,2.0,0,0,1,1,1,1,0
1031,48388,OAK_LAWN,IL,60453,36.9,0.0,3.0,0.0,1,7,25,2007.0,1,4,1,6.0,30,1,1,1,2,1,1,1,1,0,4,2,22,2,5,2020,1.0,0.0,0.0,0.0,2.0,0,0,1,1,1,1,0
1032,48389,OAK_LAWN,IL,60453,36.9,0.0,3.0,0.0,1,27,62,2003.0,1,3,1,1.0,30,1,1,1,2,1,1,1,1,0,4,2,22,2,5,2020,1.0,0.0,0.0,0.0,2.0,0,0,1,1,1,1,0
1033,48390,OAK_LAWN,IL,60453,36.9,0.0,3.0,0.0,1,7,25,2007.0,1,4,1,6.0,30,1,1,1,2,1,1,1,1,0,4,2,22,2,5,2020,1.0,0.0,0.0,0.0,2.0,0,0,1,1,1,1,0
1034,48616,CHICAGO,IL,60620,46.0,0.0,0.0,0.0,1,12,142,2001.0,1,4,2,6.0,35,1,1,1,1,2,4,1,1,0,1,2,10,7,6,2020,0.0,1.0,0.0,0.0,0.0,0,0,1,0,1,1,0
1035,48640,CROWN_POINT,IN,46307,32.0,0.0,0.0,0.0,1,5,7,2000.0,1,3,1,3.0,30,2,1,1,2,1,1,1,1,0,2,2,22,7,6,2020,1.0,0.0,0.0,0.0,0.0,0,0,1,0,1,1,1
1036,48702,UNKNOWN,XX,0,36.0,0.0,2.0,0.0,1,4,1,2019.0,2,3,1,-1.0,15,0,0,1,2,1,1,1,2,0,2,2,0,4,6,2020,1.0,0.0,0.0,0.0,1.0,0,0,1,1,1,1,1
1037,48703,UNKNOWN,XX,0,36.0,0.0,2.0,0.0,1,3,3,2010.0,1,4,16,4.0,15,0,0,1,2,1,1,1,2,0,2,2,0,4,6,2020,1.0,0.0,0.0,0.0,1.0,0,0,1,1,1,1,1
1038,48704,YPSILANTI,MI,48197,21.0,0.0,0.0,0.0,1,4,1,2019.0,2,3,1,-1.0,15,0,0,1,2,1,1,1,2,0,2,2,0,4,6,2020,1.0,0.0,0.0,0.0,1.0,0,0,1,1,1,1,1
1039,48705,YPSILANTI,MI,48197,21.0,0.0,0.0,0.0,1,3,3,2010.0,1,4,16,4.0,15,0,0,1,2,1,1,1,2,0,2,2,0,4,6,2020,1.0,0.0,0.0,0.0,1.0,0,0,1,1,1,1,1
1040,48715,UNKNOWN,XX,0,38.0,-1.0,3.0,0.0,1,2,19,2010.0,-1,3,1,3.0,25,1,1,1,1,5,0,1,1,0,1,2,13,2,5,2020,1.0,0.0,0.0,0.0,3.0,0,0,1,1,1,1,0
1041,48717,UNKNOWN,XX,0,38.0,-1.0,3.0,0.0,1,2,19,2010.0,-1,3,1,3.0,25,1,1,1,1,5,0,1,1,0,1,2,13,2,5,2020,1.0,0.0,0.0,0.0,3.0,0,0,1,1,1,1,0
1042,48723,UNKNOWN,XX,0,38.0,-1.0,3.0,0.0,1,2,19,2010.0,-1,3,1,3.0,25,1,1,1,1,5,0,1,1,0,1,2,13,2,5,2020,1.0,0.0,0.0,0.0,3.0,0,0,1,1,1,1,0
1043,48725,UNKNOWN,XX,0,38.0,-1.0,3.0,0.0,1,2,19,2010.0,-1,3,1,3.0,25,1,1,1,1,5,0,1,1,0,1,2,13,2,5,2020,1.0,0.0,0.0,0.0,3.0,0,0,1,1,1,1,0
1044,49123,CHICAGO,IL,60620,63.0,0.0,8.0,0.0,1,14,241,2005.0,3,3,8,11.0,30,1,1,3,1,4,3,1,1,0,1,2,15,3,5,2020,0.0,1.0,0.0,0.0,0.0,0,1,0,1,1,0,0
1045,49124,CHICAGO,IL,60620,63.0,0.0,8.0,0.0,1,4,5,2016.0,1,3,1,9.0,30,1,1,3,1,4,3,1,1,0,1,2,15,3,5,2020,0.0,1.0,0.0,0.0,0.0,0,1,0,1,1,0,0
1046,49125,CHICAGO,IL,60619,60.0,0.0,0.0,0.0,1,14,241,2005.0,3,3,8,11.0,30,1,1,3,1,4,3,1,1,0,1,2,15,3,5,2020,0.0,1.0,0.0,0.0,0.0,0,1,0,1,1,0,0
1047,49126,CHICAGO,IL,60619,60.0,0.0,0.0,0.0,1,4,5,2016.0,1,3,1,9.0,30,1,1,3,1,4,3,1,1,0,1,2,15,3,5,2020,0.0,1.0,0.0,0.0,0.0,0,1,0,1,1,0,0
1048,49294,CHICAGO,IL,60647,30.0,0.0,0.0,0.0,1,12,32,2016.0,1,2,3,7.0,30,1,1,1,1,3,0,1,1,0,2,2,15,3,5,2020,0.0,1.0,0.0,0.0,0.0,1,0,0,0,1,1,0
1049,49482,CHICAGO,IL,60628,30.0,0.0,0.0,0.0,1,10,26,2016.0,1,1,1,2.0,30,1,1,1,2,3,0,1,1,0,1,2,20,3,5,2020,0.0,1.0,0.0,0.0,0.0,0,0,1,0,1,1,0
1050,49609,CHICAGO,IL,60619,30.0,0.0,3.0,0.0,1,2,8,2010.0,1,2,1,1.0,30,1,1,1,1,1,8,1,1,0,1,2,8,1,5,2020,1.0,0.0,0.0,0.0,3.0,0,0,1,1,1,0,1
1051,49610,CHICAGO,IL,60619,30.0,0.0,3.0,0.0,1,4,5,2018.0,1,3,1,5.0,30,1,1,1,1,1,8,1,1,0,1,2,8,1,5,2020,1.0,0.0,0.0,0.0,3.0,0,0,1,1,1,0,1
1052,49611,CHICAGO,IL,60619,38.0,0.0,0.0,0.0,1,2,8,2010.0,1,2,1,1.0,30,1,1,1,1,1,8,1,1,0,1,2,8,1,5,2020,1.0,0.0,0.0,0.0,3.0,0,0,1,0,1,0,1
1053,49612,CHICAGO,IL,60619,38.0,0.0,0.0,0.0,1,4,5,2018.0,1,3,1,5.0,30,1,1,1,1,1,8,1,1,0,1,2,8,1,5,2020,1.0,0.0,0.0,0.0,3.0,0,0,1,0,1,0,1
1054,49947,CHICAGO,IL,60619,38.0,0.0,-1.0,0.0,1,5,1,2000.0,6,2,-1,-1.0,25,1,1,1,1,4,2,1,1,0,2,2,12,4,5,2020,1.0,0.0,0.0,0.0,3.0,0,1,0,0,1,1,1
1055,49948,CHICAGO,IL,60653,59.0,-1.0,-1.0,0.0,1,-1,1,2010.0,1,2,-1,-1.0,25,1,1,1,1,4,2,1,1,0,2,2,12,4,5,2020,1.0,0.0,0.0,0.0,3.0,0,1,0,1,1,1,1
1056,49949,CHICAGO,IL,60653,59.0,-1.0,-1.0,0.0,1,5,1,2000.0,6,2,-1,-1.0,25,1,1,1,1,4,2,1,1,0,2,2,12,4,5,2020,1.0,0.0,0.0,0.0,3.0,0,1,0,1,1,1,1
1057,49981,CHICAGO,IL,60653,36.0,0.0,-1.0,0.0,1,4,11,2015.0,1,3,3,2.0,30,1,1,1,1,3,0,2,1,0,3,2,14,4,5,2020,1.0,0.0,0.0,0.0,1.0,0,0,1,1,1,1,1
1058,49982,CHICAGO,IL,60618,24.0,0.0,0.0,0.0,1,-1,1,2010.0,1,3,-1,1.0,30,1,1,1,1,3,0,2,1,0,3,2,14,4,5,2020,1.0,0.0,0.0,0.0,1.0,0,0,1,0,1,1,1
1059,49983,CHICAGO,IL,60618,24.0,0.0,0.0,0.0,1,4,11,2015.0,1,3,3,2.0,30,1,1,1,1,3,0,2,1,0,3,2,14,4,5,2020,1.0,0.0,0.0,0.0,1.0,0,0,1,0,1,1,1
1060,50047,CHICAGO,IL,60638,38.0,1.0,0.0,0.0,1,21,300,2011.0,3,3,4,4.0,30,0,0,1,1,9,0,1,1,0,1,2,14,4,5,2020,0.0,0.0,0.0,1.0,2.0,0,0,1,0,1,1,1
1061,50224,CHICAGO,IL,60641,32.0,0.0,0.0,0.0,1,7,10,2020.0,1,2,1,2.0,30,1,1,1,1,3,0,1,1,0,2,2,18,4,5,2020,0.0,1.0,0.0,0.0,0.0,0,1,0,1,1,1,0
1062,50438,CHICAGO,IL,60641,36.9,0.0,3.0,0.0,1,1,20,2018.0,1,1,1,3.0,30,1,1,1,2,1,1,1,1,0,2,2,23,4,5,2020,1.0,0.0,0.0,0.0,2.0,0,0,1,0,1,1,1
1063,50439,CHICAGO,IL,60624,33.0,0.0,0.0,0.0,1,13,1,2011.0,1,2,1,1.0,30,1,1,1,2,1,1,1,1,0,2,2,23,4,5,2020,1.0,0.0,0.0,0.0,2.0,0,0,1,1,1,1,1
1064,50440,CHICAGO,IL,60624,33.0,0.0,0.0,0.0,1,1,20,2018.0,1,1,1,3.0,30,1,1,1,2,1,1,1,1,0,2,2,23,4,5,2020,1.0,0.0,0.0,0.0,2.0,0,0,1,1,1,1,1
1065,50442,MESQUITE,TX,75149,30.0,0.0,0.0,0.0,1,2,8,2019.0,1,1,4,6.0,30,1,1,1,2,2,6,1,1,0,2,2,23,4,5,2020,0.0,1.0,0.0,0.0,0.0,0,1,0,1,1,1,1
1066,50483,CHICAGO,IL,60634,60.0,0.0,0.0,0.0,1,3,28,2019.0,1,3,3,2.0,35,2,1,1,2,3,2,1,1,0,1,2,23,4,5,2020,0.0,1.0,0.0,0.0,0.0,0,0,1,1,0,1,1
1067,50709,CHICAGO,IL,60644,41.0,0.0,0.0,0.0,1,1,77,2009.0,1,2,1,4.0,30,1,1,1,1,4,0,1,1,0,2,2,11,6,6,2020,0.0,1.0,0.0,0.0,0.0,0,0,1,1,1,1,0
1068,50814,CHICAGO,IL,60619,66.0,0.0,0.0,0.0,1,10,67,2012.0,1,2,3,2.0,30,1,1,3,1,3,2,1,1,0,1,2,12,5,5,2020,0.0,1.0,0.0,0.0,0.0,0,1,0,1,1,1,0
1069,50934,CHICAGO,IL,60619,25.0,0.0,-1.0,0.0,1,7,59,2010.0,1,2,-1,-1.0,20,2,1,1,1,8,1,1,1,0,2,3,15,5,5,2020,1.0,0.0,0.0,0.0,3.0,0,0,1,1,1,1,1
1070,50935,CHICAGO,IL,60619,25.0,0.0,-1.0,0.0,2,13,1,2010.0,1,2,5,2.0,20,2,1,1,1,8,1,1,1,0,2,3,15,5,5,2020,1.0,0.0,0.0,0.0,3.0,0,0,1,1,1,1,1
1071,50936,CHICAGO,IL,60619,25.0,0.0,-1.0,0.0,1,21,1,2010.0,1,2,1,7.0,20,2,1,1,1,8,1,1,1,0,2,3,15,5,5,2020,1.0,0.0,0.0,0.0,3.0,0,0,1,1,1,1,1
1072,50995,PARK_FOREST,IL,60466,36.0,0.0,0.0,0.0,1,13,72,2006.0,-1,3,1,1.0,25,2,1,1,1,1,0,1,1,0,2,2,16,5,5,2020,1.0,0.0,0.0,0.0,0.0,0,0,1,1,1,1,1
1073,50996,PARK_FOREST,IL,60466,36.0,0.0,0.0,0.0,1,24,317,2014.0,1,2,1,7.0,25,2,1,1,1,1,0,1,1,0,2,2,16,5,5,2020,1.0,0.0,0.0,0.0,0.0,0,0,1,1,1,1,1
1074,51046,CHICAGO,IL,60651,38.0,-1.0,-1.0,0.0,1,23,95,2007.0,2,1,3,2.0,30,1,1,1,1,3,1,1,1,0,1,2,17,5,5,2020,1.0,0.0,0.0,0.0,3.0,0,0,1,1,1,1,1
1075,51047,CHICAGO,IL,60651,38.0,-1.0,-1.0,0.0,1,1,1,2013.0,1,1,1,1.0,30,1,1,1,1,3,1,1,1,0,1,2,17,5,5,2020,1.0,0.0,0.0,0.0,3.0,0,0,1,1,1,1,1
1076,51048,CHICAGO,IL,60632,44.0,0.0,0.0,0.0,1,23,95,2007.0,2,1,3,2.0,30,1,1,1,1,3,1,1,1,0,1,2,17,5,5,2020,1.0,0.0,0.0,0.0,3.0,0,0,1,0,1,1,1
1077,51049,CHICAGO,IL,60632,44.0,0.0,0.0,0.0,1,1,1,2013.0,1,1,1,1.0,30,1,1,1,1,3,1,1,1,0,1,2,17,5,5,2020,1.0,0.0,0.0,0.0,3.0,0,0,1,0,1,1,1
1078,51122,CHICAGO,IL,60632,36.9,0.0,3.0,0.0,1,-1,1,2011.0,4,4,1,1.0,30,1,1,1,1,1,1,1,1,0,2,2,17,5,5,2020,1.0,0.0,0.0,0.0,2.0,0,0,1,1,1,1,1