,index,CITY,STATE,ZIPCODE,AGE,EJECTION,DRIVER_ACTION,BAC_RESULT,UNIT_TYPE,MAKE,MODEL,VEHICLE_YEAR,VEHICLE_TYPE,TRAVEL_DIRECTION,MANEUVER,FIRST_CONTACT_POINT,POSTED_SPEED_LIMIT,TRAFFIC_CONTROL_DEVICE,DEVICE_CONDITION,WEATHER_CONDITION,LIGHTING_CONDITION,FIRST_CRASH_TYPE,TRAFFICWAY_TYPE,ALIGNMENT,ROADWAY_SURFACE_COND,ROAD_DEFECT,STREET_DIRECTION,NUM_UNITS,CRASH_HOUR,CRASH_DAY_OF_WEEK,CRASH_MONTH,CRASH_YEAR,FATAL_INBOTH,FATAL_CARPPL,FATAL_OTHPPL,FATAL_INAUTO,FATAL_DEGREE,DAMAGE_500_OR_LESS,DAMAGE_501_1500,DAMAGE_OVER_1500,SEX,INTERSECTION_RELATED,HIT_AND_RUN,REPORTYPE
1079,51123,CHICAGO,IL,60632,36.9,0.0,3.0,0.0,1,1,14,2013.0,1,3,1,9.0,30,1,1,1,1,1,1,1,1,0,2,2,17,5,5,2020,1.0,0.0,0.0,0.0,2.0,0,0,1,1,1,1,1
1080,51124,CHICAGO,IL,60641,30.0,0.0,0.0,0.0,1,-1,1,2011.0,4,4,1,1.0,30,1,1,1,1,1,1,1,1,0,2,2,17,5,5,2020,1.0,0.0,0.0,0.0,2.0,0,0,1,0,1,1,1
1081,51125,CHICAGO,IL,60641,30.0,0.0,0.0,0.0,1,1,14,2013.0,1,3,1,9.0,30,1,1,1,1,1,1,1,1,0,2,2,17,5,5,2020,1.0,0.0,0.0,0.0,2.0,0,0,1,0,1,1,1
1082,51315,CHICAGO,IL,60618,57.0,0.0,0.0,0.0,1,3,12,2005.0,1,1,1,11.0,30,2,1,1,2,1,0,1,1,0,3,2,20,5,5,2020,0.0,1.0,0.0,0.0,0.0,0,0,1,1,1,1,0
1083,51392,MERRIVILLE,IN,46410,23.0,0.0,0.0,0.0,1,10,67,2011.0,1,4,1,1.0,30,0,0,1,1,2,2,1,1,0,2,2,19,5,5,2020,1.0,0.0,0.0,0.0,1.0,0,0,1,0,1,1,0
1084,51393,MERRIVILLE,IN,46410,23.0,0.0,0.0,0.0,1,3,1,2010.0,1,2,2,5.0,30,0,0,1,1,2,2,1,1,0,2,2,19,5,5,2020,1.0,0.0,0.0,0.0,1.0,0,0,1,0,1,1,0
1085,51394,UNKNOWN,XX,0,36.0,0.0,2.0,0.0,1,10,67,2011.0,1,4,1,1.0,30,0,0,1,1,2,2,1,1,0,2,2,19,5,5,2020,1.0,0.0,0.0,0.0,1.0,0,0,1,1,1,1,0
1086,51395,UNKNOWN,XX,0,36.0,0.0,2.0,0.0,1,3,1,2010.0,1,2,2,5.0,30,0,0,1,1,2,2,1,1,0,2,2,19,5,5,2020,1.0,0.0,0.0,0.0,1.0,0,0,1,1,1,1,0
1087,51970,ZION,IL,60099,35.0,0.0,0.0,0.0,1,-1,1,2011.0,1,1,6,-1.0,30,3,1,1,1,9,5,3,1,-1,1,2,18,6,5,2020,0.0,0.0,0.0,1.0,2.0,0,0,1,1,1,1,1
1088,52078,CHICAGO,IL,60644,40.0,-1.0,0.0,0.0,1,-1,1,2010.0,-1,4,1,4.0,30,0,0,1,3,5,2,1,1,0,2,2,21,6,5,2020,0.0,0.0,0.0,0.0,3.0,1,0,0,1,1,1,1
1089,52241,ZION,IL,60099,35.0,0.0,0.0,0.0,1,-1,1,2011.0,1,1,6,-1.0,30,3,1,1,1,9,5,3,1,-1,1,2,18,6,5,2020,0.0,0.0,0.0,1.0,2.0,0,0,1,1,1,1,0
1090,52661,UNKNOWN,XX,0,36.0,0.0,-1.0,0.0,1,4,1,2004.0,-1,3,-1,1.0,30,1,-1,-1,-1,3,6,1,-1,-1,1,2,19,7,5,2020,1.0,0.0,0.0,0.0,1.0,0,0,1,0,1,1,0
1091,52662,UNKNOWN,XX,0,36.0,0.0,-1.0,0.0,1,14,101,2017.0,-1,3,9,2.0,30,1,-1,-1,-1,3,6,1,-1,-1,1,2,19,7,5,2020,1.0,0.0,0.0,0.0,1.0,0,0,1,0,1,1,0
1092,52663,CHICAGO,IL,60652,27.0,0.0,-1.0,0.0,1,4,1,2004.0,-1,3,-1,1.0,30,1,-1,-1,-1,3,6,1,-1,-1,1,2,19,7,5,2020,1.0,0.0,0.0,0.0,1.0,0,0,1,1,1,1,0
1093,52664,CHICAGO,IL,60652,27.0,0.0,-1.0,0.0,1,14,101,2017.0,-1,3,9,2.0,30,1,-1,-1,-1,3,6,1,-1,-1,1,2,19,7,5,2020,1.0,0.0,0.0,0.0,1.0,0,0,1,1,1,1,0
1094,52671,UNKNOWN,XX,0,36.9,0.0,3.0,0.0,1,11,1,2011.0,-1,4,1,4.0,30,1,1,1,1,1,1,1,1,0,1,2,19,7,5,2020,1.0,0.0,0.0,0.0,2.0,0,0,1,0,1,1,1
1095,52672,UNKNOWN,XX,0,36.9,0.0,3.0,0.0,1,14,60,2014.0,4,3,1,1.0,30,1,1,1,1,1,1,1,1,0,1,2,19,7,5,2020,1.0,0.0,0.0,0.0,2.0,0,0,1,0,1,1,1
1096,52673,CHICAGO,IL,60619,60.0,0.0,0.0,0.0,1,11,1,2011.0,-1,4,1,4.0,30,1,1,1,1,1,1,1,1,0,1,2,19,7,5,2020,1.0,0.0,0.0,0.0,2.0,0,0,1,1,1,1,1
1097,52674,CHICAGO,IL,60619,60.0,0.0,0.0,0.0,1,14,60,2014.0,4,3,1,1.0,30,1,1,1,1,1,1,1,1,0,1,2,19,7,5,2020,1.0,0.0,0.0,0.0,2.0,0,0,1,1,1,1,1
1098,52761,EVANSTON,IL,60202,52.0,-1.0,-1.0,0.0,1,4,29,2011.0,1,6,4,4.0,30,0,0,1,4,5,0,1,1,0,3,2,23,7,5,2020,0.0,0.0,0.0,0.0,2.0,0,0,1,1,1,1,1
1099,52811,UNKNOWN,XX,0,36.0,0.0,2.0,0.0,1,-1,1,2010.0,-1,2,1,9.0,30,1,1,1,2,9,1,1,1,0,2,2,22,7,5,2020,1.0,0.0,0.0,0.0,1.0,0,0,1,0,1,1,0
1100,52813,CHICAGO,IL,60619,39.0,0.0,0.0,0.0,1,-1,1,2010.0,-1,2,1,9.0,30,1,1,1,2,9,1,1,1,0,2,2,22,7,5,2020,0.0,0.0,0.0,1.0,1.0,0,0,1,1,1,1,0
1101,52969,CHICAGO,IL,60629,36.0,0.0,-1.0,0.0,1,2,180,2010.0,1,1,1,1.0,30,1,1,1,1,3,2,1,1,0,1,2,13,2,6,2020,1.0,0.0,0.0,0.0,1.0,0,1,0,1,1,1,0
1102,52970,CHICAGO,IL,60629,36.0,0.0,-1.0,0.0,1,1,161,2000.0,3,1,3,2.0,30,1,1,1,1,3,2,1,1,0,1,2,13,2,6,2020,1.0,0.0,0.0,0.0,1.0,0,1,0,1,1,1,0
1103,52971,CHICAGO_HEIGHTS,IL,60411,56.0,0.0,0.0,0.0,1,2,180,2010.0,1,1,1,1.0,30,1,1,1,1,3,2,1,1,0,1,2,13,2,6,2020,1.0,0.0,0.0,0.0,1.0,0,1,0,1,1,1,0
1104,52972,CHICAGO_HEIGHTS,IL,60411,56.0,0.0,0.0,0.0,1,1,161,2000.0,3,1,3,2.0,30,1,1,1,1,3,2,1,1,0,1,2,13,2,6,2020,1.0,0.0,0.0,0.0,1.0,0,1,0,1,1,1,0
1105,53090,CHICAGO,IL,60639,26.0,0.0,0.0,0.0,1,10,26,2013.0,1,1,1,1.0,30,2,1,1,2,1,1,1,1,0,1,2,0,1,5,2020,0.0,1.0,0.0,0.0,0.0,0,0,1,0,1,1,0
1106,53106,CHICAGO,IL,60623,16.0,0.0,2.0,0.0,1,10,26,2006.0,1,3,14,11.0,30,1,1,1,1,5,2,1,1,0,3,2,12,1,5,2020,1.0,0.0,0.0,0.0,1.0,0,0,1,0,1,1,0
1107,53108,CHICAGO,IL,60616,49.0,-1.0,12.0,0.0,1,10,26,2006.0,1,3,14,11.0,30,1,1,1,1,5,2,1,1,0,3,2,12,1,5,2020,0.0,0.0,0.0,0.0,1.0,0,0,1,1,1,1,0
1108,53139,CHICAGO,IL,60647,27.0,0.0,0.0,0.0,1,5,13,2018.0,1,2,1,9.0,30,1,1,1,1,2,0,1,1,0,2,2,14,1,5,2020,0.0,1.0,0.0,0.0,0.0,0,0,1,0,1,1,0
1109,53173,CHICAGO,IL,60647,36.0,-1.0,-1.0,0.0,1,1,54,2015.0,4,3,1,1.0,30,1,1,1,1,6,0,1,1,0,3,2,16,1,5,2020,1.0,0.0,0.0,0.0,1.0,0,0,1,1,1,1,0
1110,53174,CHICAGO,IL,60639,24.0,0.0,0.0,0.0,1,13,36,2010.0,1,1,11,-1.0,30,1,1,1,1,6,0,1,1,0,3,2,16,1,5,2020,1.0,0.0,0.0,0.0,1.0,0,0,1,0,1,1,0
1111,53175,CHICAGO,IL,60639,24.0,0.0,0.0,0.0,1,1,54,2015.0,4,3,1,1.0,30,1,1,1,1,6,0,1,1,0,3,2,16,1,5,2020,1.0,0.0,0.0,0.0,1.0,0,0,1,0,1,1,0
1112,53183,CHICAGO,IL,60644,47.0,-1.0,0.0,0.0,1,-1,2,2011.0,-1,2,1,-1.0,30,1,1,1,1,5,1,1,1,0,2,2,16,1,5,2020,0.0,0.0,0.0,0.0,2.0,0,0,1,1,1,1,0
1113,53185,CHICAGO,IL,60644,36.9,0.0,3.0,0.0,1,-1,2,2011.0,-1,2,1,-1.0,30,1,1,1,1,5,1,1,1,0,2,2,16,1,5,2020,1.0,0.0,0.0,0.0,2.0,0,0,1,1,1,1,0
1114,53239,CHICAGO,IL,60644,36.0,-1.0,6.0,0.0,1,-1,1,2010.0,1,3,1,-1.0,30,2,1,1,1,1,2,1,1,0,2,2,17,1,5,2020,1.0,0.0,0.0,0.0,1.0,0,0,1,0,1,1,0
1115,53240,CHICAGO,IL,60644,36.0,-1.0,6.0,0.0,1,3,366,2018.0,1,2,9,6.0,30,2,1,1,1,1,2,1,1,0,2,2,17,1,5,2020,1.0,0.0,0.0,0.0,1.0,0,0,1,0,1,1,0
1116,53241,CHICAGO,IL,60637,68.0,0.0,0.0,0.0,1,-1,1,2010.0,1,3,1,-1.0,30,2,1,1,1,1,2,1,1,0,2,2,17,1,5,2020,1.0,0.0,0.0,0.0,1.0,0,0,1,1,1,1,0
1117,53242,CHICAGO,IL,60637,68.0,0.0,0.0,0.0,1,3,366,2018.0,1,2,9,6.0,30,2,1,1,1,1,2,1,1,0,2,2,17,1,5,2020,1.0,0.0,0.0,0.0,1.0,0,0,1,1,1,1,0
1118,53340,CHICAGO,IL,60637,38.0,-1.0,3.0,0.0,1,16,1,2002.0,1,1,1,1.0,30,1,1,1,4,2,1,1,1,-1,3,2,19,1,5,2020,1.0,0.0,0.0,0.0,3.0,0,0,1,1,1,1,1
1119,53341,CHICAGO,IL,60637,38.0,-1.0,3.0,0.0,1,8,1,2018.0,1,4,4,12.0,30,1,1,1,4,2,1,1,1,-1,3,2,19,1,5,2020,1.0,0.0,0.0,0.0,3.0,0,0,1,1,1,1,1
1120,53342,SPRINGFIELD,IL,62704,65.0,1.0,-1.0,-1.0,1,16,1,2002.0,1,1,1,1.0,30,1,1,1,4,2,1,1,1,-1,3,2,19,1,5,2020,1.0,0.0,0.0,0.0,3.0,0,0,1,1,1,1,1
1121,53343,SPRINGFIELD,IL,62704,65.0,1.0,-1.0,-1.0,1,8,1,2018.0,1,4,4,12.0,30,1,1,1,4,2,1,1,1,-1,3,2,19,1,5,2020,1.0,0.0,0.0,0.0,3.0,0,0,1,1,1,1,1
1122,53362,CALUMET_PARK,IL,60827,29.0,0.0,0.0,0.0,1,8,1,2012.0,1,2,1,1.0,30,1,1,1,1,1,1,1,1,0,1,2,20,1,5,2020,1.0,0.0,0.0,0.0,0.0,0,0,1,0,1,1,1
1123,53363,CALUMET_PARK,IL,60827,29.0,0.0,0.0,0.0,1,2,24,2013.0,1,1,1,-1.0,30,1,1,1,1,1,1,1,1,0,1,2,20,1,5,2020,1.0,0.0,0.0,0.0,0.0,0,0,1,0,1,1,1
1124,53547,OAK_LAWN,IL,60453,32.0,0.0,0.0,0.0,1,4,5,2018.0,1,4,3,2.0,30,2,1,1,1,3,0,1,1,0,2,2,18,1,5,2020,0.0,1.0,0.0,0.0,0.0,0,0,1,1,1,1,0
1125,53556,MAYWOOD,IL,60153,24.0,0.0,0.0,0.0,1,18,91,2006.0,2,2,3,1.0,25,2,0,1,1,3,3,1,1,0,2,2,14,1,5,2020,0.0,1.0,0.0,0.0,0.0,0,1,0,0,1,1,0
1126,53557,MAYWOOD,IL,60153,24.0,0.0,0.0,0.0,1,21,356,2014.0,1,2,3,2.0,25,2,0,1,1,3,3,1,1,0,2,2,14,1,5,2020,0.0,1.0,0.0,0.0,0.0,0,1,0,0,1,1,0
1127,53608,OAK_LAWN,IL,60453,36.9,0.0,3.0,0.0,1,-1,2,2011.0,4,4,1,1.0,25,2,-1,-1,1,1,1,1,-1,-1,1,2,15,1,5,2020,1.0,0.0,0.0,0.0,2.0,0,0,1,0,1,1,0
1128,53609,OAK_LAWN,IL,60453,36.9,0.0,3.0,0.0,1,1,4,2012.0,1,1,1,9.0,25,2,-1,-1,1,1,1,1,-1,-1,1,2,15,1,5,2020,1.0,0.0,0.0,0.0,2.0,0,0,1,0,1,1,0
1129,53610,CHICAGO,IL,60617,76.0,0.0,0.0,0.0,1,-1,2,2011.0,4,4,1,1.0,25,2,-1,-1,1,1,1,1,-1,-1,1,2,15,1,5,2020,1.0,0.0,0.0,0.0,2.0,0,0,1,0,1,1,0
1130,53611,CHICAGO,IL,60617,76.0,0.0,0.0,0.0,1,1,4,2012.0,1,1,1,9.0,25,2,-1,-1,1,1,1,1,-1,-1,1,2,15,1,5,2020,1.0,0.0,0.0,0.0,2.0,0,0,1,0,1,1,0
1131,53702,STERLING,IL,61081,54.0,0.0,0.0,0.0,1,11,102,2004.0,1,2,1,6.0,30,2,1,1,1,4,0,1,1,0,2,2,17,1,5,2020,0.0,1.0,0.0,0.0,0.0,0,0,1,0,1,1,0
1132,53707,CHICAGO,IL,60612,39.0,0.0,0.0,0.0,1,7,10,2017.0,2,1,1,3.0,30,1,1,1,1,2,1,1,1,0,1,2,17,1,5,2020,0.0,1.0,0.0,0.0,0.0,0,1,0,1,1,1,0
1133,53923,CHICAGO,IL,60621,35.0,0.0,6.0,0.0,1,-1,2,2010.0,1,-1,-1,-1.0,30,0,0,1,1,6,3,1,1,0,2,2,15,1,5,2020,1.0,0.0,0.0,0.0,3.0,0,0,1,1,1,1,1
1134,53924,CHICAGO,IL,60621,35.0,0.0,6.0,0.0,1,14,117,2004.0,1,-1,-1,-1.0,30,0,0,1,1,6,3,1,1,0,2,2,15,1,5,2020,1.0,0.0,0.0,0.0,3.0,0,0,1,1,1,1,1
1135,53925,CHICAGO,IL,60649,26.0,-1.0,-1.0,0.0,1,-1,2,2010.0,1,-1,-1,-1.0,30,0,0,1,1,6,3,1,1,0,2,2,15,1,5,2020,1.0,0.0,0.0,0.0,3.0,0,0,1,0,1,1,1
1136,53926,CHICAGO,IL,60649,26.0,-1.0,-1.0,0.0,1,14,117,2004.0,1,-1,-1,-1.0,30,0,0,1,1,6,3,1,1,0,2,2,15,1,5,2020,1.0,0.0,0.0,0.0,3.0,0,0,1,0,1,1,1
1137,53973,CHICAGO,IL,60649,38.0,-1.0,3.0,0.0,1,1,76,2000.0,-1,2,1,3.0,30,1,1,1,1,1,0,1,1,0,1,2,15,1,5,2020,1.0,0.0,0.0,0.0,3.0,0,0,1,0,1,1,0
1138,53974,CHICAGO,IL,60649,38.0,-1.0,3.0,0.0,1,10,149,2004.0,1,3,1,4.0,30,1,1,1,1,1,0,1,1,0,1,2,15,1,5,2020,1.0,0.0,0.0,0.0,3.0,0,0,1,0,1,1,0
1139,53975,CHICAGO,IL,60636,64.0,3.0,0.0,0.0,1,1,76,2000.0,-1,2,1,3.0,30,1,1,1,1,1,0,1,1,0,1,2,15,1,5,2020,1.0,0.0,0.0,0.0,3.0,0,0,1,0,1,1,0
1140,53976,CHICAGO,IL,60636,64.0,3.0,0.0,0.0,1,10,149,2004.0,1,3,1,4.0,30,1,1,1,1,1,0,1,1,0,1,2,15,1,5,2020,1.0,0.0,0.0,0.0,3.0,0,0,1,0,1,1,0
1141,54154,DEKALB,IL,60115,25.0,0.0,3.0,0.0,1,1,27,2001.0,1,2,1,1.0,30,2,1,1,1,1,1,1,1,3,3,3,16,2,6,2020,1.0,0.0,0.0,0.0,3.0,0,0,1,0,1,1,1
1142,54155,DEKALB,IL,60115,25.0,0.0,3.0,0.0,1,8,34,2019.0,1,1,1,3.0,30,2,1,1,1,1,1,1,1,3,3,3,16,2,6,2020,1.0,0.0,0.0,0.0,3.0,0,0,1,0,1,1,1
1143,54156,DEKALB,IL,60115,25.0,0.0,3.0,0.0,1,-1,2,2011.0,11,4,3,1.0,30,2,1,1,1,1,1,1,1,3,3,3,16,2,6,2020,1.0,0.0,0.0,0.0,3.0,0,0,1,0,1,1,1
1144,54157,CHICAGO,IL,60647,57.0,0.0,0.0,0.0,1,1,27,2001.0,1,2,1,1.0,30,2,1,1,1,1,1,1,1,3,3,3,16,2,6,2020,1.0,0.0,0.0,0.0,3.0,0,0,1,1,1,1,1
1145,54158,CHICAGO,IL,60647,57.0,0.0,0.0,0.0,1,8,34,2019.0,1,1,1,3.0,30,2,1,1,1,1,1,1,1,3,3,3,16,2,6,2020,1.0,0.0,0.0,0.0,3.0,0,0,1,1,1,1,1
1146,54159,CHICAGO,IL,60647,57.0,0.0,0.0,0.0,1,-1,2,2011.0,11,4,3,1.0,30,2,1,1,1,1,1,1,1,3,3,3,16,2,6,2020,1.0,0.0,0.0,0.0,3.0,0,0,1,1,1,1,1
1147,54160,CHICAGO,IL,60647,52.0,1.0,0.0,0.0,1,1,27,2001.0,1,2,1,1.0,30,2,1,1,1,1,1,1,1,3,3,3,16,2,6,2020,1.0,0.0,0.0,0.0,3.0,0,0,1,1,1,1,1
1148,54161,CHICAGO,IL,60647,52.0,1.0,0.0,0.0,1,8,34,2019.0,1,1,1,3.0,30,2,1,1,1,1,1,1,1,3,3,3,16,2,6,2020,1.0,0.0,0.0,0.0,3.0,0,0,1,1,1,1,1
1149,54162,CHICAGO,IL,60647,52.0,1.0,0.0,0.0,1,-1,2,2011.0,11,4,3,1.0,30,2,1,1,1,1,1,1,1,3,3,3,16,2,6,2020,1.0,0.0,0.0,0.0,3.0,0,0,1,1,1,1,1
1150,54213,CHICAGO,IL,60637,30.0,0.0,6.0,0.0,1,12,32,2013.0,1,2,1,4.0,30,0,0,1,1,1,11,1,1,0,2,2,19,2,6,2020,1.0,0.0,0.0,0.0,2.0,0,0,1,1,1,0,1
1151,54214,CHICAGO,IL,60637,30.0,0.0,6.0,0.0,1,6,1,2013.0,1,1,1,3.0,30,0,0,1,1,1,11,1,1,0,2,2,19,2,6,2020,1.0,0.0,0.0,0.0,2.0,0,0,1,1,1,0,1
1152,54215,CHICAGO,IL,60628,29.0,0.0,0.0,0.0,1,12,32,2013.0,1,2,1,4.0,30,0,0,1,1,1,11,1,1,0,2,2,19,2,6,2020,1.0,0.0,0.0,0.0,2.0,0,0,1,1,1,0,1
1153,54216,CHICAGO,IL,60628,29.0,0.0,0.0,0.0,1,6,1,2013.0,1,1,1,3.0,30,0,0,1,1,1,11,1,1,0,2,2,19,2,6,2020,1.0,0.0,0.0,0.0,2.0,0,0,1,1,1,0,1
1154,54226,EAST_CHICAGO,IN,46312,41.0,0.0,0.0,0.0,1,4,33,2019.0,1,4,1,7.0,30,0,0,1,2,3,0,1,1,-1,4,2,21,2,6,2020,0.0,1.0,0.0,0.0,0.0,0,0,1,0,1,1,0
1155,54275,CHICAGO,IL,60621,36.9,0.0,-1.0,0.0,1,15,173,2020.0,1,1,1,1.0,30,0,0,1,4,1,0,1,1,0,2,2,23,2,6,2020,1.0,0.0,0.0,0.0,2.0,0,0,1,1,1,1,1
1156,54276,CHICAGO,IL,60621,36.9,0.0,-1.0,0.0,1,2,8,2017.0,1,2,1,10.0,30,0,0,1,4,1,0,1,1,0,2,2,23,2,6,2020,1.0,0.0,0.0,0.0,2.0,0,0,1,1,1,1,1
1157,54277,SKOKIE,IL,60076,51.0,0.0,0.0,0.0,1,15,173,2020.0,1,1,1,1.0,30,0,0,1,4,1,0,1,1,0,2,2,23,2,6,2020,1.0,0.0,0.0,0.0,2.0,0,0,1,1,1,1,1
1158,54278,SKOKIE,IL,60076,51.0,0.0,0.0,0.0,1,2,8,2017.0,1,2,1,10.0,30,0,0,1,4,1,0,1,1,0,2,2,23,2,6,2020,1.0,0.0,0.0,0.0,2.0,0,0,1,1,1,1,1
1159,54294,CHICAGO,IL,60621,36.0,0.0,-1.0,0.0,1,14,241,2012.0,7,3,1,1.0,30,1,1,1,2,1,5,1,1,0,1,2,3,2,6,2020,1.0,0.0,0.0,0.0,1.0,0,0,1,0,1,0,1
1160,54295,CHICAGO,IL,60621,36.0,0.0,-1.0,0.0,1,4,33,2010.0,1,2,1,5.0,30,1,1,1,2,1,5,1,1,0,1,2,3,2,6,2020,1.0,0.0,0.0,0.0,1.0,0,0,1,0,1,0,1
1161,54296,CICERO,IL,60804,44.0,0.0,0.0,0.0,1,14,241,2012.0,7,3,1,1.0,30,1,1,1,2,1,5,1,1,0,1,2,3,2,6,2020,1.0,0.0,0.0,0.0,1.0,0,0,1,0,1,0,1
1162,54297,CICERO,IL,60804,44.0,0.0,0.0,0.0,1,4,33,2010.0,1,2,1,5.0,30,1,1,1,2,1,5,1,1,0,1,2,3,2,6,2020,1.0,0.0,0.0,0.0,1.0,0,0,1,0,1,0,1
1163,54376,ST_PAUL,MN,55109,0.0,0.0,0.0,0.0,1,4,5,2014.0,1,4,1,2.0,30,0,0,-1,4,3,0,2,1,0,4,2,22,2,6,2020,0.0,1.0,0.0,0.0,0.0,0,1,0,1,1,1,0
1164,54503,UNKNOWN,XX,0,36.0,0.0,14.0,0.0,1,1,4,2012.0,1,4,1,1.0,30,2,1,1,1,1,2,1,1,0,2,2,18,4,6,2020,1.0,0.0,0.0,0.0,1.0,0,0,1,0,1,1,0
1165,54504,UNKNOWN,XX,0,36.0,0.0,14.0,0.0,1,6,85,2016.0,1,3,1,7.0,30,2,1,1,1,1,2,1,1,0,2,2,18,4,6,2020,1.0,0.0,0.0,0.0,1.0,0,0,1,0,1,1,0
1166,54505,CHICAGO,IL,60620,23.0,0.0,0.0,0.0,1,1,4,2012.0,1,4,1,1.0,30,2,1,1,1,1,2,1,1,0,2,2,18,4,6,2020,1.0,0.0,0.0,0.0,1.0,0,0,1,1,1,1,0
1167,54506,CHICAGO,IL,60620,23.0,0.0,0.0,0.0,1,6,85,2016.0,1,3,1,7.0,30,2,1,1,1,1,2,1,1,0,2,2,18,4,6,2020,1.0,0.0,0.0,0.0,1.0,0,0,1,1,1,1,0
1168,54533,CHICAGO,IL,60622,35.0,0.0,1.0,0.0,1,7,10,2011.0,1,7,6,8.0,30,0,0,1,1,9,2,1,1,0,3,2,7,3,6,2020,0.0,0.0,0.0,1.0,2.0,1,0,0,1,1,1,1
1169,54573,CHICAGO,IL,60622,39.0,0.0,0.0,0.0,1,9,42,2019.0,1,3,2,7.0,30,2,0,1,1,2,0,1,1,0,3,2,13,3,6,2020,0.0,1.0,0.0,0.0,0.0,1,0,0,0,1,1,1
1170,54586,CHICAGO,IL,60630,44.0,0.0,0.0,0.0,1,5,23,2017.0,1,3,1,3.0,30,1,1,1,1,2,1,1,1,0,2,2,14,3,6,2020,1.0,0.0,0.0,0.0,2.0,0,0,1,0,1,1,1
1171,54587,CHICAGO,IL,60630,44.0,0.0,0.0,0.0,1,15,83,2002.0,1,3,2,1.0,30,1,1,1,1,2,1,1,1,0,2,2,14,3,6,2020,1.0,0.0,0.0,0.0,2.0,0,0,1,0,1,1,1
1172,54588,UNKNOWN,XX,0,36.9,0.0,6.0,0.0,1,5,23,2017.0,1,3,1,3.0,30,1,1,1,1,2,1,1,1,0,2,2,14,3,6,2020,1.0,0.0,0.0,0.0,2.0,0,0,1,1,1,1,1
1173,54589,UNKNOWN,XX,0,36.9,0.0,6.0,0.0,1,15,83,2002.0,1,3,2,1.0,30,1,1,1,1,2,1,1,1,0,2,2,14,3,6,2020,1.0,0.0,0.0,0.0,2.0,0,0,1,1,1,1,1
1174,54623,CHICAGO,IL,60632,36.9,0.0,5.0,0.0,1,5,7,1999.0,1,4,4,-1.0,30,1,1,1,1,2,1,1,1,0,1,2,15,3,6,2020,1.0,0.0,0.0,0.0,2.0,0,0,1,1,1,1,1
1175,54624,CHICAGO,IL,60632,36.9,0.0,5.0,0.0,1,7,59,2020.0,1,3,4,4.0,30,1,1,1,1,2,1,1,1,0,1,2,15,3,6,2020,1.0,0.0,0.0,0.0,2.0,0,0,1,1,1,1,1
1176,54625,CICERO,IL,60804,31.0,0.0,0.0,0.0,1,5,7,1999.0,1,4,4,-1.0,30,1,1,1,1,2,1,1,1,0,1,2,15,3,6,2020,1.0,0.0,0.0,0.0,2.0,0,0,1,0,1,1,1
1177,54626,CICERO,IL,60804,31.0,0.0,0.0,0.0,1,7,59,2020.0,1,3,4,4.0,30,1,1,1,1,2,1,1,1,0,1,2,15,3,6,2020,1.0,0.0,0.0,0.0,2.0,0,0,1,0,1,1,1
1178,54655,CHICAGO,IL,60620,79.0,0.0,0.0,0.0,1,1,14,2017.0,1,4,1,6.0,30,1,1,1,1,4,3,1,1,0,4,2,14,3,6,2020,0.0,1.0,0.0,0.0,0.0,0,0,1,0,1,1,0
1179,54856,CHICAGO,IL,60615,37.0,0.0,0.0,0.0,1,1,6,2015.0,1,4,4,12.0,30,2,1,1,1,2,0,1,1,0,1,2,20,3,6,2020,0.0,1.0,0.0,0.0,0.0,0,1,0,1,1,1,0
1180,55129,CHICAGO,IL,60652,24.0,0.0,0.0,0.0,3,5,164,2019.0,1,3,5,9.0,30,2,1,1,1,1,1,1,1,0,1,5,13,4,6,2020,1.0,0.0,0.0,0.0,0.0,0,0,1,0,1,1,1
1181,55130,CHICAGO,IL,60652,24.0,0.0,0.0,0.0,3,8,34,2018.0,2,3,5,1.0,30,2,1,1,1,1,1,1,1,0,1,5,13,4,6,2020,1.0,0.0,0.0,0.0,0.0,0,0,1,0,1,1,1
1182,55131,CHICAGO,IL,60652,24.0,0.0,0.0,0.0,3,41,190,2010.0,2,1,5,2.0,30,2,1,1,1,1,1,1,1,0,1,5,13,4,6,2020,1.0,0.0,0.0,0.0,0.0,0,0,1,0,1,1,1
1183,55180,CHICAGO,IL,60612,34.0,0.0,9.0,0.0,1,20,1,2007.0,1,2,2,3.0,30,1,1,1,1,2,1,1,1,0,3,2,15,4,6,2020,1.0,0.0,0.0,0.0,0.0,0,0,1,1,1,1,1
1184,55181,CHICAGO,IL,60612,34.0,0.0,9.0,0.0,1,2,9,2018.0,9,4,3,7.0,30,1,1,1,1,2,1,1,1,0,3,2,15,4,6,2020,1.0,0.0,0.0,0.0,0.0,0,0,1,1,1,1,1
1185,55182,CHICAGO,IL,60612,40.0,0.0,11.0,0.0,1,20,1,2007.0,1,2,2,3.0,30,1,1,1,1,2,1,1,1,0,3,2,15,4,6,2020,1.0,0.0,0.0,0.0,0.0,0,0,1,1,1,1,1