,index,CITY,STATE,ZIPCODE,AGE,EJECTION,DRIVER_ACTION,BAC_RESULT,UNIT_TYPE,MAKE,MODEL,VEHICLE_YEAR,VEHICLE_TYPE,TRAVEL_DIRECTION,MANEUVER,FIRST_CONTACT_POINT,POSTED_SPEED_LIMIT,TRAFFIC_CONTROL_DEVICE,DEVICE_CONDITION,WEATHER_CONDITION,LIGHTING_CONDITION,FIRST_CRASH_TYPE,TRAFFICWAY_TYPE,ALIGNMENT,ROADWAY_SURFACE_COND,ROAD_DEFECT,STREET_DIRECTION,NUM_UNITS,CRASH_HOUR,CRASH_DAY_OF_WEEK,CRASH_MONTH,CRASH_YEAR,FATAL_INBOTH,FATAL_CARPPL,FATAL_OTHPPL,FATAL_INAUTO,FATAL_DEGREE,DAMAGE_500_OR_LESS,DAMAGE_501_1500,DAMAGE_OVER_1500,SEX,INTERSECTION_RELATED,HIT_AND_RUN,REPORTYPE
1186,55183,CHICAGO,IL,60612,40.0,0.0,11.0,0.0,1,2,9,2018.0,9,4,3,7.0,30,1,1,1,1,2,1,1,1,0,3,2,15,4,6,2020,1.0,0.0,0.0,0.0,0.0,0,0,1,1,1,1,1
1187,55297,CHICAGO,IL,60644,49.0,0.0,0.0,1.0,1,5,7,2017.0,1,1,3,2.0,30,2,1,1,1,3,2,1,1,0,3,2,17,4,6,2020,0.0,1.0,0.0,0.0,0.0,1,0,0,1,1,1,1
1188,55345,CHICAGO,IL,60636,17.0,0.0,0.0,0.0,1,1,6,2008.0,1,1,9,1.0,30,2,1,1,1,9,1,1,1,0,3,2,18,4,6,2020,1.0,0.0,0.0,0.0,1.0,0,0,1,1,1,0,1
1189,55347,CHICAGO,IL,60636,34.0,1.0,2.0,0.0,1,1,6,2008.0,1,1,9,1.0,30,2,1,1,1,9,1,1,1,0,3,2,18,4,6,2020,0.0,0.0,0.0,1.0,1.0,0,0,1,0,1,0,1
1190,55536,CHICAGO,IL,60619,27.0,0.0,0.0,0.0,1,7,10,2012.0,2,1,1,1.0,35,1,1,1,1,2,2,1,1,0,1,2,19,4,6,2020,0.0,1.0,0.0,0.0,0.0,0,0,1,0,1,1,0
1191,55802,CHICAGO,IL,60625,28.0,0.0,0.0,0.0,1,2,24,2011.0,1,3,1,10.0,30,2,1,1,1,4,3,1,1,0,2,2,17,5,6,2020,0.0,1.0,0.0,0.0,0.0,0,0,1,0,1,1,1
1192,55932,WESTCHESTER,IL,60154,36.9,0.0,2.0,0.0,1,-1,2,2000.0,1,4,1,1.0,30,1,1,1,1,5,1,1,1,0,1,2,19,5,6,2020,1.0,0.0,0.0,0.0,2.0,0,0,1,0,1,1,0
1193,55934,CHICAGO,IL,60613,56.0,-1.0,0.0,0.0,1,-1,2,2000.0,1,4,1,1.0,30,1,1,1,1,5,1,1,1,0,1,2,19,5,6,2020,0.0,0.0,0.0,0.0,2.0,0,0,1,1,1,1,0
1194,56279,WESTCHESTER,IL,60154,36.9,0.0,3.0,0.0,1,6,56,2020.0,4,4,1,5.0,30,1,1,1,1,1,1,1,1,0,1,2,11,6,6,2020,1.0,0.0,0.0,0.0,2.0,0,0,1,0,1,1,1
1195,56280,WESTCHESTER,IL,60154,36.9,0.0,3.0,0.0,1,5,38,2004.0,3,1,1,1.0,30,1,1,1,1,1,1,1,1,0,1,2,11,6,6,2020,1.0,0.0,0.0,0.0,2.0,0,0,1,0,1,1,1
1196,56281,HICKORY_HILLS,IL,60457,42.0,0.0,0.0,0.0,1,6,56,2020.0,4,4,1,5.0,30,1,1,1,1,1,1,1,1,0,1,2,11,6,6,2020,1.0,0.0,0.0,0.0,2.0,0,0,1,1,1,1,1
1197,56282,HICKORY_HILLS,IL,60457,42.0,0.0,0.0,0.0,1,5,38,2004.0,3,1,1,1.0,30,1,1,1,1,1,1,1,1,0,1,2,11,6,6,2020,1.0,0.0,0.0,0.0,2.0,0,0,1,1,1,1,1
1198,56404,WESTCHESTER,IL,60154,36.9,0.0,2.0,0.0,1,-1,365,2011.0,-1,5,2,1.0,30,1,1,1,1,5,2,1,1,0,3,2,15,6,6,2020,1.0,0.0,0.0,0.0,2.0,1,0,0,1,1,1,1
1199,56406,CHICAGO,IL,60630,16.0,-1.0,0.0,0.0,1,-1,365,2011.0,-1,5,2,1.0,30,1,1,1,1,5,2,1,1,0,3,2,15,6,6,2020,0.0,0.0,0.0,0.0,2.0,1,0,0,1,1,1,1
1200,56685,CHICAGO,IL,60623,32.0,0.0,0.0,0.0,1,30,193,2008.0,1,4,4,6.0,30,2,1,1,1,2,0,1,1,0,2,2,18,6,6,2020,0.0,1.0,0.0,0.0,0.0,0,0,1,1,1,1,1
1201,56686,CHICAGO,IL,60623,32.0,0.0,0.0,0.0,1,4,5,2015.0,1,4,4,5.0,30,2,1,1,1,2,0,1,1,0,2,2,18,6,6,2020,0.0,1.0,0.0,0.0,0.0,0,0,1,1,1,1,1
1202,56702,CHICAGO,IL,60608,55.0,1.0,10.0,0.0,1,10,149,2007.0,1,4,2,5.0,30,-1,-1,1,1,9,4,1,-1,-1,3,2,18,6,6,2020,0.0,0.0,0.0,1.0,2.0,0,0,1,1,1,0,1
1203,56704,CHICAGO,IL,60651,43.0,0.0,-1.0,0.0,1,10,149,2007.0,1,4,2,5.0,30,-1,-1,1,1,9,4,1,-1,-1,3,2,18,6,6,2020,1.0,0.0,0.0,0.0,2.0,0,0,1,0,1,0,1
1204,56785,WESTCHESTER,IL,60154,38.0,0.0,-1.0,0.0,1,-1,2,2010.0,1,3,-1,-1.0,30,0,0,1,2,5,0,1,1,0,1,2,23,6,6,2020,1.0,0.0,0.0,0.0,3.0,0,0,1,0,0,1,1
1205,56787,FOND_DU_LAC,WI,54935,29.0,-1.0,-1.0,0.0,1,-1,2,2010.0,1,3,-1,-1.0,30,0,0,1,2,5,0,1,1,0,1,2,23,6,6,2020,0.0,0.0,0.0,0.0,3.0,0,0,1,1,0,1,1
1206,57364,CHICAGO,IL,60649,74.0,0.0,0.0,0.0,1,19,124,2004.0,1,3,1,1.0,30,2,1,1,1,1,1,1,1,-1,1,2,14,7,6,2020,1.0,0.0,0.0,0.0,0.0,0,0,1,1,1,0,1
1207,57365,CHICAGO,IL,60649,74.0,0.0,0.0,0.0,1,9,37,2011.0,1,4,1,11.0,30,2,1,1,1,1,1,1,1,-1,1,2,14,7,6,2020,1.0,0.0,0.0,0.0,0.0,0,0,1,1,1,0,1
1208,57390,FOND_DU_LAC,WI,54935,36.9,0.0,2.0,0.0,1,-1,2,2011.0,3,3,2,1.0,30,6,1,1,1,5,1,1,1,0,1,2,15,7,6,2020,1.0,0.0,0.0,0.0,2.0,1,0,0,1,1,1,1
1209,57392,BREWYN,IL,60402,55.0,-1.0,-1.0,0.0,1,-1,2,2011.0,3,3,2,1.0,30,6,1,1,1,5,1,1,1,0,1,2,15,7,6,2020,0.0,0.0,0.0,0.0,2.0,1,0,0,1,1,1,1
1210,57401,CHICAGO,IL,60638,40.0,0.0,1.0,0.0,1,1,20,2014.0,1,4,7,3.0,30,0,0,1,1,4,8,1,1,0,2,2,16,7,6,2020,0.0,1.0,0.0,0.0,0.0,0,1,0,1,1,1,0
1211,57462,CHICAGO,IL,60629,35.0,0.0,0.0,0.0,1,18,91,2020.0,1,4,1,3.0,35,1,1,1,1,2,0,1,1,0,1,2,17,7,6,2020,0.0,1.0,0.0,0.0,0.0,0,1,0,0,1,1,0
1212,57533,CHICAGO,IL,60615,48.0,0.0,0.0,0.0,1,13,171,2001.0,1,1,1,2.0,30,1,1,1,1,3,0,1,1,0,1,2,18,7,6,2020,0.0,1.0,0.0,0.0,0.0,0,1,0,1,1,1,0
1213,57624,FOND_DU_LAC,WI,54935,36.9,0.0,2.0,0.0,1,31,108,2011.0,6,1,1,1.0,30,0,0,1,4,2,1,1,1,0,1,2,21,7,6,2020,1.0,0.0,0.0,0.0,2.0,0,0,1,0,1,0,0
1214,57625,CHICAGO,IL,60621,44.0,-1.0,-1.0,0.0,1,-1,2,2011.0,-1,2,4,-1.0,30,0,0,1,4,2,1,1,1,0,1,2,21,7,6,2020,1.0,0.0,0.0,0.0,2.0,0,0,1,1,1,0,0
1215,57626,CHICAGO,IL,60621,44.0,-1.0,-1.0,0.0,1,31,108,2011.0,6,1,1,1.0,30,0,0,1,4,2,1,1,1,0,1,2,21,7,6,2020,1.0,0.0,0.0,0.0,2.0,0,0,1,1,1,0,0
1216,57721,UNKNOWN,XX,0,38.0,0.0,1.0,0.0,1,15,1,2002.0,1,6,2,1.0,30,1,1,1,2,2,1,1,1,0,4,2,21,7,6,2020,1.0,0.0,0.0,0.0,3.0,0,0,1,0,1,1,0
1217,57722,UNKNOWN,XX,0,38.0,0.0,1.0,0.0,1,15,1,2002.0,1,6,2,1.0,30,1,1,1,2,2,1,1,1,0,4,2,21,7,6,2020,1.0,0.0,0.0,0.0,3.0,0,0,1,0,1,1,0
1218,57723,UNKNOWN,XX,0,38.0,0.0,1.0,0.0,1,2,24,2013.0,1,4,1,-1.0,30,1,1,1,2,2,1,1,1,0,4,2,21,7,6,2020,1.0,0.0,0.0,0.0,3.0,0,0,1,0,1,1,0
1219,57724,UNKNOWN,XX,0,38.0,0.0,1.0,0.0,1,2,24,2013.0,1,4,1,-1.0,30,1,1,1,2,2,1,1,1,0,4,2,21,7,6,2020,1.0,0.0,0.0,0.0,3.0,0,0,1,0,1,1,0
1220,57725,CHICAGO,IL,60619,20.0,0.0,1.0,0.0,1,15,1,2002.0,1,6,2,1.0,30,1,1,1,2,2,1,1,1,0,4,2,21,7,6,2020,1.0,0.0,0.0,0.0,3.0,0,0,1,1,1,1,0
1221,57726,CHICAGO,IL,60619,20.0,0.0,1.0,0.0,1,15,1,2002.0,1,6,2,1.0,30,1,1,1,2,2,1,1,1,0,4,2,21,7,6,2020,1.0,0.0,0.0,0.0,3.0,0,0,1,1,1,1,0
1222,57727,CHICAGO,IL,60619,20.0,0.0,1.0,0.0,1,2,24,2013.0,1,4,1,-1.0,30,1,1,1,2,2,1,1,1,0,4,2,21,7,6,2020,1.0,0.0,0.0,0.0,3.0,0,0,1,1,1,1,0
1223,57728,CHICAGO,IL,60619,20.0,0.0,1.0,0.0,1,2,24,2013.0,1,4,1,-1.0,30,1,1,1,2,2,1,1,1,0,4,2,21,7,6,2020,1.0,0.0,0.0,0.0,3.0,0,0,1,1,1,1,0
1224,57733,DOLTON,IL,60419,78.0,0.0,1.0,0.0,1,15,1,2002.0,1,6,2,1.0,30,1,1,1,2,2,1,1,1,0,4,2,21,7,6,2020,1.0,0.0,0.0,0.0,3.0,0,0,1,1,1,1,0
1225,57734,DOLTON,IL,60419,78.0,0.0,1.0,0.0,1,15,1,2002.0,1,6,2,1.0,30,1,1,1,2,2,1,1,1,0,4,2,21,7,6,2020,1.0,0.0,0.0,0.0,3.0,0,0,1,1,1,1,0
1226,57735,DOLTON,IL,60419,78.0,0.0,1.0,0.0,1,2,24,2013.0,1,4,1,-1.0,30,1,1,1,2,2,1,1,1,0,4,2,21,7,6,2020,1.0,0.0,0.0,0.0,3.0,0,0,1,1,1,1,0
1227,57736,DOLTON,IL,60419,78.0,0.0,1.0,0.0,1,2,24,2013.0,1,4,1,-1.0,30,1,1,1,2,2,1,1,1,0,4,2,21,7,6,2020,1.0,0.0,0.0,0.0,3.0,0,0,1,1,1,1,0
1228,57737,CHICAGO,IL,60619,20.0,0.0,1.0,0.0,1,15,1,2002.0,1,6,2,1.0,30,1,1,1,2,2,1,1,1,0,4,2,21,7,6,2020,1.0,0.0,0.0,0.0,3.0,0,0,1,1,1,1,0
1229,57738,CHICAGO,IL,60619,20.0,0.0,1.0,0.0,1,15,1,2002.0,1,6,2,1.0,30,1,1,1,2,2,1,1,1,0,4,2,21,7,6,2020,1.0,0.0,0.0,0.0,3.0,0,0,1,1,1,1,0
1230,57739,CHICAGO,IL,60619,20.0,0.0,1.0,0.0,1,2,24,2013.0,1,4,1,-1.0,30,1,1,1,2,2,1,1,1,0,4,2,21,7,6,2020,1.0,0.0,0.0,0.0,3.0,0,0,1,1,1,1,0
1231,57740,CHICAGO,IL,60619,20.0,0.0,1.0,0.0,1,2,24,2013.0,1,4,1,-1.0,30,1,1,1,2,2,1,1,1,0,4,2,21,7,6,2020,1.0,0.0,0.0,0.0,3.0,0,0,1,1,1,1,0
1232,58201,MELROSE_PARK,IL,60160,32.0,0.0,2.0,0.0,1,10,123,2002.0,1,1,4,-1.0,30,0,0,1,1,2,0,1,1,0,3,2,16,1,6,2020,1.0,0.0,0.0,0.0,1.0,0,1,0,1,1,1,1
1233,58202,MELROSE_PARK,IL,60160,32.0,0.0,2.0,0.0,1,2,9,2010.0,-1,-1,-1,-1.0,30,0,0,1,1,2,0,1,1,0,3,2,16,1,6,2020,1.0,0.0,0.0,0.0,1.0,0,1,0,1,1,1,1
1234,58203,CHICAGO,IL,60639,36.0,0.0,-1.0,0.0,1,10,123,2002.0,1,1,4,-1.0,30,0,0,1,1,2,0,1,1,0,3,2,16,1,6,2020,1.0,0.0,0.0,0.0,1.0,0,1,0,0,1,1,1
1235,58204,CHICAGO,IL,60639,36.0,0.0,-1.0,0.0,1,2,9,2010.0,-1,-1,-1,-1.0,30,0,0,1,1,2,0,1,1,0,3,2,16,1,6,2020,1.0,0.0,0.0,0.0,1.0,0,1,0,0,1,1,1
1236,58513,CHICAGO,IL,60629,26.0,0.0,0.0,0.0,1,4,18,2017.0,2,1,1,6.0,30,1,1,1,2,1,1,1,1,0,1,2,21,1,6,2020,1.0,0.0,0.0,0.0,3.0,0,0,1,1,1,1,1
1237,58514,CHICAGO,IL,60629,26.0,0.0,0.0,0.0,1,-1,1,2010.0,3,4,1,1.0,30,1,1,1,2,1,1,1,1,0,1,2,21,1,6,2020,1.0,0.0,0.0,0.0,3.0,0,0,1,1,1,1,1
1238,58515,CHICAGO,IL,60629,38.0,0.0,-1.0,0.0,1,4,18,2017.0,2,1,1,6.0,30,1,1,1,2,1,1,1,1,0,1,2,21,1,6,2020,1.0,0.0,0.0,0.0,3.0,0,0,1,0,1,1,1
1239,58516,CHICAGO,IL,60629,38.0,0.0,-1.0,0.0,1,-1,1,2010.0,3,4,1,1.0,30,1,1,1,2,1,1,1,1,0,1,2,21,1,6,2020,1.0,0.0,0.0,0.0,3.0,0,0,1,0,1,1,1
1240,58532,CHICAGO,IL,60623,40.0,0.0,0.0,0.0,1,1,20,2016.0,1,4,1,1.0,30,2,1,1,2,1,0,1,1,0,1,2,23,1,6,2020,1.0,0.0,0.0,0.0,0.0,0,0,1,1,1,1,1
1241,58746,OLYMPIA_FIELDS,IL,60461,43.0,0.0,0.0,0.0,1,9,73,2017.0,1,1,1,7.0,30,1,1,1,1,4,0,1,1,0,1,2,16,1,6,2020,0.0,1.0,0.0,0.0,0.0,0,1,0,0,1,1,0
1242,58747,OLYMPIA_FIELDS,IL,60461,43.0,0.0,0.0,0.0,1,9,98,2017.0,1,1,1,10.0,30,1,1,1,1,4,0,1,1,0,1,2,16,1,6,2020,0.0,1.0,0.0,0.0,0.0,0,1,0,0,1,1,0
1243,58796,CHICAGO,IL,60620,43.0,0.0,0.0,0.0,1,7,10,2019.0,2,4,3,2.0,30,1,1,1,3,3,5,1,1,0,2,2,1,7,6,2020,0.0,1.0,0.0,0.0,0.0,0,1,0,0,0,1,0
1244,58925,CHICAGO,IL,60628,67.0,0.0,0.0,0.0,1,7,48,2020.0,2,4,1,6.0,35,1,1,1,1,1,1,1,1,0,2,2,13,2,6,2020,1.0,0.0,0.0,0.0,0.0,0,0,1,0,1,1,1
1245,58926,CHICAGO,IL,60628,67.0,0.0,0.0,0.0,1,5,23,2016.0,2,1,1,1.0,35,1,1,1,1,1,1,1,1,0,2,2,13,2,6,2020,1.0,0.0,0.0,0.0,0.0,0,0,1,0,1,1,1
1246,59152,CHICAGO,IL,60643,41.0,0.0,0.0,0.0,1,2,31,2010.0,4,2,1,10.0,25,0,0,1,1,1,8,1,1,0,1,2,14,2,6,2020,1.0,0.0,0.0,0.0,0.0,0,0,1,0,1,1,1
1247,59153,CHICAGO,IL,60643,41.0,0.0,0.0,0.0,1,15,136,2010.0,1,1,1,1.0,25,0,0,1,1,1,8,1,1,0,1,2,14,2,6,2020,1.0,0.0,0.0,0.0,0.0,0,0,1,0,1,1,1
1248,59419,RIVERDALE,IL,60827,36.0,0.0,0.0,0.0,1,3,3,2011.0,1,2,1,3.0,35,2,1,1,1,2,14,1,1,0,2,2,6,3,6,2020,0.0,1.0,0.0,0.0,0.0,0,0,1,1,1,1,1
1249,59459,CHICAGO,IL,60649,64.0,0.0,0.0,0.0,1,2,82,2005.0,7,3,1,1.0,30,2,0,1,1,3,3,1,1,0,1,2,15,2,6,2020,0.0,1.0,0.0,0.0,0.0,0,0,1,0,1,1,0
1250,59460,CHICAGO,IL,60649,64.0,0.0,0.0,0.0,1,8,1,2018.0,1,3,1,2.0,30,2,0,1,1,3,3,1,1,0,1,2,15,2,6,2020,0.0,1.0,0.0,0.0,0.0,0,0,1,0,1,1,0
1251,59681,CHICAGO,IL,60632,21.0,0.0,0.0,0.0,1,1,4,2003.0,1,8,1,4.0,30,1,1,1,1,2,6,1,1,0,1,2,12,3,6,2020,0.0,1.0,0.0,0.0,0.0,0,0,1,0,1,1,1
1252,60310,UNK,XX,0,38.0,-1.0,-1.0,0.0,1,-1,2,2010.0,-1,4,1,1.0,30,1,1,2,2,1,5,1,2,0,1,3,20,3,6,2020,1.0,0.0,0.0,0.0,3.0,0,0,1,0,1,1,1
1253,60311,UNK,XX,0,38.0,-1.0,-1.0,0.0,1,5,38,2007.0,1,3,1,5.0,30,1,1,2,2,1,5,1,2,0,1,3,20,3,6,2020,1.0,0.0,0.0,0.0,3.0,0,0,1,0,1,1,1
1254,60312,UNK,XX,0,38.0,-1.0,-1.0,0.0,1,-1,39,2017.0,5,3,1,5.0,30,1,1,2,2,1,5,1,2,0,1,3,20,3,6,2020,1.0,0.0,0.0,0.0,3.0,0,0,1,0,1,1,1
1255,60313,CHICAGO,IL,60628,47.0,0.0,0.0,0.0,1,-1,2,2010.0,-1,4,1,1.0,30,1,1,2,2,1,5,1,2,0,1,3,20,3,6,2020,1.0,0.0,0.0,0.0,3.0,0,0,1,0,1,1,1
1256,60314,CHICAGO,IL,60628,47.0,0.0,0.0,0.0,1,5,38,2007.0,1,3,1,5.0,30,1,1,2,2,1,5,1,2,0,1,3,20,3,6,2020,1.0,0.0,0.0,0.0,3.0,0,0,1,0,1,1,1
1257,60315,CHICAGO,IL,60628,47.0,0.0,0.0,0.0,1,-1,39,2017.0,5,3,1,5.0,30,1,1,2,2,1,5,1,2,0,1,3,20,3,6,2020,1.0,0.0,0.0,0.0,3.0,0,0,1,0,1,1,1
1258,60316,MARKHAM,IL,60428,70.0,0.0,0.0,0.0,1,-1,2,2010.0,-1,4,1,1.0,30,1,1,2,2,1,5,1,2,0,1,3,20,3,6,2020,1.0,0.0,0.0,0.0,3.0,0,0,1,1,1,1,1
1259,60317,MARKHAM,IL,60428,70.0,0.0,0.0,0.0,1,5,38,2007.0,1,3,1,5.0,30,1,1,2,2,1,5,1,2,0,1,3,20,3,6,2020,1.0,0.0,0.0,0.0,3.0,0,0,1,1,1,1,1
1260,60318,MARKHAM,IL,60428,70.0,0.0,0.0,0.0,1,-1,39,2017.0,5,3,1,5.0,30,1,1,2,2,1,5,1,2,0,1,3,20,3,6,2020,1.0,0.0,0.0,0.0,3.0,0,0,1,1,1,1,1
1261,60361,CHICAGO,IL,60628,36.9,-1.0,3.0,0.0,1,-1,1,2011.0,-1,2,1,3.0,30,2,0,1,3,1,0,1,2,0,1,3,22,3,6,2020,1.0,0.0,0.0,0.0,2.0,0,0,1,0,0,1,1
1262,60362,CHICAGO,IL,60628,36.9,-1.0,3.0,0.0,1,3,1,2012.0,1,3,1,1.0,30,2,0,1,3,1,0,1,2,0,1,3,22,3,6,2020,1.0,0.0,0.0,0.0,2.0,0,0,1,0,0,1,1
1263,60363,CHICAGO,IL,60628,36.9,-1.0,3.0,0.0,2,1,14,2005.0,1,3,5,7.0,30,2,0,1,3,1,0,1,2,0,1,3,22,3,6,2020,1.0,0.0,0.0,0.0,2.0,0,0,1,0,0,1,1
1264,60364,CHICAGO,IL,60621,28.0,0.0,0.0,0.0,1,-1,1,2011.0,-1,2,1,3.0,30,2,0,1,3,1,0,1,2,0,1,3,22,3,6,2020,1.0,0.0,0.0,0.0,2.0,0,0,1,1,0,1,1
1265,60365,CHICAGO,IL,60621,28.0,0.0,0.0,0.0,1,3,1,2012.0,1,3,1,1.0,30,2,0,1,3,1,0,1,2,0,1,3,22,3,6,2020,1.0,0.0,0.0,0.0,2.0,0,0,1,1,0,1,1
1266,60366,CHICAGO,IL,60621,28.0,0.0,0.0,0.0,2,1,14,2005.0,1,3,5,7.0,30,2,0,1,3,1,0,1,2,0,1,3,22,3,6,2020,1.0,0.0,0.0,0.0,2.0,0,0,1,1,0,1,1
1267,60648,CHICAGO,IL,60632,25.0,0.0,0.0,0.0,1,3,3,2011.0,1,6,2,8.0,30,1,1,1,1,2,0,1,1,0,1,2,11,4,6,2020,0.0,1.0,0.0,0.0,0.0,0,0,1,1,1,1,0
1268,60875,CHICAGO,IL,60613,29.0,0.0,0.0,0.0,1,24,126,2014.0,1,3,1,2.0,30,1,1,1,1,3,1,1,1,0,3,2,15,4,6,2020,1.0,0.0,0.0,0.0,0.0,0,1,0,1,1,1,1
1269,61089,CHICAGO,IL,60643,26.0,0.0,2.0,0.0,1,1,6,2002.0,1,3,2,8.0,35,1,1,1,1,2,1,1,1,0,1,2,18,4,6,2020,1.0,0.0,0.0,0.0,0.0,0,0,1,0,1,1,1
1270,61090,CHICAGO,IL,60643,26.0,0.0,2.0,0.0,1,3,3,2001.0,1,1,1,1.0,35,1,1,1,1,2,1,1,1,0,1,2,18,4,6,2020,1.0,0.0,0.0,0.0,0.0,0,0,1,0,1,1,1
1271,61091,CHICAGO,IL,60620,62.0,0.0,0.0,0.0,1,1,6,2002.0,1,3,2,8.0,35,1,1,1,1,2,1,1,1,0,1,2,18,4,6,2020,1.0,0.0,0.0,0.0,0.0,0,0,1,0,1,1,1
1272,61092,CHICAGO,IL,60620,62.0,0.0,0.0,0.0,1,3,3,2001.0,1,1,1,1.0,35,1,1,1,1,2,1,1,1,0,1,2,18,4,6,2020,1.0,0.0,0.0,0.0,0.0,0,0,1,0,1,1,1
1273,61100,CHICAGO,IL,60632,22.0,0.0,0.0,0.0,1,1,20,2014.0,1,3,1,9.0,30,1,1,2,1,1,2,1,1,0,1,2,19,4,6,2020,0.0,1.0,0.0,0.0,0.0,0,0,1,1,1,1,0
1274,61139,CHICAGO,IL,60608,40.0,0.0,0.0,0.0,1,35,337,2020.0,1,3,3,2.0,30,1,1,1,1,3,5,1,1,0,1,2,18,4,6,2020,0.0,1.0,0.0,0.0,0.0,0,0,1,1,1,1,0
1275,61152,HARVEY,IL,60426,24.0,0.0,2.0,0.0,1,6,92,2011.0,1,4,1,6.0,35,2,0,1,4,1,4,1,-1,0,1,2,20,4,6,2020,1.0,0.0,0.0,0.0,0.0,0,0,1,0,1,1,1
1276,61237,CHICAGO,IL,60645,39.0,0.0,0.0,0.0,1,2,9,2018.0,1,4,3,2.0,30,1,1,1,2,3,1,1,2,0,2,2,21,4,6,2020,0.0,1.0,0.0,0.0,0.0,0,0,1,0,1,1,0
1277,61430,CHICAGO,IL,60645,36.9,0.0,2.0,0.0,1,3,3,2009.0,1,2,1,2.0,30,1,1,1,2,3,5,1,1,-1,3,2,0,4,6,2020,1.0,0.0,0.0,0.0,2.0,0,0,1,0,1,1,0
1278,61431,FOREST_PARK,IL,60130,55.0,0.0,0.0,0.0,1,-1,1,2011.0,-1,2,1,1.0,30,1,1,1,2,3,5,1,1,-1,3,2,0,4,6,2020,1.0,0.0,0.0,0.0,2.0,0,0,1,1,1,1,0
1279,61432,FOREST_PARK,IL,60130,55.0,0.0,0.0,0.0,1,3,3,2009.0,1,2,1,2.0,30,1,1,1,2,3,5,1,1,-1,3,2,0,4,6,2020,1.0,0.0,0.0,0.0,2.0,0,0,1,1,1,1,0
1280,61664,CHICAGO,IL,60608,22.0,0.0,0.0,0.0,1,10,213,2015.0,1,6,2,6.0,35,1,1,1,1,2,0,1,1,0,2,2,13,5,6,2020,0.0,1.0,0.0,0.0,0.0,1,0,0,1,1,1,1
1281,61769,SKOKIE,IL,60077,28.0,0.0,0.0,0.0,1,22,147,2008.0,1,3,1,4.0,30,1,1,1,1,2,0,1,1,-1,3,2,15,5,6,2020,0.0,1.0,0.0,0.0,0.0,0,0,1,0,1,1,0
1282,62282,CHICAGO,IL,60608,36.0,0.0,-1.0,0.0,1,-1,2,2010.0,-1,1,-1,-1.0,30,2,1,1,2,2,1,1,1,0,2,3,21,5,6,2020,1.0,0.0,0.0,0.0,1.0,0,1,0,0,1,1,1
1283,62283,CHICAGO,IL,60608,36.0,0.0,-1.0,0.0,1,7,10,2008.0,1,2,2,6.0,30,2,1,1,2,2,1,1,1,0,2,3,21,5,6,2020,1.0,0.0,0.0,0.0,1.0,0,1,0,0,1,1,1
1284,62284,CHICAGO,IL,60608,36.0,0.0,-1.0,0.0,1,2,31,2001.0,4,4,7,1.0,30,2,1,1,2,2,1,1,1,0,2,3,21,5,6,2020,1.0,0.0,0.0,0.0,1.0,0,1,0,0,1,1,1
1285,62285,CHICAGO,IL,60608,36.0,0.0,-1.0,0.0,1,-1,2,2010.0,-1,1,-1,-1.0,30,2,1,1,2,2,1,1,1,0,2,3,21,5,6,2020,1.0,0.0,0.0,0.0,1.0,0,1,0,1,1,1,1
1286,62286,CHICAGO,IL,60608,36.0,0.0,-1.0,0.0,1,7,10,2008.0,1,2,2,6.0,30,2,1,1,2,2,1,1,1,0,2,3,21,5,6,2020,1.0,0.0,0.0,0.0,1.0,0,1,0,1,1,1,1
1287,62287,CHICAGO,IL,60608,36.0,0.0,-1.0,0.0,1,2,31,2001.0,4,4,7,1.0,30,2,1,1,2,2,1,1,1,0,2,3,21,5,6,2020,1.0,0.0,0.0,0.0,1.0,0,1,0,1,1,1,1
1288,62288,CHICAGO,IL,60608,46.0,0.0,0.0,0.0,1,-1,2,2010.0,-1,1,-1,-1.0,30,2,1,1,2,2,1,1,1,0,2,3,21,5,6,2020,1.0,0.0,0.0,0.0,1.0,0,1,0,1,1,1,1
1289,62289,CHICAGO,IL,60608,46.0,0.0,0.0,0.0,1,7,10,2008.0,1,2,2,6.0,30,2,1,1,2,2,1,1,1,0,2,3,21,5,6,2020,1.0,0.0,0.0,0.0,1.0,0,1,0,1,1,1,1
1290,62290,CHICAGO,IL,60608,46.0,0.0,0.0,0.0,1,2,31,2001.0,4,4,7,1.0,30,2,1,1,2,2,1,1,1,0,2,3,21,5,6,2020,1.0,0.0,0.0,0.0,1.0,0,1,0,1,1,1,1
1291,62315,CHICAGO,IL,60649,57.0,0.0,0.0,0.0,1,4,5,2014.0,1,3,1,2.0,30,0,0,1,5,3,0,1,1,-1,1,3,20,5,6,2020,0.0,1.0,0.0,0.0,0.0,0,1,0,1,1,1,0