,index,CITY,STATE,ZIPCODE,AGE,EJECTION,DRIVER_ACTION,BAC_RESULT,UNIT_TYPE,MAKE,MODEL,VEHICLE_YEAR,VEHICLE_TYPE,TRAVEL_DIRECTION,MANEUVER,FIRST_CONTACT_POINT,POSTED_SPEED_LIMIT,TRAFFIC_CONTROL_DEVICE,DEVICE_CONDITION,WEATHER_CONDITION,LIGHTING_CONDITION,FIRST_CRASH_TYPE,TRAFFICWAY_TYPE,ALIGNMENT,ROADWAY_SURFACE_COND,ROAD_DEFECT,STREET_DIRECTION,NUM_UNITS,CRASH_HOUR,CRASH_DAY_OF_WEEK,CRASH_MONTH,CRASH_YEAR,FATAL_INBOTH,FATAL_CARPPL,FATAL_OTHPPL,FATAL_INAUTO,FATAL_DEGREE,DAMAGE_500_OR_LESS,DAMAGE_501_1500,DAMAGE_OVER_1500,SEX,INTERSECTION_RELATED,HIT_AND_RUN,REPORTYPE
1292,62316,CHICAGO,IL,60649,57.0,0.0,0.0,0.0,1,29,256,2008.0,1,3,1,2.0,30,0,0,1,5,3,0,1,1,-1,1,3,20,5,6,2020,0.0,1.0,0.0,0.0,0.0,0,1,0,1,1,1,0
1293,62318,CHICAGO,IL,60617,63.0,0.0,0.0,0.0,1,4,5,2014.0,1,3,1,2.0,30,0,0,1,5,3,0,1,1,-1,1,3,20,5,6,2020,0.0,1.0,0.0,0.0,0.0,0,1,0,0,1,1,0
1294,62319,CHICAGO,IL,60617,63.0,0.0,0.0,0.0,1,29,256,2008.0,1,3,1,2.0,30,0,0,1,5,3,0,1,1,-1,1,3,20,5,6,2020,0.0,1.0,0.0,0.0,0.0,0,1,0,0,1,1,0
1295,62342,CHICAGO,IL,60645,29.0,0.0,1.0,0.0,1,5,13,2013.0,1,3,1,2.0,30,1,1,1,2,3,2,1,1,0,3,3,21,5,6,2020,0.0,1.0,0.0,0.0,0.0,0,0,1,1,1,1,1
1296,62343,CHICAGO,IL,60645,29.0,0.0,1.0,0.0,1,1,14,2019.0,2,3,1,4.0,30,1,1,1,2,3,2,1,1,0,3,3,21,5,6,2020,0.0,1.0,0.0,0.0,0.0,0,0,1,1,1,1,1
1297,62345,SCHAUMBURG,IL,60193,30.0,0.0,0.0,0.0,1,5,13,2013.0,1,3,1,2.0,30,1,1,1,2,3,2,1,1,0,3,3,21,5,6,2020,0.0,1.0,0.0,0.0,0.0,0,0,1,0,1,1,1
1298,62346,SCHAUMBURG,IL,60193,30.0,0.0,0.0,0.0,1,1,14,2019.0,2,3,1,4.0,30,1,1,1,2,3,2,1,1,0,3,3,21,5,6,2020,0.0,1.0,0.0,0.0,0.0,0,0,1,0,1,1,1
1299,62536,CHICICAGO,IL,60637,36.0,0.0,2.0,0.0,1,33,201,2014.0,1,4,1,1.0,30,2,1,1,1,1,1,1,1,0,1,2,8,6,6,2020,1.0,0.0,0.0,0.0,1.0,0,0,1,1,1,1,1
1300,62537,CHICICAGO,IL,60637,36.0,0.0,2.0,0.0,1,1,4,2016.0,1,1,1,1.0,30,2,1,1,1,1,1,1,1,0,1,2,8,6,6,2020,1.0,0.0,0.0,0.0,1.0,0,0,1,1,1,1,1
1301,62538,CHICAGO,IL,60620,55.0,0.0,0.0,0.0,1,33,201,2014.0,1,4,1,1.0,30,2,1,1,1,1,1,1,1,0,1,2,8,6,6,2020,1.0,0.0,0.0,0.0,1.0,0,0,1,0,1,1,1
1302,62539,CHICAGO,IL,60620,55.0,0.0,0.0,0.0,1,1,4,2016.0,1,1,1,1.0,30,2,1,1,1,1,1,1,1,0,1,2,8,6,6,2020,1.0,0.0,0.0,0.0,1.0,0,0,1,0,1,1,1
1303,62672,CHICAGO,IL,60629,64.0,0.0,0.0,0.0,1,1,6,2011.0,1,1,1,7.0,30,0,0,1,1,4,0,1,1,0,1,2,9,6,6,2020,0.0,1.0,0.0,0.0,0.0,0,0,1,0,1,1,0
1304,63160,CHICAGO,IL,60644,42.0,0.0,1.0,0.0,1,1,20,2019.0,1,2,1,2.0,30,1,1,1,1,3,2,1,1,0,2,2,16,6,6,2020,0.0,1.0,0.0,0.0,0.0,1,0,0,0,0,1,1
1305,63268,UNKNOWN,XX,0,36.0,0.0,2.0,0.0,1,3,3,2014.0,-1,1,1,6.0,30,2,1,1,1,1,0,1,1,0,2,2,17,6,6,2020,1.0,0.0,0.0,0.0,1.0,0,0,1,0,1,1,1
1306,63269,CHICAGO,IL,60632,33.0,0.0,0.0,0.0,1,-1,1,2010.0,-1,4,1,1.0,30,2,1,1,1,1,0,1,1,0,2,2,17,6,6,2020,1.0,0.0,0.0,0.0,1.0,0,0,1,0,1,1,1
1307,63270,CHICAGO,IL,60632,33.0,0.0,0.0,0.0,1,3,3,2014.0,-1,1,1,6.0,30,2,1,1,1,1,0,1,1,0,2,2,17,6,6,2020,1.0,0.0,0.0,0.0,1.0,0,0,1,0,1,1,1
1308,63290,CHICAGO,IL,60632,15.0,-1.0,-1.0,0.0,1,7,47,2010.0,-1,2,-1,-1.0,30,1,1,1,1,5,1,1,1,0,2,2,18,6,6,2020,0.0,0.0,0.0,0.0,3.0,1,0,0,1,1,1,1
1309,63401,CHICAGO,IL,60636,29.0,0.0,0.0,0.0,1,19,155,2002.0,1,2,1,3.0,30,1,1,1,1,4,1,1,1,0,4,2,19,6,6,2020,0.0,1.0,0.0,0.0,0.0,0,1,0,0,1,1,1
1310,63488,CHICAGO,IL,60629,29.0,0.0,0.0,0.0,1,4,5,2010.0,1,3,1,7.0,30,2,1,1,2,12,0,1,1,0,1,3,21,6,6,2020,1.0,0.0,0.0,0.0,0.0,0,0,1,1,1,1,1
1311,63489,CHICAGO,IL,60629,29.0,0.0,0.0,0.0,1,4,33,2007.0,1,1,1,1.0,30,2,1,1,2,12,0,1,1,0,1,3,21,6,6,2020,1.0,0.0,0.0,0.0,0.0,0,0,1,1,1,1,1
1312,63491,CHICAGO,IL,60652,19.0,0.0,0.0,0.0,1,4,5,2010.0,1,3,1,7.0,30,2,1,1,2,12,0,1,1,0,1,3,21,6,6,2020,1.0,0.0,0.0,0.0,0.0,0,0,1,1,1,1,1
1313,63492,CHICAGO,IL,60652,19.0,0.0,0.0,0.0,1,4,33,2007.0,1,1,1,1.0,30,2,1,1,2,12,0,1,1,0,1,3,21,6,6,2020,1.0,0.0,0.0,0.0,0.0,0,0,1,1,1,1,1
1314,63505,UNKNOWN,XX,0,36.0,0.0,2.0,0.0,1,1,4,2014.0,1,2,1,1.0,30,2,1,1,2,1,0,1,1,0,3,2,21,6,6,2020,1.0,0.0,0.0,0.0,1.0,0,0,1,1,1,1,0
1315,63506,UNKNOWN,XX,0,36.0,0.0,2.0,0.0,1,5,23,2008.0,2,3,1,6.0,30,2,1,1,2,1,0,1,1,0,3,2,21,6,6,2020,1.0,0.0,0.0,0.0,1.0,0,0,1,1,1,1,0
1316,63507,GURNEE,IL,60031,32.0,0.0,0.0,0.0,1,1,4,2014.0,1,2,1,1.0,30,2,1,1,2,1,0,1,1,0,3,2,21,6,6,2020,1.0,0.0,0.0,0.0,1.0,0,0,1,1,1,1,0
1317,63508,GURNEE,IL,60031,32.0,0.0,0.0,0.0,1,5,23,2008.0,2,3,1,6.0,30,2,1,1,2,1,0,1,1,0,3,2,21,6,6,2020,1.0,0.0,0.0,0.0,1.0,0,0,1,1,1,1,0
1318,63564,CHICAGO,IL,60652,68.0,-1.0,0.0,2.0,1,-1,1,2010.0,-1,4,2,3.0,30,0,0,1,2,5,1,1,1,0,1,2,22,6,6,2020,0.0,0.0,0.0,0.0,3.0,0,0,1,1,1,1,0
1319,63607,CHICAGO,IL,60632,25.0,0.0,0.0,0.0,1,4,18,2016.0,2,1,1,2.0,30,1,1,1,2,3,6,1,1,0,1,2,0,7,6,2020,0.0,1.0,0.0,0.0,0.0,0,0,1,1,1,1,1
1320,63645,CHICAGO,IL,60632,36.0,0.0,3.0,0.0,1,22,158,2015.0,1,2,3,8.0,30,1,1,1,2,3,0,1,1,0,4,2,1,7,6,2020,1.0,0.0,0.0,0.0,1.0,1,0,0,1,1,1,0
1321,63646,DOLTON,IL,60419,35.0,0.0,0.0,0.0,1,1,1,2010.0,1,2,1,1.0,30,1,1,1,2,3,0,1,1,0,4,2,1,7,6,2020,1.0,0.0,0.0,0.0,1.0,1,0,0,1,1,1,0
1322,63647,DOLTON,IL,60419,35.0,0.0,0.0,0.0,1,22,158,2015.0,1,2,3,8.0,30,1,1,1,2,3,0,1,1,0,4,2,1,7,6,2020,1.0,0.0,0.0,0.0,1.0,1,0,0,1,1,1,0
1323,63705,CHICAGO,IL,60632,36.0,0.0,3.0,0.0,1,5,13,2013.0,1,4,1,1.0,30,1,1,1,2,1,0,1,1,0,1,2,3,7,6,2020,1.0,0.0,0.0,0.0,1.0,0,0,1,0,1,1,1
1324,63706,CHICAGO,IL,60632,36.0,0.0,3.0,0.0,1,2,9,2015.0,1,1,1,4.0,30,1,1,1,2,1,0,1,1,0,1,2,3,7,6,2020,1.0,0.0,0.0,0.0,1.0,0,0,1,0,1,1,1
1325,63707,CHICAGO,IL,60651,44.0,0.0,0.0,0.0,1,5,13,2013.0,1,4,1,1.0,30,1,1,1,2,1,0,1,1,0,1,2,3,7,6,2020,1.0,0.0,0.0,0.0,1.0,0,0,1,0,1,1,1
1326,63708,CHICAGO,IL,60651,44.0,0.0,0.0,0.0,1,2,9,2015.0,1,1,1,4.0,30,1,1,1,2,1,0,1,1,0,1,2,3,7,6,2020,1.0,0.0,0.0,0.0,1.0,0,0,1,0,1,1,1
1327,63911,CHICAGO,IL,60629,44.0,0.0,0.0,0.0,1,1,1,2015.0,1,4,1,2.0,30,1,1,1,3,3,0,1,1,0,2,2,21,6,6,2020,0.0,1.0,0.0,0.0,0.0,0,1,0,1,1,1,0
1328,63938,CHICAGO,IL,60449,63.0,0.0,0.0,0.0,1,2,9,2004.0,1,1,1,2.0,30,2,1,1,1,3,0,1,1,0,1,2,11,7,6,2020,0.0,1.0,0.0,0.0,0.0,0,0,1,1,1,1,0
1329,63980,CHICAGO,IL,60449,28.0,0.0,0.0,0.0,1,30,277,2007.0,1,3,1,1.0,30,1,1,1,1,1,1,1,1,0,2,2,10,7,6,2020,1.0,0.0,0.0,0.0,1.0,0,0,1,1,1,1,1
1330,63981,CHICAGO,IL,60449,28.0,0.0,0.0,0.0,1,7,25,2018.0,2,4,1,6.0,30,1,1,1,1,1,1,1,1,0,2,2,10,7,6,2020,1.0,0.0,0.0,0.0,1.0,0,0,1,1,1,1,1
1331,63982,CHICAGO,IL,60449,36.0,0.0,2.0,0.0,1,30,277,2007.0,1,3,1,1.0,30,1,1,1,1,1,1,1,1,0,2,2,10,7,6,2020,1.0,0.0,0.0,0.0,1.0,0,0,1,0,1,1,1
1332,63983,CHICAGO,IL,60449,36.0,0.0,2.0,0.0,1,7,25,2018.0,2,4,1,6.0,30,1,1,1,1,1,1,1,1,0,2,2,10,7,6,2020,1.0,0.0,0.0,0.0,1.0,0,0,1,0,1,1,1
1333,64143,RIVERDALE,IL,60827,38.0,0.0,0.0,1.0,1,21,338,2016.0,1,1,1,4.0,0,0,0,1,1,1,4,1,1,0,1,3,15,7,6,2020,1.0,0.0,0.0,0.0,0.0,0,1,0,1,1,1,0
1334,64144,RIVERDALE,IL,60827,38.0,0.0,0.0,1.0,2,4,11,2012.0,1,3,5,4.0,0,0,0,1,1,1,4,1,1,0,1,3,15,7,6,2020,1.0,0.0,0.0,0.0,0.0,0,1,0,1,1,1,0
1335,64258,CHICAGO,IL,60449,36.0,0.0,-1.0,0.0,1,17,122,2010.0,1,2,2,-1.0,30,1,1,1,1,9,1,1,1,0,2,2,16,7,6,2020,1.0,0.0,0.0,0.0,1.0,1,0,0,0,1,1,1
1336,64260,MONROE,IL,38573,23.0,0.0,0.0,0.0,1,17,122,2010.0,1,2,2,-1.0,30,1,1,1,1,9,1,1,1,0,2,2,16,7,6,2020,0.0,0.0,0.0,1.0,1.0,1,0,0,1,1,1,1
1337,64392,CHICAGO,IL,60629,25.0,0.0,5.0,0.0,1,2,24,2006.0,1,2,1,12.0,30,1,1,1,1,2,2,1,1,0,2,2,17,7,6,2020,0.0,1.0,0.0,0.0,0.0,0,1,0,1,1,1,1
1338,64393,CHICAGO,IL,60629,71.0,0.0,0.0,0.0,1,-1,2,2015.0,1,2,4,6.0,30,1,1,1,1,2,2,1,1,0,2,2,17,7,6,2020,0.0,1.0,0.0,0.0,0.0,0,1,0,0,1,1,1
1339,64394,CHICAGO,IL,60629,71.0,0.0,0.0,0.0,1,2,24,2006.0,1,2,1,12.0,30,1,1,1,1,2,2,1,1,0,2,2,17,7,6,2020,0.0,1.0,0.0,0.0,0.0,0,1,0,0,1,1,1
1340,64448,CHICAGO,IL,60607,36.0,0.0,10.0,0.0,1,17,1,2010.0,1,3,11,-1.0,30,1,1,1,1,7,-1,1,1,0,1,2,18,7,6,2020,1.0,0.0,0.0,0.0,1.0,0,0,1,1,1,1,1
1341,64449,CHICAGO,IL,60607,36.0,0.0,10.0,0.0,1,11,273,2014.0,1,1,1,3.0,30,1,1,1,1,7,-1,1,1,0,1,2,18,7,6,2020,1.0,0.0,0.0,0.0,1.0,0,0,1,1,1,1,1
1342,64450,CHICAGO,IL,60607,28.0,0.0,0.0,0.0,1,17,1,2010.0,1,3,11,-1.0,30,1,1,1,1,7,-1,1,1,0,1,2,18,7,6,2020,1.0,0.0,0.0,0.0,1.0,0,0,1,0,1,1,1
1343,64451,CHICAGO,IL,60607,28.0,0.0,0.0,0.0,1,11,273,2014.0,1,1,1,3.0,30,1,1,1,1,7,-1,1,1,0,1,2,18,7,6,2020,1.0,0.0,0.0,0.0,1.0,0,0,1,0,1,1,1
1344,64522,CHICAGO,IL,60607,36.9,0.0,5.0,0.0,1,21,1,2011.0,2,5,2,10.0,30,1,1,1,1,2,9,1,1,0,3,2,17,7,6,2020,1.0,0.0,0.0,0.0,2.0,0,0,1,0,1,1,1
1345,64523,CHICAGO,IL,60607,36.9,0.0,5.0,0.0,1,5,13,2012.0,1,7,1,11.0,30,1,1,1,1,2,9,1,1,0,3,2,17,7,6,2020,1.0,0.0,0.0,0.0,2.0,0,0,1,0,1,1,1
1346,64524,HARRISON,NJ,7029,28.0,0.0,0.0,0.0,1,21,1,2011.0,2,5,2,10.0,30,1,1,1,1,2,9,1,1,0,3,2,17,7,6,2020,1.0,0.0,0.0,0.0,2.0,0,0,1,1,1,1,1
1347,64525,HARRISON,NJ,7029,28.0,0.0,0.0,0.0,1,5,13,2012.0,1,7,1,11.0,30,1,1,1,1,2,9,1,1,0,3,2,17,7,6,2020,1.0,0.0,0.0,0.0,2.0,0,0,1,1,1,1,1
1348,64600,CHICAGO,IL,60607,36.9,-1.0,-1.0,0.0,1,1,4,2011.0,1,4,1,-1.0,30,2,1,1,1,5,0,1,1,-1,2,2,15,7,6,2020,1.0,0.0,0.0,0.0,2.0,0,0,1,0,1,1,1
1349,64602,CHICAGO,IL,60607,11.0,-1.0,0.0,0.0,1,1,4,2011.0,1,4,1,-1.0,30,2,1,1,1,5,0,1,1,-1,2,2,15,7,6,2020,0.0,0.0,0.0,0.0,2.0,0,0,1,1,1,1,1
1350,64643,CHICAGO,IL,60607,36.9,0.0,4.0,0.0,1,1,1,2017.0,1,1,1,-1.0,30,1,-1,1,1,3,0,1,1,-1,1,2,16,7,6,2020,1.0,0.0,0.0,0.0,2.0,0,0,1,1,1,1,1
1351,64644,CHICAGO,IL,60607,36.9,0.0,4.0,0.0,1,19,170,2011.0,1,1,1,2.0,30,1,-1,1,1,3,0,1,1,-1,1,2,16,7,6,2020,1.0,0.0,0.0,0.0,2.0,0,0,1,1,1,1,1
1352,64645,CHICAGO,IL,60609,42.0,0.0,0.0,0.0,1,1,1,2017.0,1,1,1,-1.0,30,1,-1,1,1,3,0,1,1,-1,1,2,16,7,6,2020,1.0,0.0,0.0,0.0,2.0,0,0,1,1,1,1,1
1353,64646,CHICAGO,IL,60609,42.0,0.0,0.0,0.0,1,19,170,2011.0,1,1,1,2.0,30,1,-1,1,1,3,0,1,1,-1,1,2,16,7,6,2020,1.0,0.0,0.0,0.0,2.0,0,0,1,1,1,1,1
1354,64667,UNKNOWN,XX,0,36.9,-1.0,-1.0,0.0,1,-1,2,2011.0,-1,3,1,-1.0,30,1,1,1,3,2,1,1,1,0,1,2,20,7,6,2020,1.0,0.0,0.0,0.0,2.0,0,0,1,0,1,1,1
1355,64668,UNKNOWN,XX,0,36.9,-1.0,-1.0,0.0,1,3,3,2009.0,1,5,2,4.0,30,1,1,1,3,2,1,1,1,0,1,2,20,7,6,2020,1.0,0.0,0.0,0.0,2.0,0,0,1,0,1,1,1
1356,64669,CHICAGO,IL,60628,34.0,0.0,0.0,0.0,1,-1,2,2011.0,-1,3,1,-1.0,30,1,1,1,3,2,1,1,1,0,1,2,20,7,6,2020,1.0,0.0,0.0,0.0,2.0,0,0,1,0,1,1,1
1357,64670,CHICAGO,IL,60628,34.0,0.0,0.0,0.0,1,3,3,2009.0,1,5,2,4.0,30,1,1,1,3,2,1,1,1,0,1,2,20,7,6,2020,1.0,0.0,0.0,0.0,2.0,0,0,1,0,1,1,1
1358,64725,CHICAGO,IL,60644,22.0,0.0,0.0,0.0,1,6,157,2013.0,1,1,1,2.0,30,1,1,1,2,3,0,1,1,0,3,2,22,7,6,2020,0.0,1.0,0.0,0.0,0.0,1,0,0,0,0,1,1
1359,64735,ORLAND_PARK,IL,60467,44.0,0.0,0.0,0.0,1,3,40,2014.0,1,4,9,1.0,30,1,1,1,1,2,8,1,1,0,4,2,16,7,6,2020,0.0,1.0,0.0,0.0,0.0,0,0,1,1,1,1,0
1360,64914,CHICAGO,IL,60621,34.0,0.0,0.0,0.0,1,17,52,2004.0,1,2,1,1.0,30,1,1,1,2,1,0,1,1,0,2,2,2,1,6,2020,1.0,0.0,0.0,0.0,0.0,0,0,1,1,1,1,1
1361,64915,CHICAGO,IL,60621,34.0,0.0,0.0,0.0,1,14,227,2001.0,3,1,1,12.0,30,1,1,1,2,1,0,1,1,0,2,2,2,1,6,2020,1.0,0.0,0.0,0.0,0.0,0,0,1,1,1,1,1
1362,65014,UNK,XX,0,22.0,0.0,0.0,0.0,1,1,20,2011.0,1,8,1,1.0,30,1,1,1,1,1,1,1,1,0,2,2,6,1,6,2020,1.0,0.0,0.0,0.0,1.0,0,0,1,1,1,1,1
1363,65015,UNK,XX,0,22.0,0.0,0.0,0.0,1,2,8,2017.0,1,1,1,6.0,30,1,1,1,1,1,1,1,1,0,2,2,6,1,6,2020,1.0,0.0,0.0,0.0,1.0,0,0,1,1,1,1,1
1364,65016,UNK,XX,0,36.0,0.0,2.0,0.0,1,1,20,2011.0,1,8,1,1.0,30,1,1,1,1,1,1,1,1,0,2,2,6,1,6,2020,1.0,0.0,0.0,0.0,1.0,0,0,1,0,1,1,1
1365,65017,UNK,XX,0,36.0,0.0,2.0,0.0,1,2,8,2017.0,1,1,1,6.0,30,1,1,1,1,1,1,1,1,0,2,2,6,1,6,2020,1.0,0.0,0.0,0.0,1.0,0,0,1,0,1,1,1
1366,65029,UNK,XX,0,36.9,0.0,3.0,0.0,1,12,32,2016.0,1,1,1,11.0,30,2,1,1,1,1,1,1,1,0,1,2,7,1,6,2020,1.0,0.0,0.0,0.0,2.0,0,0,1,1,1,1,1
1367,65030,UNK,XX,0,36.9,0.0,3.0,0.0,1,5,7,2018.0,1,4,1,4.0,30,2,1,1,1,1,1,1,1,0,1,2,7,1,6,2020,1.0,0.0,0.0,0.0,2.0,0,0,1,1,1,1,1
1368,65031,CHICAGO,IL,60628,45.0,0.0,0.0,0.0,1,12,32,2016.0,1,1,1,11.0,30,2,1,1,1,1,1,1,1,0,1,2,7,1,6,2020,1.0,0.0,0.0,0.0,2.0,0,0,1,0,1,1,1
1369,65032,CHICAGO,IL,60628,45.0,0.0,0.0,0.0,1,5,7,2018.0,1,4,1,4.0,30,2,1,1,1,1,1,1,1,0,1,2,7,1,6,2020,1.0,0.0,0.0,0.0,2.0,0,0,1,0,1,1,1
1370,65042,UNK,XX,0,36.9,0.0,-1.0,0.0,1,6,22,2011.0,3,2,1,-1.0,35,1,1,1,1,1,1,1,1,0,2,2,7,1,6,2020,1.0,0.0,0.0,0.0,2.0,0,1,0,1,1,1,1
1371,65043,UNK,XX,0,36.9,0.0,-1.0,0.0,1,8,15,2015.0,1,3,1,4.0,35,1,1,1,1,1,1,1,1,0,2,2,7,1,6,2020,1.0,0.0,0.0,0.0,2.0,0,1,0,1,1,1,1
1372,65044,CHICAGO,IL,60626,32.0,0.0,0.0,0.0,1,6,22,2011.0,3,2,1,-1.0,35,1,1,1,1,1,1,1,1,0,2,2,7,1,6,2020,1.0,0.0,0.0,0.0,2.0,0,1,0,0,1,1,1
1373,65045,CHICAGO,IL,60626,32.0,0.0,0.0,0.0,1,8,15,2015.0,1,3,1,4.0,35,1,1,1,1,1,1,1,1,0,2,2,7,1,6,2020,1.0,0.0,0.0,0.0,2.0,0,1,0,0,1,1,1
1374,65098,CHICAGO,IL,60609,38.0,0.0,6.0,0.0,1,9,42,2012.0,2,2,1,0.0,30,2,1,1,1,5,2,1,1,0,2,2,7,7,6,2020,1.0,0.0,0.0,0.0,3.0,1,0,0,0,1,1,0
1375,65100,CHICAGO,IL,60609,38.0,0.0,6.0,0.0,1,9,42,2012.0,2,2,1,0.0,30,2,1,1,1,5,2,1,1,0,2,2,7,7,6,2020,1.0,0.0,0.0,0.0,3.0,1,0,0,0,1,1,0
1376,65102,CHICAGO,IL,60608,65.0,-1.0,0.0,0.0,1,9,42,2012.0,2,2,1,0.0,30,2,1,1,1,5,2,1,1,0,2,2,7,7,6,2020,0.0,0.0,0.0,0.0,3.0,1,0,0,1,1,1,0
1377,65104,CHICAGO,IL,60608,65.0,-1.0,0.0,0.0,1,9,42,2012.0,2,2,1,0.0,30,2,1,1,1,5,2,1,1,0,2,2,7,7,6,2020,0.0,0.0,0.0,0.0,3.0,1,0,0,1,1,1,0
1378,65106,CHICAGO,IL,60632,20.0,0.0,6.0,0.0,1,9,42,2012.0,2,2,1,0.0,30,2,1,1,1,5,2,1,1,0,2,2,7,7,6,2020,1.0,0.0,0.0,0.0,3.0,1,0,0,0,1,1,0
1379,65108,CHICAGO,IL,60632,20.0,0.0,6.0,0.0,1,9,42,2012.0,2,2,1,0.0,30,2,1,1,1,5,2,1,1,0,2,2,7,7,6,2020,1.0,0.0,0.0,0.0,3.0,1,0,0,0,1,1,0
1380,65110,CHICAGO,IL,60608,65.0,-1.0,0.0,0.0,1,9,42,2012.0,2,2,1,0.0,30,2,1,1,1,5,2,1,1,0,2,2,7,7,6,2020,0.0,0.0,0.0,0.0,3.0,1,0,0,1,1,1,0
1381,65112,CHICAGO,IL,60608,65.0,-1.0,0.0,0.0,1,9,42,2012.0,2,2,1,0.0,30,2,1,1,1,5,2,1,1,0,2,2,7,7,6,2020,0.0,0.0,0.0,0.0,3.0,1,0,0,1,1,1,0
1382,65120,LEMONT,IL,60439,59.0,0.0,0.0,0.0,1,2,80,2019.0,3,1,1,5.0,30,1,1,1,1,1,0,1,1,0,2,3,9,1,6,2020,1.0,0.0,0.0,0.0,0.0,0,1,0,1,1,0,1
1383,65121,LEMONT,IL,60439,59.0,0.0,0.0,0.0,1,1,43,2004.0,1,4,3,1.0,30,1,1,1,1,1,0,1,1,0,2,3,9,1,6,2020,1.0,0.0,0.0,0.0,0.0,0,1,0,1,1,0,1
1384,65185,MARKHAM,IL,60428,37.0,0.0,0.0,0.0,1,1,54,2019.0,7,1,1,2.0,30,1,1,-1,2,3,0,1,1,0,1,2,2,1,6,2020,0.0,1.0,0.0,0.0,0.0,0,0,1,0,1,1,1
1385,65727,UNKNOWN,XX,0,36.0,0.0,4.0,0.0,1,24,96,2017.0,1,2,1,1.0,30,1,1,1,1,3,2,1,1,0,2,2,17,1,6,2020,1.0,0.0,0.0,0.0,1.0,0,0,1,1,1,1,0
1386,65728,UNKNOWN,XX,0,36.0,0.0,4.0,0.0,1,8,15,2014.0,1,2,1,2.0,30,1,1,1,1,3,2,1,1,0,2,2,17,1,6,2020,1.0,0.0,0.0,0.0,1.0,0,0,1,1,1,1,0
1387,65729,CHICAGO,IL,60654,72.0,0.0,1.0,0.0,1,24,96,2017.0,1,2,1,1.0,30,1,1,1,1,3,2,1,1,0,2,2,17,1,6,2020,1.0,0.0,0.0,0.0,1.0,0,0,1,1,1,1,0
1388,65730,CHICAGO,IL,60654,72.0,0.0,1.0,0.0,1,8,15,2014.0,1,2,1,2.0,30,1,1,1,1,3,2,1,1,0,2,2,17,1,6,2020,1.0,0.0,0.0,0.0,1.0,0,0,1,1,1,1,0
1389,65739,UNKNOWN,XX,0,36.9,0.0,3.0,0.0,1,10,67,2013.0,1,3,1,1.0,30,2,1,3,1,1,1,1,2,0,2,2,18,3,6,2020,1.0,0.0,0.0,0.0,2.0,0,0,1,0,1,1,1
1390,65740,UNKNOWN,XX,0,36.9,0.0,3.0,0.0,1,8,15,2013.0,1,2,1,9.0,30,2,1,3,1,1,1,1,2,0,2,2,18,3,6,2020,1.0,0.0,0.0,0.0,2.0,0,0,1,0,1,1,1
1391,65741,CHICAGO,IL,60623,56.0,0.0,0.0,0.0,1,10,67,2013.0,1,3,1,1.0,30,2,1,3,1,1,1,1,2,0,2,2,18,3,6,2020,1.0,0.0,0.0,0.0,2.0,0,0,1,0,1,1,1
1392,65742,CHICAGO,IL,60623,56.0,0.0,0.0,0.0,1,8,15,2013.0,1,2,1,9.0,30,2,1,3,1,1,1,1,2,0,2,2,18,3,6,2020,1.0,0.0,0.0,0.0,2.0,0,0,1,0,1,1,1
1393,65805,HANOVER_PARK,IL,60133,34.0,0.0,0.0,0.0,1,3,12,2013.0,1,1,7,3.0,30,2,1,1,1,1,2,1,1,0,1,3,19,1,6,2020,1.0,0.0,0.0,0.0,0.0,0,0,1,1,1,1,1
1394,65806,HANOVER_PARK,IL,60133,34.0,0.0,0.0,0.0,1,10,30,2010.0,3,1,7,3.0,30,2,1,1,1,1,2,1,1,0,1,3,19,1,6,2020,1.0,0.0,0.0,0.0,0.0,0,0,1,1,1,1,1
1395,65808,CHICAGO,IL,60632,39.0,0.0,0.0,0.0,1,3,12,2013.0,1,1,7,3.0,30,2,1,1,1,1,2,1,1,0,1,3,19,1,6,2020,1.0,0.0,0.0,0.0,0.0,0,0,1,1,1,1,1
1396,65809,CHICAGO,IL,60632,39.0,0.0,0.0,0.0,1,10,30,2010.0,3,1,7,3.0,30,2,1,1,1,1,2,1,1,0,1,3,19,1,6,2020,1.0,0.0,0.0,0.0,0.0,0,0,1,1,1,1,1
1397,65848,UNKNOWN,XX,0,36.9,0.0,3.0,0.0,1,29,207,2011.0,1,7,2,1.0,40,1,1,1,1,2,5,1,1,0,1,2,18,1,6,2020,1.0,0.0,0.0,0.0,2.0,0,0,1,0,1,1,0
1398,65850,UNKNOWN,XX,0,36.9,0.0,3.0,0.0,1,18,106,2019.0,6,1,1,1.0,40,1,1,1,1,2,5,1,1,0,1,2,18,1,6,2020,1.0,0.0,0.0,0.0,2.0,0,0,1,0,1,1,0
1399,65851,UNKNOWN,XX,0,36.9,0.0,3.0,0.0,1,18,106,2019.0,6,1,1,1.0,40,1,1,1,1,2,5,1,1,0,1,2,18,1,6,2020,1.0,0.0,0.0,0.0,2.0,0,0,1,0,1,1,0