,index,CITY,STATE,ZIPCODE,AGE,EJECTION,DRIVER_ACTION,BAC_RESULT,UNIT_TYPE,MAKE,MODEL,VEHICLE_YEAR,VEHICLE_TYPE,TRAVEL_DIRECTION,MANEUVER,FIRST_CONTACT_POINT,POSTED_SPEED_LIMIT,TRAFFIC_CONTROL_DEVICE,DEVICE_CONDITION,WEATHER_CONDITION,LIGHTING_CONDITION,FIRST_CRASH_TYPE,TRAFFICWAY_TYPE,ALIGNMENT,ROADWAY_SURFACE_COND,ROAD_DEFECT,STREET_DIRECTION,NUM_UNITS,CRASH_HOUR,CRASH_DAY_OF_WEEK,CRASH_MONTH,CRASH_YEAR,FATAL_INBOTH,FATAL_CARPPL,FATAL_OTHPPL,FATAL_INAUTO,FATAL_DEGREE,DAMAGE_500_OR_LESS,DAMAGE_501_1500,DAMAGE_OVER_1500,SEX,INTERSECTION_RELATED,HIT_AND_RUN,REPORTYPE
1614,76296,WESTMONT,IL,60559,41.0,0.0,0.0,0.0,1,6,69,2008.0,1,1,1,1.0,30,1,1,1,2,1,-1,1,1,0,4,2,23,1,6,2020,1.0,0.0,0.0,0.0,0.0,0,0,1,1,1,1,1
1615,76297,WESTMONT,IL,60559,41.0,0.0,0.0,0.0,1,1,4,2018.0,1,2,1,6.0,30,1,1,1,2,1,-1,1,1,0,4,2,23,1,6,2020,1.0,0.0,0.0,0.0,0.0,0,0,1,1,1,1,1
1616,76322,CHICAGO,IL,60643,38.0,0.0,3.0,0.0,1,21,211,2016.0,1,4,1,3.0,30,1,1,1,2,1,4,1,1,0,1,2,0,2,6,2020,1.0,0.0,0.0,0.0,3.0,0,0,1,1,1,1,1
1617,76323,CHICAGO,IL,60643,38.0,0.0,3.0,0.0,1,4,33,2015.0,1,3,1,4.0,30,1,1,1,2,1,4,1,1,0,1,2,0,2,6,2020,1.0,0.0,0.0,0.0,3.0,0,0,1,1,1,1,1
1618,76324,CHICAGO,IL,60624,27.0,0.0,0.0,0.0,1,21,211,2016.0,1,4,1,3.0,30,1,1,1,2,1,4,1,1,0,1,2,0,2,6,2020,1.0,0.0,0.0,0.0,3.0,0,0,1,1,1,1,1
1619,76325,CHICAGO,IL,60624,27.0,0.0,0.0,0.0,1,4,33,2015.0,1,3,1,4.0,30,1,1,1,2,1,4,1,1,0,1,2,0,2,6,2020,1.0,0.0,0.0,0.0,3.0,0,0,1,1,1,1,1
1620,76476,CHICAGO,IL,60624,24.0,0.0,0.0,0.0,1,7,59,2017.0,1,4,1,5.0,30,2,1,1,1,1,0,1,1,0,2,2,6,2,6,2020,0.0,1.0,0.0,0.0,0.0,0,1,0,0,1,1,0
1621,76543,CHICAGO,IL,60624,36.0,0.0,-1.0,0.0,1,5,23,2019.0,9,1,1,6.0,30,1,1,1,2,1,0,1,1,0,2,2,3,2,6,2020,1.0,0.0,0.0,0.0,1.0,0,0,1,0,1,1,0
1622,76544,CHICAGO,IL,60624,36.0,0.0,-1.0,0.0,1,1,4,2005.0,1,2,1,1.0,30,1,1,1,2,1,0,1,1,0,2,2,3,2,6,2020,1.0,0.0,0.0,0.0,1.0,0,0,1,0,1,1,0
1623,76545,CHICAGO,IL,60644,29.0,0.0,1.0,0.0,1,5,23,2019.0,9,1,1,6.0,30,1,1,1,2,1,0,1,1,0,2,2,3,2,6,2020,1.0,0.0,0.0,0.0,1.0,0,0,1,0,1,1,0
1624,76546,CHICAGO,IL,60644,29.0,0.0,1.0,0.0,1,1,4,2005.0,1,2,1,1.0,30,1,1,1,2,1,0,1,1,0,2,2,3,2,6,2020,1.0,0.0,0.0,0.0,1.0,0,0,1,0,1,1,0
1625,76569,CHICAGO,IL,60624,28.0,0.0,10.0,0.0,1,20,94,2005.0,2,2,1,3.0,30,1,1,1,1,4,3,1,1,0,2,2,6,2,6,2020,1.0,0.0,0.0,0.0,1.0,0,0,1,1,1,1,1
1626,76570,CHICAGO,IL,60624,28.0,0.0,10.0,0.0,1,-1,2,2010.0,-1,-1,-1,1.0,30,1,1,1,1,4,3,1,1,0,2,2,6,2,6,2020,1.0,0.0,0.0,0.0,1.0,0,0,1,1,1,1,1
1627,76571,CHICAGO,IL,60624,36.0,0.0,-1.0,0.0,1,20,94,2005.0,2,2,1,3.0,30,1,1,1,1,4,3,1,1,0,2,2,6,2,6,2020,1.0,0.0,0.0,0.0,1.0,0,0,1,0,1,1,1
1628,76572,CHICAGO,IL,60624,36.0,0.0,-1.0,0.0,1,-1,2,2010.0,-1,-1,-1,1.0,30,1,1,1,1,4,3,1,1,0,2,2,6,2,6,2020,1.0,0.0,0.0,0.0,1.0,0,0,1,0,1,1,1
1629,76757,CHICAGO,IL,60629,17.0,0.0,0.0,0.0,1,2,8,2006.0,1,2,1,1.0,30,1,1,1,1,1,0,1,1,0,2,2,12,2,6,2020,1.0,0.0,0.0,0.0,0.0,0,0,1,0,1,1,1
1630,76958,CHICAGO,IL,60644,42.0,0.0,0.0,0.0,1,2,82,2001.0,2,4,1,6.0,35,1,1,1,1,4,2,1,1,0,1,2,14,7,6,2020,0.0,1.0,0.0,0.0,0.0,0,0,1,1,1,1,0
1631,76959,CHICAGO,IL,60644,42.0,0.0,0.0,0.0,1,2,180,2007.0,1,4,1,5.0,35,1,1,1,1,4,2,1,1,0,1,2,14,7,6,2020,0.0,1.0,0.0,0.0,0.0,0,0,1,1,1,1,0
1632,77187,CHICAGO,IL,60615,38.0,0.0,1.0,0.0,1,3,3,2012.0,1,3,1,9.0,30,1,1,1,1,2,1,1,1,0,1,2,16,2,6,2020,1.0,0.0,0.0,0.0,3.0,0,0,1,1,1,1,1
1633,77188,CHICAGO,IL,60632,21.0,0.0,0.0,0.0,1,-1,2,2010.0,2,1,2,3.0,30,1,1,1,1,2,1,1,1,0,1,2,16,2,6,2020,1.0,0.0,0.0,0.0,3.0,0,0,1,0,1,1,1
1634,77189,CHICAGO,IL,60632,21.0,0.0,0.0,0.0,1,3,3,2012.0,1,3,1,9.0,30,1,1,1,1,2,1,1,1,0,1,2,16,2,6,2020,1.0,0.0,0.0,0.0,3.0,0,0,1,0,1,1,1
1635,77268,CHICAGO,IL,60647,47.0,0.0,0.0,0.0,1,5,23,2017.0,2,3,3,2.0,30,2,1,2,1,3,0,1,2,0,3,2,16,2,6,2020,0.0,1.0,0.0,0.0,0.0,0,0,1,0,1,1,0
1636,77290,HICKRY_HILL,IL,60457,36.0,0.0,0.0,0.0,1,17,52,2018.0,1,2,1,1.0,30,0,0,1,1,1,0,1,1,0,1,2,16,2,6,2020,0.0,1.0,0.0,0.0,0.0,0,0,1,0,1,1,0
1637,77614,CHICAGO,IL,60628,68.0,-1.0,12.0,0.0,1,4,18,2011.0,1,1,1,-1.0,30,0,0,2,2,5,0,1,2,-1,3,2,20,2,6,2020,0.0,0.0,0.0,0.0,2.0,1,0,0,0,1,1,1
1638,77638,CHICAGO,IL,60628,36.9,-1.0,-1.0,0.0,1,-1,2,2011.0,1,4,1,-1.0,30,2,-1,2,3,5,0,1,2,-1,1,2,21,2,6,2020,1.0,0.0,0.0,0.0,2.0,0,0,1,1,1,1,1
1639,77640,CHICAGO,IL,60628,51.0,-1.0,-1.0,0.0,1,-1,2,2011.0,1,4,1,-1.0,30,2,-1,2,3,5,0,1,2,-1,1,2,21,2,6,2020,0.0,0.0,0.0,0.0,2.0,0,0,1,0,1,1,1
1640,77894,CHICAGO,IL,60639,51.0,0.0,0.0,0.0,1,37,1,2019.0,7,2,1,-1.0,20,3,1,1,1,7,0,1,1,0,2,2,10,3,6,2020,0.0,1.0,0.0,0.0,0.0,0,0,1,0,0,1,0
1641,77922,CHICAGO,IL,60641,44.0,0.0,1.0,0.0,1,6,56,2017.0,1,3,1,5.0,30,1,1,1,1,1,0,1,1,0,1,2,10,3,6,2020,0.0,1.0,0.0,0.0,0.0,0,0,1,1,1,1,0
1642,78310,OAK_LAWN,IL,60453,39.0,0.0,0.0,0.0,1,3,3,2002.0,1,2,3,10.0,30,1,1,1,1,3,0,2,1,0,2,2,16,2,6,2020,0.0,1.0,0.0,0.0,0.0,0,0,1,1,1,1,0
1643,78648,CHICAGO,IL,60620,36.0,0.0,3.0,0.0,1,3,109,2017.0,1,2,1,1.0,30,1,1,1,2,1,4,1,1,0,1,2,19,3,6,2020,1.0,0.0,0.0,0.0,1.0,0,0,1,1,1,1,0
1644,78649,CHICAGO,IL,60620,36.0,0.0,3.0,0.0,1,18,105,2008.0,1,3,1,6.0,30,1,1,1,2,1,4,1,1,0,1,2,19,3,6,2020,1.0,0.0,0.0,0.0,1.0,0,0,1,1,1,1,0
1645,78650,CHICAGO,IL,60620,36.0,0.0,3.0,0.0,1,3,109,2017.0,1,2,1,1.0,30,1,1,1,2,1,4,1,1,0,1,2,19,3,6,2020,1.0,0.0,0.0,0.0,1.0,0,0,1,1,1,1,0
1646,78651,CHICAGO,IL,60620,36.0,0.0,3.0,0.0,1,18,105,2008.0,1,3,1,6.0,30,1,1,1,2,1,4,1,1,0,1,2,19,3,6,2020,1.0,0.0,0.0,0.0,1.0,0,0,1,1,1,1,0
1647,78652,CHICAGO,IL,60637,32.0,0.0,0.0,0.0,1,3,109,2017.0,1,2,1,1.0,30,1,1,1,2,1,4,1,1,0,1,2,19,3,6,2020,1.0,0.0,0.0,0.0,1.0,0,0,1,0,1,1,0
1648,78653,CHICAGO,IL,60637,32.0,0.0,0.0,0.0,1,18,105,2008.0,1,3,1,6.0,30,1,1,1,2,1,4,1,1,0,1,2,19,3,6,2020,1.0,0.0,0.0,0.0,1.0,0,0,1,0,1,1,0
1649,78654,CHICAGO,IL,60637,32.0,0.0,0.0,0.0,1,3,109,2017.0,1,2,1,1.0,30,1,1,1,2,1,4,1,1,0,1,2,19,3,6,2020,1.0,0.0,0.0,0.0,1.0,0,0,1,0,1,1,0
1650,78655,CHICAGO,IL,60637,32.0,0.0,0.0,0.0,1,18,105,2008.0,1,3,1,6.0,30,1,1,1,2,1,4,1,1,0,1,2,19,3,6,2020,1.0,0.0,0.0,0.0,1.0,0,0,1,0,1,1,0
1651,78656,CHICAGO,IL,60649,23.0,0.0,3.0,0.0,1,3,109,2017.0,1,2,1,1.0,30,1,1,1,2,1,4,1,1,0,1,2,19,3,6,2020,1.0,0.0,0.0,0.0,1.0,0,0,1,1,1,1,0
1652,78657,CHICAGO,IL,60649,23.0,0.0,3.0,0.0,1,18,105,2008.0,1,3,1,6.0,30,1,1,1,2,1,4,1,1,0,1,2,19,3,6,2020,1.0,0.0,0.0,0.0,1.0,0,0,1,1,1,1,0
1653,78658,CHICAGO,IL,60649,23.0,0.0,3.0,0.0,1,3,109,2017.0,1,2,1,1.0,30,1,1,1,2,1,4,1,1,0,1,2,19,3,6,2020,1.0,0.0,0.0,0.0,1.0,0,0,1,1,1,1,0
1654,78659,CHICAGO,IL,60649,23.0,0.0,3.0,0.0,1,18,105,2008.0,1,3,1,6.0,30,1,1,1,2,1,4,1,1,0,1,2,19,3,6,2020,1.0,0.0,0.0,0.0,1.0,0,0,1,1,1,1,0
1655,78660,CHICAGO,IL,60637,32.0,0.0,0.0,0.0,1,3,109,2017.0,1,2,1,1.0,30,1,1,1,2,1,4,1,1,0,1,2,19,3,6,2020,1.0,0.0,0.0,0.0,1.0,0,0,1,0,1,1,0
1656,78661,CHICAGO,IL,60637,32.0,0.0,0.0,0.0,1,18,105,2008.0,1,3,1,6.0,30,1,1,1,2,1,4,1,1,0,1,2,19,3,6,2020,1.0,0.0,0.0,0.0,1.0,0,0,1,0,1,1,0
1657,78662,CHICAGO,IL,60637,32.0,0.0,0.0,0.0,1,3,109,2017.0,1,2,1,1.0,30,1,1,1,2,1,4,1,1,0,1,2,19,3,6,2020,1.0,0.0,0.0,0.0,1.0,0,0,1,0,1,1,0
1658,78663,CHICAGO,IL,60637,32.0,0.0,0.0,0.0,1,18,105,2008.0,1,3,1,6.0,30,1,1,1,2,1,4,1,1,0,1,2,19,3,6,2020,1.0,0.0,0.0,0.0,1.0,0,0,1,0,1,1,0
1659,78907,CHICAGO,IL,60639,32.0,0.0,0.0,0.0,1,5,38,2003.0,1,2,1,1.0,30,0,0,1,2,1,0,1,1,0,2,4,1,4,6,2020,1.0,0.0,0.0,0.0,0.0,0,0,1,1,1,1,1
1660,78936,CHICAGO,IL,60644,36.9,0.0,5.0,0.0,1,28,45,2008.0,5,2,1,1.0,30,1,1,1,5,2,7,1,1,0,2,2,5,4,6,2020,1.0,0.0,0.0,0.0,2.0,0,0,1,0,1,1,1
1661,78937,CHICAGO,IL,60644,61.0,0.0,0.0,0.0,1,-1,2,2011.0,-1,4,2,-1.0,30,1,1,1,5,2,7,1,1,0,2,2,5,4,6,2020,1.0,0.0,0.0,0.0,2.0,0,0,1,1,1,1,1
1662,78938,CHICAGO,IL,60644,61.0,0.0,0.0,0.0,1,28,45,2008.0,5,2,1,1.0,30,1,1,1,5,2,7,1,1,0,2,2,5,4,6,2020,1.0,0.0,0.0,0.0,2.0,0,0,1,1,1,1,1
1663,79123,PARK_RIDGE,IL,60068,54.0,0.0,0.0,0.0,1,23,61,2012.0,1,4,1,10.0,35,1,1,1,1,3,2,1,1,0,2,2,6,4,6,2020,1.0,0.0,0.0,0.0,0.0,0,0,1,1,1,1,1
1664,79154,CHICAGO,IL,60644,36.9,0.0,2.0,0.0,1,1,49,2011.0,3,4,2,1.0,30,1,1,1,1,5,4,1,1,0,3,2,11,4,6,2020,1.0,0.0,0.0,0.0,2.0,0,0,1,0,1,1,1
1665,79156,CHICAGO,IL,60610,59.0,-1.0,2.0,0.0,1,1,49,2011.0,3,4,2,1.0,30,1,1,1,1,5,4,1,1,0,3,2,11,4,6,2020,0.0,0.0,0.0,0.0,2.0,0,0,1,1,1,1,1
1666,79241,CHICAGO,IL,60611,90.0,0.0,0.0,0.0,1,2,382,2003.0,1,1,1,4.0,35,1,1,2,1,4,0,1,2,0,2,2,13,4,6,2020,0.0,1.0,0.0,0.0,0.0,0,0,1,1,1,1,0
1667,79280,CHICAGO,IL,60609,36.0,0.0,3.0,0.0,1,9,1,2010.0,2,2,1,1.0,30,1,1,1,2,1,4,1,1,0,1,2,2,2,6,2020,1.0,0.0,0.0,0.0,1.0,0,0,1,0,1,1,0
1668,79281,CHICAGO,IL,60609,36.0,0.0,3.0,0.0,1,1,6,2017.0,1,3,1,6.0,30,1,1,1,2,1,4,1,1,0,1,2,2,2,6,2020,1.0,0.0,0.0,0.0,1.0,0,0,1,0,1,1,0
1669,79282,CHICAGO,IL,60620,41.0,0.0,0.0,0.0,1,9,1,2010.0,2,2,1,1.0,30,1,1,1,2,1,4,1,1,0,1,2,2,2,6,2020,1.0,0.0,0.0,0.0,1.0,0,0,1,0,1,1,0
1670,79283,CHICAGO,IL,60620,41.0,0.0,0.0,0.0,1,1,6,2017.0,1,3,1,6.0,30,1,1,1,2,1,4,1,1,0,1,2,2,2,6,2020,1.0,0.0,0.0,0.0,1.0,0,0,1,0,1,1,0
1671,79647,CHICAGO,IL,60634,36.9,0.0,2.0,0.0,1,22,107,2004.0,1,6,2,1.0,30,0,0,1,1,2,1,1,-1,-1,2,2,17,4,6,2020,1.0,0.0,0.0,0.0,2.0,0,0,1,1,1,1,0
1672,79648,CHICAGO,IL,60634,36.9,0.0,2.0,0.0,1,2,24,2010.0,1,4,1,1.0,30,0,0,1,1,2,1,1,-1,-1,2,2,17,4,6,2020,1.0,0.0,0.0,0.0,2.0,0,0,1,1,1,1,0
1673,79649,CHICAGO,IL,60643,63.0,0.0,0.0,0.0,1,22,107,2004.0,1,6,2,1.0,30,0,0,1,1,2,1,1,-1,-1,2,2,17,4,6,2020,1.0,0.0,0.0,0.0,2.0,0,0,1,0,1,1,0
1674,79650,CHICAGO,IL,60643,63.0,0.0,0.0,0.0,1,2,24,2010.0,1,4,1,1.0,30,0,0,1,1,2,1,1,-1,-1,2,2,17,4,6,2020,1.0,0.0,0.0,0.0,2.0,0,0,1,0,1,1,0
1675,79675,CHICAGO,IL,60643,36.9,0.0,6.0,0.0,1,13,1,2011.0,1,4,1,1.0,30,1,1,1,1,7,2,1,1,0,1,2,17,4,6,2020,1.0,0.0,0.0,0.0,2.0,0,0,1,1,1,1,1
1676,79676,CHICAGO,IL,60643,36.9,0.0,6.0,0.0,1,9,70,2015.0,1,2,7,6.0,30,1,1,1,1,7,2,1,1,0,1,2,17,4,6,2020,1.0,0.0,0.0,0.0,2.0,0,0,1,1,1,1,1
1677,79677,CHICAGO,IL,60652,27.0,0.0,0.0,0.0,1,13,1,2011.0,1,4,1,1.0,30,1,1,1,1,7,2,1,1,0,1,2,17,4,6,2020,1.0,0.0,0.0,0.0,2.0,0,0,1,0,1,1,1
1678,79678,CHICAGO,IL,60652,27.0,0.0,0.0,0.0,1,9,70,2015.0,1,2,7,6.0,30,1,1,1,1,7,2,1,1,0,1,2,17,4,6,2020,1.0,0.0,0.0,0.0,2.0,0,0,1,0,1,1,1
1679,79736,DOLTON,IL,60419,22.0,0.0,0.0,0.0,1,2,8,2015.0,1,4,1,3.0,30,1,1,1,1,2,0,1,1,0,2,2,18,4,6,2020,1.0,0.0,0.0,0.0,0.0,0,0,1,1,1,1,1
1680,79762,CHICAGO,IL,60660,40.0,0.0,0.0,0.0,1,3,57,2006.0,2,3,1,2.0,30,1,1,1,1,3,1,1,1,0,3,2,15,4,6,2020,0.0,1.0,0.0,0.0,0.0,0,0,1,1,1,1,0
1681,79814,CHICAGO,IL,60622,39.0,0.0,0.0,0.0,1,4,130,2017.0,1,4,1,2.0,30,1,1,1,1,3,0,1,1,0,2,3,17,4,6,2020,1.0,0.0,0.0,0.0,0.0,0,0,1,0,1,1,1
1682,79838,CHICAGO,IL,60637,19.0,0.0,-1.0,0.0,1,3,3,2015.0,1,3,4,3.0,30,-1,-1,1,1,2,1,1,1,-1,1,3,18,4,6,2020,1.0,0.0,0.0,0.0,3.0,0,0,1,1,1,0,1
1683,79839,CHICAGO,IL,60637,19.0,0.0,-1.0,0.0,1,1,4,2014.0,1,1,1,3.0,30,-1,-1,1,1,2,1,1,1,-1,1,3,18,4,6,2020,1.0,0.0,0.0,0.0,3.0,0,0,1,1,1,0,1
1684,79840,CHICAGO,IL,60637,19.0,0.0,-1.0,0.0,1,10,30,2004.0,1,4,1,4.0,30,-1,-1,1,1,2,1,1,1,-1,1,3,18,4,6,2020,1.0,0.0,0.0,0.0,3.0,0,0,1,1,1,0,1
1685,79841,DOLTON,IL,60419,62.0,0.0,0.0,0.0,1,3,3,2015.0,1,3,4,3.0,30,-1,-1,1,1,2,1,1,1,-1,1,3,18,4,6,2020,1.0,0.0,0.0,0.0,3.0,0,0,1,1,1,0,1
1686,79842,DOLTON,IL,60419,62.0,0.0,0.0,0.0,1,1,4,2014.0,1,1,1,3.0,30,-1,-1,1,1,2,1,1,1,-1,1,3,18,4,6,2020,1.0,0.0,0.0,0.0,3.0,0,0,1,1,1,0,1
1687,79843,DOLTON,IL,60419,62.0,0.0,0.0,0.0,1,10,30,2004.0,1,4,1,4.0,30,-1,-1,1,1,2,1,1,1,-1,1,3,18,4,6,2020,1.0,0.0,0.0,0.0,3.0,0,0,1,1,1,0,1
1688,79844,CHICAGO,IL,60643,52.0,0.0,0.0,0.0,1,3,3,2015.0,1,3,4,3.0,30,-1,-1,1,1,2,1,1,1,-1,1,3,18,4,6,2020,1.0,0.0,0.0,0.0,3.0,0,0,1,1,1,0,1
1689,79845,CHICAGO,IL,60643,52.0,0.0,0.0,0.0,1,1,4,2014.0,1,1,1,3.0,30,-1,-1,1,1,2,1,1,1,-1,1,3,18,4,6,2020,1.0,0.0,0.0,0.0,3.0,0,0,1,1,1,0,1
1690,79846,CHICAGO,IL,60643,52.0,0.0,0.0,0.0,1,10,30,2004.0,1,4,1,4.0,30,-1,-1,1,1,2,1,1,1,-1,1,3,18,4,6,2020,1.0,0.0,0.0,0.0,3.0,0,0,1,1,1,0,1
1691,79871,CHICAGO,IL,60643,38.0,0.0,3.0,0.0,1,-1,1,2010.0,-1,4,1,1.0,30,2,1,1,1,1,2,1,1,0,1,2,18,4,6,2020,1.0,0.0,0.0,0.0,3.0,0,0,1,1,1,1,1
1692,79872,CHICAGO,IL,60643,38.0,0.0,3.0,0.0,1,12,32,2014.0,1,1,1,6.0,30,2,1,1,1,1,2,1,1,0,1,2,18,4,6,2020,1.0,0.0,0.0,0.0,3.0,0,0,1,1,1,1,1
1693,79873,CHICAGO,IL,60617,27.0,0.0,0.0,0.0,1,-1,1,2010.0,-1,4,1,1.0,30,2,1,1,1,1,2,1,1,0,1,2,18,4,6,2020,1.0,0.0,0.0,0.0,3.0,0,0,1,1,1,1,1
1694,79874,CHICAGO,IL,60617,27.0,0.0,0.0,0.0,1,12,32,2014.0,1,1,1,6.0,30,2,1,1,1,1,2,1,1,0,1,2,18,4,6,2020,1.0,0.0,0.0,0.0,3.0,0,0,1,1,1,1,1
1695,79942,CHICAGO,IL,60626,82.0,0.0,0.0,0.0,1,3,86,2001.0,1,2,2,2.0,30,1,1,1,2,2,1,1,1,0,2,2,21,4,6,2020,0.0,1.0,0.0,0.0,0.0,0,0,1,1,1,1,1
1696,79972,CHICAGO,IL,60620,51.0,0.0,0.0,0.0,1,1,6,2018.0,1,2,1,2.0,30,2,0,1,1,3,0,1,1,0,1,2,17,4,6,2020,0.0,1.0,0.0,0.0,0.0,0,0,1,1,1,1,0
1697,79986,CHICAGO,IL,60620,36.9,0.0,3.0,0.0,1,5,154,2009.0,2,2,1,5.0,30,1,1,1,2,1,0,1,1,0,1,2,22,4,6,2020,1.0,0.0,0.0,0.0,2.0,0,0,1,1,1,1,1
1698,79987,CHICAGO,IL,60620,36.9,0.0,3.0,0.0,1,6,69,1998.0,1,3,1,1.0,30,1,1,1,2,1,0,1,1,0,1,2,22,4,6,2020,1.0,0.0,0.0,0.0,2.0,0,0,1,1,1,1,1
1699,79988,CHICAGO,IL,60620,24.0,0.0,1.0,0.0,1,5,154,2009.0,2,2,1,5.0,30,1,1,1,2,1,0,1,1,0,1,2,22,4,6,2020,1.0,0.0,0.0,0.0,2.0,0,0,1,0,1,1,1
1700,79989,CHICAGO,IL,60620,24.0,0.0,1.0,0.0,1,6,69,1998.0,1,3,1,1.0,30,1,1,1,2,1,0,1,1,0,1,2,22,4,6,2020,1.0,0.0,0.0,0.0,2.0,0,0,1,0,1,1,1
1701,80009,CHICAGO,IL,60620,36.0,0.0,2.0,0.0,1,1,6,2011.0,-1,4,2,3.0,30,2,1,1,2,2,4,1,1,0,1,2,23,4,6,2020,1.0,0.0,0.0,0.0,1.0,0,0,1,0,1,1,1
1702,80010,CHICAGO,IL,60620,36.0,0.0,2.0,0.0,1,22,107,2006.0,1,1,1,4.0,30,2,1,1,2,2,4,1,1,0,1,2,23,4,6,2020,1.0,0.0,0.0,0.0,1.0,0,0,1,0,1,1,1
1703,80011,CICERO,IL,60804,25.0,0.0,0.0,0.0,1,1,6,2011.0,-1,4,2,3.0,30,2,1,1,2,2,4,1,1,0,1,2,23,4,6,2020,1.0,0.0,0.0,0.0,1.0,0,0,1,1,1,1,1
1704,80012,CICERO,IL,60804,25.0,0.0,0.0,0.0,1,22,107,2006.0,1,1,1,4.0,30,2,1,1,2,2,4,1,1,0,1,2,23,4,6,2020,1.0,0.0,0.0,0.0,1.0,0,0,1,1,1,1,1
1705,80218,GARY,IN,46403,41.0,0.0,1.0,0.0,1,2,19,2013.0,2,4,1,5.0,25,2,0,1,1,1,2,1,1,0,3,2,7,5,6,2020,1.0,0.0,0.0,0.0,3.0,0,0,1,0,1,1,1
1706,80219,GARY,IN,46403,41.0,0.0,1.0,0.0,1,12,142,2000.0,1,1,1,1.0,25,2,0,1,1,1,2,1,1,0,3,2,7,5,6,2020,1.0,0.0,0.0,0.0,3.0,0,0,1,0,1,1,1
1707,80220,CHICAGO,IL,60647,26.0,0.0,1.0,0.0,1,2,19,2013.0,2,4,1,5.0,25,2,0,1,1,1,2,1,1,0,3,2,7,5,6,2020,1.0,0.0,0.0,0.0,3.0,0,0,1,0,1,1,1
1708,80221,CHICAGO,IL,60647,26.0,0.0,1.0,0.0,1,12,142,2000.0,1,1,1,1.0,25,2,0,1,1,1,2,1,1,0,3,2,7,5,6,2020,1.0,0.0,0.0,0.0,3.0,0,0,1,0,1,1,1
1709,80306,CHICAGO,IL,60647,36.0,0.0,3.0,0.0,1,4,5,2014.0,1,3,1,1.0,25,2,1,1,1,1,1,1,1,0,1,2,10,5,6,2020,1.0,0.0,0.0,0.0,1.0,0,0,1,1,1,1,1
1710,80307,CHICAGO,IL,60647,36.0,0.0,3.0,0.0,1,21,189,2020.0,1,2,1,9.0,25,2,1,1,1,1,1,1,1,0,1,2,10,5,6,2020,1.0,0.0,0.0,0.0,1.0,0,0,1,1,1,1,1
1711,80308,BLUE_ISLAND,IL,60406,76.0,0.0,-1.0,0.0,1,4,5,2014.0,1,3,1,1.0,25,2,1,1,1,1,1,1,1,0,1,2,10,5,6,2020,1.0,0.0,0.0,0.0,1.0,0,0,1,1,1,1,1
1712,80309,BLUE_ISLAND,IL,60406,76.0,0.0,-1.0,0.0,1,21,189,2020.0,1,2,1,9.0,25,2,1,1,1,1,1,1,1,0,1,2,10,5,6,2020,1.0,0.0,0.0,0.0,1.0,0,0,1,1,1,1,1
1713,80342,CHICAGO,IL,60647,36.9,0.0,2.0,0.0,1,2,8,2017.0,1,4,1,1.0,35,2,1,1,1,1,0,1,1,0,1,2,13,2,6,2020,1.0,0.0,0.0,0.0,2.0,0,1,0,1,1,1,1
1714,80343,CHICAGO,IL,60647,36.9,0.0,2.0,0.0,1,1,195,2008.0,3,3,1,11.0,35,2,1,1,1,1,0,1,1,0,1,2,13,2,6,2020,1.0,0.0,0.0,0.0,2.0,0,1,0,1,1,1,1
1715,80344,CHICAGO,IL,60628,60.0,0.0,0.0,0.0,1,2,8,2017.0,1,4,1,1.0,35,2,1,1,1,1,0,1,1,0,1,2,13,2,6,2020,1.0,0.0,0.0,0.0,2.0,0,1,0,1,1,1,1
1716,80345,CHICAGO,IL,60628,60.0,0.0,0.0,0.0,1,1,195,2008.0,3,3,1,11.0,35,2,1,1,1,1,0,1,1,0,1,2,13,2,6,2020,1.0,0.0,0.0,0.0,2.0,0,1,0,1,1,1,1
1717,80390,DALTON,IL,60419,37.0,0.0,0.0,0.0,1,8,1,2003.0,1,1,1,1.0,30,1,1,1,1,3,5,1,1,0,1,2,12,5,6,2020,0.0,1.0,0.0,0.0,0.0,0,1,0,0,1,1,0
1718,80391,DALTON,IL,60419,37.0,0.0,0.0,0.0,1,2,71,2011.0,2,1,3,2.0,30,1,1,1,1,3,5,1,1,0,1,2,12,5,6,2020,0.0,1.0,0.0,0.0,0.0,0,1,0,0,1,1,0
1719,80547,CHICAGO,IL,60652,36.9,0.0,-1.0,0.0,1,1,4,2011.0,1,3,-1,-1.0,30,2,2,1,1,9,1,1,1,0,1,2,14,5,6,2020,1.0,0.0,0.0,0.0,2.0,0,0,1,0,1,1,1