,index,CITY,STATE,ZIPCODE,AGE,EJECTION,DRIVER_ACTION,BAC_RESULT,UNIT_TYPE,MAKE,MODEL,VEHICLE_YEAR,VEHICLE_TYPE,TRAVEL_DIRECTION,MANEUVER,FIRST_CONTACT_POINT,POSTED_SPEED_LIMIT,TRAFFIC_CONTROL_DEVICE,DEVICE_CONDITION,WEATHER_CONDITION,LIGHTING_CONDITION,FIRST_CRASH_TYPE,TRAFFICWAY_TYPE,ALIGNMENT,ROADWAY_SURFACE_COND,ROAD_DEFECT,STREET_DIRECTION,NUM_UNITS,CRASH_HOUR,CRASH_DAY_OF_WEEK,CRASH_MONTH,CRASH_YEAR,FATAL_INBOTH,FATAL_CARPPL,FATAL_OTHPPL,FATAL_INAUTO,FATAL_DEGREE,DAMAGE_500_OR_LESS,DAMAGE_501_1500,DAMAGE_OVER_1500,SEX,INTERSECTION_RELATED,HIT_AND_RUN,REPORTYPE
1720,80549,CHICAGO,IL,60652,63.0,0.0,-1.0,0.0,1,1,4,2011.0,1,3,-1,-1.0,30,2,2,1,1,9,1,1,1,0,1,2,14,5,6,2020,0.0,0.0,0.0,1.0,2.0,0,0,1,1,1,1,1
1721,80565,CHICAGO,IL,60629,0.0,0.0,0.0,1.0,1,2,19,2010.0,1,2,1,3.0,30,1,1,1,1,2,2,1,1,0,2,2,14,5,6,2020,0.0,1.0,0.0,0.0,0.0,0,0,1,1,1,1,1
1722,80914,NORTH_LIBERTY,IA,52317,35.0,0.0,0.0,0.0,1,6,56,1997.0,4,5,1,1.0,30,1,1,1,1,3,0,1,1,0,1,2,17,5,6,2020,0.0,1.0,0.0,0.0,0.0,0,1,0,0,0,1,1
1723,80915,NORTH_LIBERTY,IA,52317,35.0,0.0,0.0,0.0,1,2,8,2019.0,1,5,3,2.0,30,1,1,1,1,3,0,1,1,0,1,2,17,5,6,2020,0.0,1.0,0.0,0.0,0.0,0,1,0,0,0,1,1
1724,81023,CHICAGO,IL,60653,36.9,0.0,4.0,0.0,1,33,1,2016.0,2,4,1,1.0,30,0,0,1,1,3,0,1,1,0,2,2,18,5,6,2020,1.0,0.0,0.0,0.0,2.0,0,0,1,1,1,1,0
1725,81024,CHICAGO,IL,60653,36.9,0.0,4.0,0.0,1,9,17,2017.0,1,4,3,2.0,30,0,0,1,1,3,0,1,1,0,2,2,18,5,6,2020,1.0,0.0,0.0,0.0,2.0,0,0,1,1,1,1,0
1726,81025,CHICAGO,IL,60610,36.9,0.0,0.0,0.0,1,33,1,2016.0,2,4,1,1.0,30,0,0,1,1,3,0,1,1,0,2,2,18,5,6,2020,1.0,0.0,0.0,0.0,2.0,0,0,1,0,1,1,0
1727,81026,CHICAGO,IL,60610,36.9,0.0,0.0,0.0,1,9,17,2017.0,1,4,3,2.0,30,0,0,1,1,3,0,1,1,0,2,2,18,5,6,2020,1.0,0.0,0.0,0.0,2.0,0,0,1,0,1,1,0
1728,81038,CHICAGO,IL,60610,38.0,0.0,-1.0,0.0,1,1,6,2010.0,-1,-1,-1,4.0,30,0,0,1,1,6,2,1,1,0,1,2,17,5,6,2020,1.0,0.0,0.0,0.0,3.0,0,0,1,1,1,1,1
1729,81039,CHICAGO,IL,60610,38.0,0.0,-1.0,0.0,1,4,5,2016.0,1,3,1,1.0,30,0,0,1,1,6,2,1,1,0,1,2,17,5,6,2020,1.0,0.0,0.0,0.0,3.0,0,0,1,1,1,1,1
1730,81040,RIVERDALE,IL,60827,43.0,0.0,0.0,0.0,1,1,6,2010.0,-1,-1,-1,4.0,30,0,0,1,1,6,2,1,1,0,1,2,17,5,6,2020,1.0,0.0,0.0,0.0,3.0,0,0,1,0,1,1,1
1731,81041,RIVERDALE,IL,60827,43.0,0.0,0.0,0.0,1,4,5,2016.0,1,3,1,1.0,30,0,0,1,1,6,2,1,1,0,1,2,17,5,6,2020,1.0,0.0,0.0,0.0,3.0,0,0,1,0,1,1,1
1732,81123,CHICAGO,IL,60610,36.0,0.0,2.0,0.0,1,4,18,2010.0,1,1,1,9.0,30,2,0,1,1,1,1,1,1,0,2,2,18,5,6,2020,1.0,0.0,0.0,0.0,1.0,0,0,1,0,1,1,1
1733,81124,CHICAGO,IL,60610,36.0,0.0,2.0,0.0,1,32,79,2009.0,6,2,1,1.0,30,2,0,1,1,1,1,1,1,0,2,2,18,5,6,2020,1.0,0.0,0.0,0.0,1.0,0,0,1,0,1,1,1
1734,81125,BELLWOOD,IL,60104,58.0,2.0,0.0,0.0,1,4,18,2010.0,1,1,1,9.0,30,2,0,1,1,1,1,1,1,0,2,2,18,5,6,2020,1.0,0.0,0.0,0.0,1.0,0,0,1,1,1,1,1
1735,81126,BELLWOOD,IL,60104,58.0,2.0,0.0,0.0,1,32,79,2009.0,6,2,1,1.0,30,2,0,1,1,1,1,1,1,0,2,2,18,5,6,2020,1.0,0.0,0.0,0.0,1.0,0,0,1,1,1,1,1
1736,81286,CHICAGO,IL,60610,60.0,0.0,0.0,0.0,1,21,189,2017.0,2,2,3,8.0,30,1,1,1,1,3,1,1,1,0,2,2,16,5,6,2020,0.0,1.0,0.0,0.0,0.0,0,0,1,1,1,1,0
1737,81346,CHICAGO,IL,60610,38.0,0.0,3.0,0.0,1,1,43,2003.0,1,4,1,10.0,20,2,1,1,2,1,1,1,1,0,4,2,2,6,6,2020,1.0,0.0,0.0,0.0,3.0,0,1,0,0,1,1,1
1738,81347,CHICAGO,IL,60621,16.0,0.0,-1.0,0.0,1,-1,2,2010.0,1,3,1,1.0,20,2,1,1,2,1,1,1,1,0,4,2,2,6,6,2020,1.0,0.0,0.0,0.0,3.0,0,1,0,1,1,1,1
1739,81348,CHICAGO,IL,60621,16.0,0.0,-1.0,0.0,1,1,43,2003.0,1,4,1,10.0,20,2,1,1,2,1,1,1,1,0,4,2,2,6,6,2020,1.0,0.0,0.0,0.0,3.0,0,1,0,1,1,1,1
1740,81657,UNK,IL,0,38.0,0.0,-1.0,0.0,1,2,350,2011.0,-1,1,-1,1.0,30,1,1,2,1,1,1,1,2,-1,2,2,7,6,6,2020,1.0,0.0,0.0,0.0,3.0,0,0,1,0,1,1,1
1741,81658,UNK,IL,0,38.0,0.0,-1.0,0.0,1,-1,1,2016.0,5,4,-1,9.0,30,1,1,2,1,1,1,1,2,-1,2,2,7,6,6,2020,1.0,0.0,0.0,0.0,3.0,0,0,1,0,1,1,1
1742,81659,CHICAGO,IL,60644,39.0,-1.0,-1.0,0.0,1,2,350,2011.0,-1,1,-1,1.0,30,1,1,2,1,1,1,1,2,-1,2,2,7,6,6,2020,1.0,0.0,0.0,0.0,3.0,0,0,1,1,1,1,1
1743,81660,CHICAGO,IL,60644,39.0,-1.0,-1.0,0.0,1,-1,1,2016.0,5,4,-1,9.0,30,1,1,2,1,1,1,1,2,-1,2,2,7,6,6,2020,1.0,0.0,0.0,0.0,3.0,0,0,1,1,1,1,1
1744,81744,UNK,IL,0,38.0,0.0,-1.0,0.0,1,1,6,2010.0,-1,1,-1,6.0,30,2,1,2,1,1,1,1,2,0,1,2,11,6,6,2020,1.0,0.0,0.0,0.0,3.0,0,0,1,0,1,1,1
1745,81745,UNK,IL,0,38.0,0.0,-1.0,0.0,1,4,138,2015.0,1,4,3,1.0,30,2,1,2,1,1,1,1,2,0,1,2,11,6,6,2020,1.0,0.0,0.0,0.0,3.0,0,0,1,0,1,1,1
1746,81746,OAK_LAWN,IL,60453,49.0,0.0,1.0,0.0,1,1,6,2010.0,-1,1,-1,6.0,30,2,1,2,1,1,1,1,2,0,1,2,11,6,6,2020,1.0,0.0,0.0,0.0,3.0,0,0,1,0,1,1,1
1747,81747,OAK_LAWN,IL,60453,49.0,0.0,1.0,0.0,1,4,138,2015.0,1,4,3,1.0,30,2,1,2,1,1,1,1,2,0,1,2,11,6,6,2020,1.0,0.0,0.0,0.0,3.0,0,0,1,0,1,1,1
1748,81892,RIVERDALE,IL,60827,18.0,0.0,2.0,0.0,1,2,8,2010.0,1,1,1,3.0,30,1,1,1,1,2,1,1,1,0,1,2,11,6,6,2020,1.0,0.0,0.0,0.0,0.0,0,0,1,0,1,1,1
1749,81893,RIVERDALE,IL,60827,18.0,0.0,2.0,0.0,1,1,6,2008.0,1,3,2,4.0,30,1,1,1,1,2,1,1,1,0,1,2,11,6,6,2020,1.0,0.0,0.0,0.0,0.0,0,0,1,0,1,1,1
1750,81948,CHICAGO,IL,60628,36.9,-1.0,3.0,0.0,1,-1,1,2011.0,-1,4,1,1.0,30,2,0,1,1,1,0,1,2,0,4,2,14,6,6,2020,1.0,0.0,0.0,0.0,2.0,0,0,1,1,1,1,1
1751,81949,CHICAGO,IL,60628,36.9,-1.0,3.0,0.0,1,4,18,2011.0,1,1,1,4.0,30,2,0,1,1,1,0,1,2,0,4,2,14,6,6,2020,1.0,0.0,0.0,0.0,2.0,0,0,1,1,1,1,1
1752,81950,KATY,TX,77493,32.0,0.0,0.0,0.0,1,-1,1,2011.0,-1,4,1,1.0,30,2,0,1,1,1,0,1,2,0,4,2,14,6,6,2020,1.0,0.0,0.0,0.0,2.0,0,0,1,1,1,1,1
1753,81951,KATY,TX,77493,32.0,0.0,0.0,0.0,1,4,18,2011.0,1,1,1,4.0,30,2,0,1,1,1,0,1,2,0,4,2,14,6,6,2020,1.0,0.0,0.0,0.0,2.0,0,0,1,1,1,1,1
1754,82000,CHICAGO,IL,60617,31.0,0.0,0.0,0.0,1,6,22,2019.0,3,2,1,2.0,30,1,1,1,1,3,2,1,2,0,4,2,13,6,6,2020,0.0,1.0,0.0,0.0,0.0,0,0,1,0,1,1,1
1755,82080,CHICAGO,IL,60620,23.0,0.0,0.0,0.0,1,17,229,2010.0,2,4,1,1.0,30,1,1,1,2,3,2,1,1,0,1,2,23,5,6,2020,0.0,1.0,0.0,0.0,0.0,0,1,0,0,1,1,0
1756,82081,CHICAGO,IL,60620,23.0,0.0,0.0,0.0,1,1,6,2018.0,1,4,3,2.0,30,1,1,1,2,3,2,1,1,0,1,2,23,5,6,2020,0.0,1.0,0.0,0.0,0.0,0,1,0,0,1,1,0
1757,82093,CHICAGO,IL,60659,39.0,0.0,0.0,0.0,1,18,106,2008.0,1,3,1,5.0,30,1,1,2,1,2,6,1,2,0,3,2,15,6,6,2020,0.0,1.0,0.0,0.0,0.0,0,0,1,0,1,1,1
1758,82297,CHICAGO,IL,60618,39.0,0.0,0.0,0.0,1,4,5,2016.0,1,4,3,2.0,30,1,1,2,1,3,0,1,2,0,2,2,16,6,6,2020,0.0,1.0,0.0,0.0,0.0,0,0,1,1,1,1,0
1759,82382,KATY,TX,77493,36.9,-1.0,-1.0,0.0,1,-1,1,2011.0,-1,-1,-1,-1.0,30,-1,-1,-1,1,5,0,1,2,0,2,2,16,6,6,2020,1.0,0.0,0.0,0.0,2.0,0,0,1,0,1,1,1
1760,82384,CHICAGO,IL,60634,76.0,-1.0,-1.0,0.0,1,-1,1,2011.0,-1,-1,-1,-1.0,30,-1,-1,-1,1,5,0,1,2,0,2,2,16,6,6,2020,0.0,0.0,0.0,0.0,2.0,0,0,1,1,1,1,1
1761,82459,UNKNOWN,TX,0,36.9,0.0,4.0,0.0,1,-1,2,2011.0,1,1,1,-1.0,45,0,0,1,1,3,2,1,1,0,1,2,17,6,6,2020,1.0,0.0,0.0,0.0,2.0,0,1,0,1,1,1,1
1762,82460,UNKNOWN,TX,0,36.9,0.0,4.0,0.0,1,8,15,2018.0,1,1,1,2.0,45,0,0,1,1,3,2,1,1,0,1,2,17,6,6,2020,1.0,0.0,0.0,0.0,2.0,0,1,0,1,1,1,1
1763,82461,CICERO,IL,60804,45.0,0.0,0.0,0.0,1,-1,2,2011.0,1,1,1,-1.0,45,0,0,1,1,3,2,1,1,0,1,2,17,6,6,2020,1.0,0.0,0.0,0.0,2.0,0,1,0,1,1,1,1
1764,82462,CICERO,IL,60804,45.0,0.0,0.0,0.0,1,8,15,2018.0,1,1,1,2.0,45,0,0,1,1,3,2,1,1,0,1,2,17,6,6,2020,1.0,0.0,0.0,0.0,2.0,0,1,0,1,1,1,1
1765,82627,CHICAGO,IL,60639,20.0,0.0,-1.0,0.0,1,4,11,2018.0,1,2,1,4.0,30,2,2,2,2,1,0,1,2,0,2,2,20,6,6,2020,0.0,1.0,0.0,0.0,0.0,0,0,1,1,1,1,1
1766,82750,OAK_PARK,IL,60302,34.0,0.0,8.0,0.0,1,5,13,2013.0,1,3,4,5.0,30,1,1,2,3,2,1,1,2,0,1,4,21,6,6,2020,0.0,1.0,0.0,0.0,0.0,0,0,1,1,1,0,1
1767,82751,OAK_PARK,IL,60302,34.0,0.0,8.0,0.0,1,6,22,2017.0,1,4,1,12.0,30,1,1,2,3,2,1,1,2,0,1,4,21,6,6,2020,0.0,1.0,0.0,0.0,0.0,0,0,1,1,1,0,1
1768,82752,OAK_PARK,IL,60302,34.0,0.0,8.0,0.0,1,2,9,2004.0,1,2,2,1.0,30,1,1,2,3,2,1,1,2,0,1,4,21,6,6,2020,0.0,1.0,0.0,0.0,0.0,0,0,1,1,1,0,1
1769,82753,OAK_PARK,IL,60302,34.0,0.0,8.0,0.0,1,7,10,2019.0,1,2,-1,5.0,30,1,1,2,3,2,1,1,2,0,1,4,21,6,6,2020,0.0,1.0,0.0,0.0,0.0,0,0,1,1,1,0,1
1770,82754,CHICAGO,IL,60620,42.0,0.0,0.0,0.0,1,5,13,2013.0,1,3,4,5.0,30,1,1,2,3,2,1,1,2,0,1,4,21,6,6,2020,0.0,1.0,0.0,0.0,0.0,0,0,1,1,1,0,1
1771,82755,CHICAGO,IL,60620,42.0,0.0,0.0,0.0,1,6,22,2017.0,1,4,1,12.0,30,1,1,2,3,2,1,1,2,0,1,4,21,6,6,2020,0.0,1.0,0.0,0.0,0.0,0,0,1,1,1,0,1
1772,82756,CHICAGO,IL,60620,42.0,0.0,0.0,0.0,1,2,9,2004.0,1,2,2,1.0,30,1,1,2,3,2,1,1,2,0,1,4,21,6,6,2020,0.0,1.0,0.0,0.0,0.0,0,0,1,1,1,0,1
1773,82758,CHICAGO,IL,60615,27.0,0.0,0.0,0.0,1,5,13,2013.0,1,3,4,5.0,30,1,1,2,3,2,1,1,2,0,1,4,21,6,6,2020,0.0,1.0,0.0,0.0,0.0,0,0,1,0,1,0,1
1774,82759,CHICAGO,IL,60615,27.0,0.0,0.0,0.0,1,6,22,2017.0,1,4,1,12.0,30,1,1,2,3,2,1,1,2,0,1,4,21,6,6,2020,0.0,1.0,0.0,0.0,0.0,0,0,1,0,1,0,1
1775,82760,CHICAGO,IL,60615,27.0,0.0,0.0,0.0,1,2,9,2004.0,1,2,2,1.0,30,1,1,2,3,2,1,1,2,0,1,4,21,6,6,2020,0.0,1.0,0.0,0.0,0.0,0,0,1,0,1,0,1
1776,82761,CHICAGO,IL,60615,27.0,0.0,0.0,0.0,1,7,10,2019.0,1,2,-1,5.0,30,1,1,2,3,2,1,1,2,0,1,4,21,6,6,2020,0.0,1.0,0.0,0.0,0.0,0,0,1,0,1,0,1
1777,82823,CHICAGO,IL,60651,31.0,0.0,0.0,0.0,1,4,1,2010.0,1,1,1,9.0,30,2,1,1,2,1,1,1,2,0,1,2,0,7,6,2020,0.0,1.0,0.0,0.0,0.0,0,0,1,0,1,1,1
1778,82920,BELLWOOD,IL,60104,30.0,0.0,0.0,0.0,1,22,66,2016.0,2,3,1,3.0,30,1,1,1,2,1,1,1,1,0,3,2,4,7,6,2020,1.0,0.0,0.0,0.0,0.0,0,0,1,0,1,1,1
1779,82955,CHICAGO,IL,60651,36.9,0.0,4.0,0.0,1,13,166,2004.0,1,3,3,1.0,30,1,1,1,1,3,1,1,1,0,3,2,13,6,6,2020,1.0,0.0,0.0,0.0,2.0,0,0,1,1,0,1,1
1780,82956,CHICAGO,IL,60651,36.9,0.0,4.0,0.0,1,2,49,2015.0,3,3,3,2.0,30,1,1,1,1,3,1,1,1,0,3,2,13,6,6,2020,1.0,0.0,0.0,0.0,2.0,0,0,1,1,0,1,1
1781,82957,CHICAGO,IL,60634,61.0,0.0,0.0,0.0,1,13,166,2004.0,1,3,3,1.0,30,1,1,1,1,3,1,1,1,0,3,2,13,6,6,2020,1.0,0.0,0.0,0.0,2.0,0,0,1,1,0,1,1
1782,82958,CHICAGO,IL,60634,61.0,0.0,0.0,0.0,1,2,49,2015.0,3,3,3,2.0,30,1,1,1,1,3,1,1,1,0,3,2,13,6,6,2020,1.0,0.0,0.0,0.0,2.0,0,0,1,1,0,1,1
1783,83154,CHICAGO,IL,60619,25.0,0.0,14.0,0.0,1,1,76,2011.0,2,1,3,4.0,30,1,1,1,1,4,2,1,1,0,1,2,12,7,6,2020,0.0,1.0,0.0,0.0,0.0,0,1,0,0,1,0,0
1784,83155,CHICAGO,IL,60619,25.0,0.0,14.0,0.0,1,6,21,2019.0,1,1,1,5.0,30,1,1,1,1,4,2,1,1,0,1,2,12,7,6,2020,0.0,1.0,0.0,0.0,0.0,0,1,0,0,1,0,0
1785,83156,CHICAGO,IL,60620,68.0,0.0,0.0,0.0,1,1,76,2011.0,2,1,3,4.0,30,1,1,1,1,4,2,1,1,0,1,2,12,7,6,2020,0.0,1.0,0.0,0.0,0.0,0,1,0,1,1,0,0
1786,83157,CHICAGO,IL,60620,68.0,0.0,0.0,0.0,1,6,21,2019.0,1,1,1,5.0,30,1,1,1,1,4,2,1,1,0,1,2,12,7,6,2020,0.0,1.0,0.0,0.0,0.0,0,1,0,1,1,0,0
1787,83217,CHICAGO,IL,60628,53.0,0.0,0.0,0.0,1,20,134,2014.0,1,-1,1,3.0,10,1,1,1,1,1,13,1,1,0,2,2,12,7,6,2020,0.0,1.0,0.0,0.0,0.0,0,1,0,0,1,1,0
1788,83258,CHICAGO,IL,60639,51.0,0.0,0.0,0.0,1,12,32,2016.0,1,3,8,4.0,35,1,1,1,1,4,1,1,1,0,3,2,12,7,6,2020,0.0,1.0,0.0,0.0,0.0,0,0,1,1,1,0,0
1789,83259,CHICAGO,IL,60639,51.0,0.0,0.0,0.0,1,3,3,2009.0,1,3,3,3.0,35,1,1,1,1,4,1,1,1,0,3,2,12,7,6,2020,0.0,1.0,0.0,0.0,0.0,0,0,1,1,1,0,0
1790,83421,DIXMOOR,IL,60426,43.0,0.0,0.0,0.0,1,4,33,2012.0,1,8,1,7.0,30,0,0,1,1,3,2,1,1,0,1,3,14,7,6,2020,0.0,1.0,0.0,0.0,0.0,0,1,0,0,1,1,1
1791,83422,DIXMOOR,IL,60426,43.0,0.0,0.0,0.0,1,6,157,2016.0,1,8,1,1.0,30,0,0,1,1,3,2,1,1,0,1,3,14,7,6,2020,0.0,1.0,0.0,0.0,0.0,0,1,0,0,1,1,1
1792,83424,CHICAGO,IL,60632,29.0,0.0,4.0,0.0,1,4,33,2012.0,1,8,1,7.0,30,0,0,1,1,3,2,1,1,0,1,3,14,7,6,2020,0.0,1.0,0.0,0.0,0.0,0,1,0,0,1,1,1
1793,83425,CHICAGO,IL,60632,29.0,0.0,4.0,0.0,1,6,157,2016.0,1,8,1,1.0,30,0,0,1,1,3,2,1,1,0,1,3,14,7,6,2020,0.0,1.0,0.0,0.0,0.0,0,1,0,0,1,1,1
1794,83910,UNKNOWN,XX,0,36.0,0.0,-1.0,0.0,1,1,4,1998.0,1,4,1,1.0,30,1,1,3,1,3,5,1,1,0,2,2,15,6,6,2020,1.0,0.0,0.0,0.0,1.0,0,1,0,0,1,1,0
1795,83911,UNKNOWN,XX,0,36.0,0.0,-1.0,0.0,1,3,64,2011.0,3,4,3,2.0,30,1,1,3,1,3,5,1,1,0,2,2,15,6,6,2020,1.0,0.0,0.0,0.0,1.0,0,1,0,0,1,1,0
1796,83912,CHICAGO,IL,60652,48.0,0.0,0.0,0.0,1,1,4,1998.0,1,4,1,1.0,30,1,1,3,1,3,5,1,1,0,2,2,15,6,6,2020,1.0,0.0,0.0,0.0,1.0,0,1,0,0,1,1,0
1797,83913,CHICAGO,IL,60652,48.0,0.0,0.0,0.0,1,3,64,2011.0,3,4,3,2.0,30,1,1,3,1,3,5,1,1,0,2,2,15,6,6,2020,1.0,0.0,0.0,0.0,1.0,0,1,0,0,1,1,0
1798,84020,COUNTRY_CLUB_HILLS,IL,60478,30.0,0.0,0.0,0.0,1,2,8,2016.0,1,1,3,2.0,35,0,0,1,3,3,0,1,1,0,1,2,21,7,6,2020,0.0,1.0,0.0,0.0,0.0,0,1,0,0,0,1,0
1799,84109,UNKNOWN,XX,0,36.9,0.0,-1.0,0.0,1,-1,2,2011.0,2,1,1,-1.0,30,0,0,1,2,5,0,1,1,0,3,2,0,1,6,2020,1.0,0.0,0.0,0.0,2.0,0,0,1,0,1,1,1
1800,84111,CHICAGO,IL,60621,21.0,-1.0,-1.0,0.0,1,-1,2,2011.0,2,1,1,-1.0,30,0,0,1,2,5,0,1,1,0,3,2,0,1,6,2020,0.0,0.0,0.0,0.0,2.0,0,0,1,1,1,1,1
1801,84203,BOLINGBROOK,IL,60440,38.0,0.0,-1.0,0.0,1,5,23,2004.0,1,8,1,1.0,30,1,1,1,3,3,0,1,1,0,1,2,3,1,6,2020,1.0,0.0,0.0,0.0,3.0,0,0,1,1,1,0,1
1802,84204,BOLINGBROOK,IL,60440,38.0,0.0,-1.0,0.0,1,5,13,1996.0,1,8,1,2.0,30,1,1,1,3,3,0,1,1,0,1,2,3,1,6,2020,1.0,0.0,0.0,0.0,3.0,0,0,1,1,1,0,1
1803,84205,CHICAGO,IL,60639,30.0,0.0,0.0,0.0,1,5,23,2004.0,1,8,1,1.0,30,1,1,1,3,3,0,1,1,0,1,2,3,1,6,2020,1.0,0.0,0.0,0.0,3.0,0,0,1,1,1,0,1
1804,84206,CHICAGO,IL,60639,30.0,0.0,0.0,0.0,1,5,13,1996.0,1,8,1,2.0,30,1,1,1,3,3,0,1,1,0,1,2,3,1,6,2020,1.0,0.0,0.0,0.0,3.0,0,0,1,1,1,0,1
1805,84539,CHICAGO,IL,60619,28.0,0.0,2.0,0.0,1,4,187,2007.0,1,1,3,1.0,30,1,1,1,1,3,0,1,1,0,3,2,12,1,6,2020,0.0,1.0,0.0,0.0,0.0,0,1,0,0,1,0,1
1806,84540,CHICAGO,IL,60619,28.0,0.0,2.0,0.0,1,6,1,2014.0,1,1,3,2.0,30,1,1,1,1,3,0,1,1,0,3,2,12,1,6,2020,0.0,1.0,0.0,0.0,0.0,0,1,0,0,1,0,1
1807,84541,CHICAGO,IL,60634,33.0,0.0,0.0,0.0,1,4,187,2007.0,1,1,3,1.0,30,1,1,1,1,3,0,1,1,0,3,2,12,1,6,2020,0.0,1.0,0.0,0.0,0.0,0,1,0,1,1,0,1
1808,84542,CHICAGO,IL,60634,33.0,0.0,0.0,0.0,1,6,1,2014.0,1,1,3,2.0,30,1,1,1,1,3,0,1,1,0,3,2,12,1,6,2020,0.0,1.0,0.0,0.0,0.0,0,1,0,1,1,0,1
1809,84795,CHICAGO,IL,60632,20.0,0.0,0.0,0.0,1,7,25,2016.0,1,4,2,2.0,30,0,0,1,1,3,0,1,1,0,1,3,16,1,6,2020,0.0,1.0,0.0,0.0,0.0,0,1,0,1,1,1,1
1810,84866,UNKNOWN,XX,0,38.0,1.0,2.0,0.0,1,8,16,2019.0,1,2,6,1.0,30,0,0,1,1,2,0,1,1,0,2,2,16,1,6,2020,1.0,0.0,0.0,0.0,3.0,0,0,1,1,1,1,1
1811,84867,UNKNOWN,XX,0,38.0,1.0,2.0,0.0,1,10,26,2010.0,1,2,2,3.0,30,0,0,1,1,2,0,1,1,0,2,2,16,1,6,2020,1.0,0.0,0.0,0.0,3.0,0,0,1,1,1,1,1
1812,84868,CARPENTERSVILLE,IL,60110,29.0,0.0,0.0,0.0,1,8,16,2019.0,1,2,6,1.0,30,0,0,1,1,2,0,1,1,0,2,2,16,1,6,2020,1.0,0.0,0.0,0.0,3.0,0,0,1,0,1,1,1
1813,84869,CARPENTERSVILLE,IL,60110,29.0,0.0,0.0,0.0,1,10,26,2010.0,1,2,2,3.0,30,0,0,1,1,2,0,1,1,0,2,2,16,1,6,2020,1.0,0.0,0.0,0.0,3.0,0,0,1,0,1,1,1
1814,84947,CHICAGO,IL,60612,32.0,0.0,0.0,0.0,1,4,18,2014.0,1,2,1,6.0,30,1,1,1,1,1,0,1,1,0,2,2,18,1,6,2020,0.0,1.0,0.0,0.0,0.0,0,1,0,0,1,1,0
1815,84953,CHICAGO,IL,60653,62.0,0.0,0.0,0.0,1,20,134,2015.0,1,1,1,3.0,30,1,1,1,1,1,3,1,1,0,3,2,17,1,6,2020,0.0,1.0,0.0,0.0,0.0,0,0,1,1,1,1,1
1816,85292,MAYWOOD,IL,60153,36.0,0.0,0.0,0.0,2,15,131,2004.0,1,-1,5,2.0,30,2,1,1,5,1,1,1,1,0,1,3,4,2,6,2020,1.0,0.0,0.0,0.0,1.0,0,0,1,0,1,0,1
1817,85293,MAYWOOD,IL,60153,36.0,0.0,0.0,0.0,3,7,87,2015.0,1,3,1,1.0,30,2,1,1,5,1,1,1,1,0,1,3,4,2,6,2020,1.0,0.0,0.0,0.0,1.0,0,0,1,0,1,0,1
1818,85294,MAYWOOD,IL,60153,36.0,0.0,0.0,0.0,1,4,5,2019.0,1,4,1,-1.0,30,2,1,1,5,1,1,1,1,0,1,3,4,2,6,2020,1.0,0.0,0.0,0.0,1.0,0,0,1,0,1,0,1
1819,85330,CHICAGO,IL,60621,35.0,-1.0,0.0,0.0,1,-1,2,2011.0,-1,-1,-1,-1.0,30,1,-1,1,3,5,0,1,-1,-1,1,2,1,2,6,2020,0.0,0.0,0.0,0.0,2.0,0,0,1,1,1,1,1
1820,85393,UNKNOWN,XX,0,36.0,0.0,3.0,0.0,1,16,316,1999.0,1,3,2,1.0,30,1,1,1,1,2,4,1,1,0,1,2,5,2,6,2020,1.0,0.0,0.0,0.0,1.0,0,0,1,0,1,1,1
1821,85394,UNKNOWN,XX,0,36.0,0.0,3.0,0.0,1,1,6,2008.0,-1,2,1,-1.0,30,1,1,1,1,2,4,1,1,0,1,2,5,2,6,2020,1.0,0.0,0.0,0.0,1.0,0,0,1,0,1,1,1
1822,85395,CHICAGO,IL,60623,50.0,0.0,0.0,0.0,1,16,316,1999.0,1,3,2,1.0,30,1,1,1,1,2,4,1,1,0,1,2,5,2,6,2020,1.0,0.0,0.0,0.0,1.0,0,0,1,1,1,1,1
1823,85396,CHICAGO,IL,60623,50.0,0.0,0.0,0.0,1,1,6,2008.0,-1,2,1,-1.0,30,1,1,1,1,2,4,1,1,0,1,2,5,2,6,2020,1.0,0.0,0.0,0.0,1.0,0,0,1,1,1,1,1
1824,85409,CHICAGO,IL,60610,15.0,2.0,0.0,0.0,1,-1,1,2011.0,1,3,1,-1.0,30,0,0,1,1,9,0,1,1,0,3,2,16,1,6,2020,0.0,0.0,0.0,1.0,2.0,1,0,0,1,1,1,0
1825,85413,UNKNOWN,XX,0,36.9,0.0,2.0,0.0,1,12,153,2017.0,1,1,7,1.0,30,1,1,1,2,9,0,1,1,0,3,2,21,1,6,2020,1.0,0.0,0.0,0.0,2.0,0,0,1,0,1,1,0
1826,85415,CHICAGO,IL,60613,32.0,0.0,0.0,0.0,1,12,153,2017.0,1,1,7,1.0,30,1,1,1,2,9,0,1,1,0,3,2,21,1,6,2020,0.0,0.0,0.0,1.0,2.0,0,0,1,0,1,1,0