,index,CITY,STATE,ZIPCODE,AGE,EJECTION,DRIVER_ACTION,BAC_RESULT,UNIT_TYPE,MAKE,MODEL,VEHICLE_YEAR,VEHICLE_TYPE,TRAVEL_DIRECTION,MANEUVER,FIRST_CONTACT_POINT,POSTED_SPEED_LIMIT,TRAFFIC_CONTROL_DEVICE,DEVICE_CONDITION,WEATHER_CONDITION,LIGHTING_CONDITION,FIRST_CRASH_TYPE,TRAFFICWAY_TYPE,ALIGNMENT,ROADWAY_SURFACE_COND,ROAD_DEFECT,STREET_DIRECTION,NUM_UNITS,CRASH_HOUR,CRASH_DAY_OF_WEEK,CRASH_MONTH,CRASH_YEAR,FATAL_INBOTH,FATAL_CARPPL,FATAL_OTHPPL,FATAL_INAUTO,FATAL_DEGREE,DAMAGE_500_OR_LESS,DAMAGE_501_1500,DAMAGE_OVER_1500,SEX,INTERSECTION_RELATED,HIT_AND_RUN,REPORTYPE
1827,85692,CHICAGO,IL,60652,37.0,0.0,1.0,0.0,1,1,27,2019.0,2,2,2,6.0,30,1,1,1,1,2,1,1,1,0,2,2,12,2,6,2020,1.0,0.0,0.0,0.0,0.0,0,0,1,1,1,1,1
1828,85799,UNKNOWN,XX,0,38.0,0.0,2.0,0.0,1,7,51,2007.0,-1,4,1,1.0,25,1,1,1,5,1,0,1,1,-1,2,2,14,2,6,2020,1.0,0.0,0.0,0.0,3.0,0,0,1,0,1,1,0
1829,85800,UNKNOWN,XX,0,38.0,0.0,2.0,0.0,1,7,10,2010.0,-1,4,1,1.0,25,1,1,1,5,1,0,1,1,-1,2,2,14,2,6,2020,1.0,0.0,0.0,0.0,3.0,0,0,1,0,1,1,0
1830,85801,UNKNOWN,XX,0,38.0,0.0,2.0,0.0,1,9,37,2010.0,1,3,1,5.0,25,1,1,1,5,1,0,1,1,-1,2,2,14,2,6,2020,1.0,0.0,0.0,0.0,3.0,0,0,1,0,1,1,0
1831,85802,UNKNOWN,XX,0,38.0,0.0,2.0,0.0,1,9,37,2010.0,1,3,1,5.0,25,1,1,1,5,1,0,1,1,-1,2,2,14,2,6,2020,1.0,0.0,0.0,0.0,3.0,0,0,1,0,1,1,0
1832,85803,CHICAGO,IL,60615,28.0,0.0,0.0,0.0,1,7,51,2007.0,-1,4,1,1.0,25,1,1,1,5,1,0,1,1,-1,2,2,14,2,6,2020,1.0,0.0,0.0,0.0,3.0,0,0,1,0,1,1,0
1833,85804,CHICAGO,IL,60615,28.0,0.0,0.0,0.0,1,7,10,2010.0,-1,4,1,1.0,25,1,1,1,5,1,0,1,1,-1,2,2,14,2,6,2020,1.0,0.0,0.0,0.0,3.0,0,0,1,0,1,1,0
1834,85805,CHICAGO,IL,60615,28.0,0.0,0.0,0.0,1,9,37,2010.0,1,3,1,5.0,25,1,1,1,5,1,0,1,1,-1,2,2,14,2,6,2020,1.0,0.0,0.0,0.0,3.0,0,0,1,0,1,1,0
1835,85806,CHICAGO,IL,60615,28.0,0.0,0.0,0.0,1,9,37,2010.0,1,3,1,5.0,25,1,1,1,5,1,0,1,1,-1,2,2,14,2,6,2020,1.0,0.0,0.0,0.0,3.0,0,0,1,0,1,1,0
1836,85807,UNKNOWN,XX,0,38.0,0.0,2.0,0.0,1,7,51,2007.0,-1,4,1,1.0,25,1,1,1,5,1,0,1,1,-1,2,2,14,2,6,2020,1.0,0.0,0.0,0.0,3.0,0,0,1,0,1,1,0
1837,85808,UNKNOWN,XX,0,38.0,0.0,2.0,0.0,1,7,10,2010.0,-1,4,1,1.0,25,1,1,1,5,1,0,1,1,-1,2,2,14,2,6,2020,1.0,0.0,0.0,0.0,3.0,0,0,1,0,1,1,0
1838,85809,UNKNOWN,XX,0,38.0,0.0,2.0,0.0,1,9,37,2010.0,1,3,1,5.0,25,1,1,1,5,1,0,1,1,-1,2,2,14,2,6,2020,1.0,0.0,0.0,0.0,3.0,0,0,1,0,1,1,0
1839,85810,UNKNOWN,XX,0,38.0,0.0,2.0,0.0,1,9,37,2010.0,1,3,1,5.0,25,1,1,1,5,1,0,1,1,-1,2,2,14,2,6,2020,1.0,0.0,0.0,0.0,3.0,0,0,1,0,1,1,0
1840,85811,CHICAGO,IL,60615,28.0,0.0,0.0,0.0,1,7,51,2007.0,-1,4,1,1.0,25,1,1,1,5,1,0,1,1,-1,2,2,14,2,6,2020,1.0,0.0,0.0,0.0,3.0,0,0,1,0,1,1,0
1841,85812,CHICAGO,IL,60615,28.0,0.0,0.0,0.0,1,7,10,2010.0,-1,4,1,1.0,25,1,1,1,5,1,0,1,1,-1,2,2,14,2,6,2020,1.0,0.0,0.0,0.0,3.0,0,0,1,0,1,1,0
1842,85813,CHICAGO,IL,60615,28.0,0.0,0.0,0.0,1,9,37,2010.0,1,3,1,5.0,25,1,1,1,5,1,0,1,1,-1,2,2,14,2,6,2020,1.0,0.0,0.0,0.0,3.0,0,0,1,0,1,1,0
1843,85814,CHICAGO,IL,60615,28.0,0.0,0.0,0.0,1,9,37,2010.0,1,3,1,5.0,25,1,1,1,5,1,0,1,1,-1,2,2,14,2,6,2020,1.0,0.0,0.0,0.0,3.0,0,0,1,0,1,1,0
1844,86297,UNKNOWN,XX,0,36.9,0.0,2.0,0.0,1,18,194,2011.0,1,1,1,1.0,30,1,1,1,1,3,0,1,2,-1,1,3,17,2,6,2020,1.0,0.0,0.0,0.0,2.0,0,0,1,0,1,1,0
1845,86298,UNKNOWN,XX,0,36.9,0.0,2.0,0.0,1,20,253,2016.0,1,1,3,2.0,30,1,1,1,1,3,0,1,2,-1,1,3,17,2,6,2020,1.0,0.0,0.0,0.0,2.0,0,0,1,0,1,1,0
1846,86299,UNKNOWN,XX,0,36.9,0.0,2.0,0.0,1,24,262,2020.0,1,1,3,2.0,30,1,1,1,1,3,0,1,2,-1,1,3,17,2,6,2020,1.0,0.0,0.0,0.0,2.0,0,0,1,0,1,1,0
1847,86300,MATTESON,IL,60443,32.0,0.0,0.0,0.0,1,18,194,2011.0,1,1,1,1.0,30,1,1,1,1,3,0,1,2,-1,1,3,17,2,6,2020,1.0,0.0,0.0,0.0,2.0,0,0,1,1,1,1,0
1848,86301,MATTESON,IL,60443,32.0,0.0,0.0,0.0,1,20,253,2016.0,1,1,3,2.0,30,1,1,1,1,3,0,1,2,-1,1,3,17,2,6,2020,1.0,0.0,0.0,0.0,2.0,0,0,1,1,1,1,0
1849,86302,MATTESON,IL,60443,32.0,0.0,0.0,0.0,1,24,262,2020.0,1,1,3,2.0,30,1,1,1,1,3,0,1,2,-1,1,3,17,2,6,2020,1.0,0.0,0.0,0.0,2.0,0,0,1,1,1,1,0
1850,86303,CHICAGO,IL,60616,24.0,0.0,0.0,0.0,1,18,194,2011.0,1,1,1,1.0,30,1,1,1,1,3,0,1,2,-1,1,3,17,2,6,2020,1.0,0.0,0.0,0.0,2.0,0,0,1,0,1,1,0
1851,86304,CHICAGO,IL,60616,24.0,0.0,0.0,0.0,1,20,253,2016.0,1,1,3,2.0,30,1,1,1,1,3,0,1,2,-1,1,3,17,2,6,2020,1.0,0.0,0.0,0.0,2.0,0,0,1,0,1,1,0
1852,86305,CHICAGO,IL,60616,24.0,0.0,0.0,0.0,1,24,262,2020.0,1,1,3,2.0,30,1,1,1,1,3,0,1,2,-1,1,3,17,2,6,2020,1.0,0.0,0.0,0.0,2.0,0,0,1,0,1,1,0
1853,86394,BARRINGTON,IL,60010,25.0,0.0,0.0,0.0,1,23,182,2010.0,1,4,1,4.0,30,1,1,1,1,2,0,1,1,0,2,2,18,2,6,2020,0.0,1.0,0.0,0.0,0.0,0,1,0,0,1,1,0
1854,86458,UNKNOWN,XX,0,36.9,-1.0,-1.0,0.0,1,3,3,2012.0,1,1,1,2.0,30,2,-1,-1,-1,3,3,1,-1,-1,3,2,17,2,6,2020,1.0,0.0,0.0,0.0,2.0,0,0,1,0,1,1,0
1855,86460,UNKNOWN,XX,0,36.9,0.0,-1.0,0.0,1,3,3,2012.0,1,1,1,2.0,30,2,-1,-1,-1,3,3,1,-1,-1,3,2,17,2,6,2020,1.0,0.0,0.0,0.0,2.0,0,0,1,1,1,1,0
1856,86559,UNKNOWN,XX,0,36.9,0.0,-1.0,0.0,1,-1,2,2011.0,-1,1,2,3.0,25,-1,-1,2,4,5,1,1,2,0,1,2,17,2,6,2020,1.0,0.0,0.0,0.0,2.0,1,0,0,1,1,1,1
1857,86561,CHICAGO,IL,60620,61.0,-1.0,0.0,2.0,1,-1,2,2011.0,-1,1,2,3.0,25,-1,-1,2,4,5,1,1,2,0,1,2,17,2,6,2020,0.0,0.0,0.0,0.0,2.0,1,0,0,1,1,1,1
1858,86565,UNKNOWN,XX,0,38.0,-1.0,-1.0,0.0,1,2,24,2012.0,1,4,1,-1.0,30,1,1,1,2,1,2,1,1,0,2,3,23,2,6,2020,1.0,0.0,0.0,0.0,3.0,0,0,1,0,1,1,1
1859,86567,UNKNOWN,XX,0,38.0,-1.0,-1.0,0.0,1,1,6,2004.0,1,4,1,-1.0,30,1,1,1,2,1,2,1,1,0,2,3,23,2,6,2020,1.0,0.0,0.0,0.0,3.0,0,0,1,0,1,1,1
1860,86568,CHICAGO,IL,60637,30.0,0.0,1.0,0.0,1,2,24,2012.0,1,4,1,-1.0,30,1,1,1,2,1,2,1,1,0,2,3,23,2,6,2020,1.0,0.0,0.0,0.0,3.0,0,0,1,1,1,1,1
1861,86569,CHICAGO,IL,60637,30.0,0.0,1.0,0.0,1,-1,1,2010.0,-1,-1,-1,-1.0,30,1,1,1,2,1,2,1,1,0,2,3,23,2,6,2020,1.0,0.0,0.0,0.0,3.0,0,0,1,1,1,1,1
1862,86570,CHICAGO,IL,60637,30.0,0.0,1.0,0.0,1,1,6,2004.0,1,4,1,-1.0,30,1,1,1,2,1,2,1,1,0,2,3,23,2,6,2020,1.0,0.0,0.0,0.0,3.0,0,0,1,1,1,1,1
1863,86571,CALUMET_CITY,IL,60409,48.0,0.0,-1.0,0.0,1,2,24,2012.0,1,4,1,-1.0,30,1,1,1,2,1,2,1,1,0,2,3,23,2,6,2020,1.0,0.0,0.0,0.0,3.0,0,0,1,1,1,1,1
1864,86572,CALUMET_CITY,IL,60409,48.0,0.0,-1.0,0.0,1,-1,1,2010.0,-1,-1,-1,-1.0,30,1,1,1,2,1,2,1,1,0,2,3,23,2,6,2020,1.0,0.0,0.0,0.0,3.0,0,0,1,1,1,1,1
1865,86573,CALUMET_CITY,IL,60409,48.0,0.0,-1.0,0.0,1,1,6,2004.0,1,4,1,-1.0,30,1,1,1,2,1,2,1,1,0,2,3,23,2,6,2020,1.0,0.0,0.0,0.0,3.0,0,0,1,1,1,1,1
1866,86793,CHICAGO,IL,60637,39.0,0.0,0.0,0.0,1,18,91,2011.0,2,1,1,4.0,30,1,1,1,1,4,0,1,1,0,3,2,10,3,6,2020,0.0,1.0,0.0,0.0,0.0,0,1,0,1,1,1,0
1867,86856,CHICAGO,IL,60649,36.0,0.0,5.0,0.0,1,19,124,2005.0,1,2,1,3.0,30,0,0,1,1,2,2,1,1,0,2,2,12,3,6,2020,1.0,0.0,0.0,0.0,1.0,0,0,1,1,1,1,1
1868,86857,CHICAGO,IL,60651,23.0,0.0,0.0,0.0,1,5,154,2019.0,1,2,4,8.0,30,0,0,1,1,2,2,1,1,0,2,2,12,3,6,2020,1.0,0.0,0.0,0.0,1.0,0,0,1,1,1,1,1
1869,86858,CHICAGO,IL,60651,23.0,0.0,0.0,0.0,1,19,124,2005.0,1,2,1,3.0,30,0,0,1,1,2,2,1,1,0,2,2,12,3,6,2020,1.0,0.0,0.0,0.0,1.0,0,0,1,1,1,1,1
1870,86962,CHICAGO,IL,60628,19.0,0.0,0.0,0.0,1,3,3,2008.0,1,2,6,4.0,30,0,0,1,1,2,0,2,1,0,2,2,13,3,6,2020,0.0,1.0,0.0,0.0,0.0,0,0,1,0,1,1,0
1871,86963,CHICAGO,IL,60628,19.0,0.0,0.0,0.0,1,22,144,2011.0,2,2,2,3.0,30,0,0,1,1,2,0,2,1,0,2,2,13,3,6,2020,0.0,1.0,0.0,0.0,0.0,0,0,1,0,1,1,0
1872,86981,SKOKIE,IL,60076,43.0,0.0,0.0,0.0,1,4,50,2010.0,2,6,4,4.0,30,0,0,1,1,2,0,1,1,0,1,2,13,3,6,2020,0.0,1.0,0.0,0.0,0.0,0,0,1,0,1,1,0
1873,86992,CHICAGO,IL,60606,26.0,0.0,0.0,0.0,1,3,74,2002.0,2,4,1,1.0,30,1,1,1,1,1,1,1,1,0,3,2,13,3,6,2020,0.0,1.0,0.0,0.0,0.0,0,1,0,0,1,1,1
1874,86993,CHICAGO,IL,60606,26.0,0.0,0.0,0.0,1,7,10,2012.0,2,1,1,11.0,30,1,1,1,1,1,1,1,1,0,3,2,13,3,6,2020,0.0,1.0,0.0,0.0,0.0,0,1,0,0,1,1,1
1875,87155,CHICAGO,IL,60606,23.0,0.0,0.0,0.0,1,5,13,2020.0,1,2,3,5.0,30,1,1,1,1,7,1,1,1,0,2,2,15,3,6,2020,0.0,1.0,0.0,0.0,0.0,1,0,0,0,1,1,1
1876,87218,CHICAGO,IL,60606,36.0,0.0,9.0,0.0,1,6,85,2018.0,1,1,1,1.0,30,1,1,1,1,1,4,1,1,0,4,2,15,3,6,2020,1.0,0.0,0.0,0.0,1.0,0,0,1,1,1,1,1
1877,87219,CHICAGO,IL,60606,36.0,0.0,9.0,0.0,1,3,64,2004.0,1,2,1,10.0,30,1,1,1,1,1,4,1,1,0,4,2,15,3,6,2020,1.0,0.0,0.0,0.0,1.0,0,0,1,1,1,1,1
1878,87220,CHICAGO,IL,60618,58.0,0.0,0.0,0.0,1,6,85,2018.0,1,1,1,1.0,30,1,1,1,1,1,4,1,1,0,4,2,15,3,6,2020,1.0,0.0,0.0,0.0,1.0,0,0,1,1,1,1,1
1879,87221,CHICAGO,IL,60618,58.0,0.0,0.0,0.0,1,3,64,2004.0,1,2,1,10.0,30,1,1,1,1,1,4,1,1,0,4,2,15,3,6,2020,1.0,0.0,0.0,0.0,1.0,0,0,1,1,1,1,1
1880,87444,CHICAGO,IL,60611,34.0,0.0,0.0,0.0,1,18,308,2014.0,1,4,3,2.0,30,1,1,1,1,3,0,1,1,0,2,2,17,3,6,2020,0.0,1.0,0.0,0.0,0.0,0,0,1,1,1,1,0
1881,87531,UNKNOWN,IL,0,36.9,0.0,-1.0,0.0,1,8,15,2011.0,1,1,1,10.0,30,1,1,1,1,1,1,1,1,0,4,3,16,3,6,2020,1.0,0.0,0.0,0.0,2.0,0,0,1,1,1,1,1
1882,87532,UNKNOWN,IL,0,36.9,0.0,-1.0,0.0,2,10,67,2015.0,1,3,5,1.0,30,1,1,1,1,1,1,1,1,0,4,3,16,3,6,2020,1.0,0.0,0.0,0.0,2.0,0,0,1,1,1,1,1
1883,87533,UNKNOWN,IL,0,36.9,0.0,-1.0,0.0,1,2,332,2005.0,1,4,1,1.0,30,1,1,1,1,1,1,1,1,0,4,3,16,3,6,2020,1.0,0.0,0.0,0.0,2.0,0,0,1,1,1,1,1
1884,87534,COUNTRY_CLUB,IL,60478,30.0,0.0,-1.0,0.0,1,8,15,2011.0,1,1,1,10.0,30,1,1,1,1,1,1,1,1,0,4,3,16,3,6,2020,1.0,0.0,0.0,0.0,2.0,0,0,1,1,1,1,1
1885,87535,COUNTRY_CLUB,IL,60478,30.0,0.0,-1.0,0.0,2,10,67,2015.0,1,3,5,1.0,30,1,1,1,1,1,1,1,1,0,4,3,16,3,6,2020,1.0,0.0,0.0,0.0,2.0,0,0,1,1,1,1,1
1886,87536,COUNTRY_CLUB,IL,60478,30.0,0.0,-1.0,0.0,1,2,332,2005.0,1,4,1,1.0,30,1,1,1,1,1,1,1,1,0,4,3,16,3,6,2020,1.0,0.0,0.0,0.0,2.0,0,0,1,1,1,1,1
1887,87558,CICERO,IL,60804,22.0,0.0,0.0,0.0,1,1,135,2007.0,4,1,1,4.0,30,1,1,1,1,4,0,1,1,0,3,3,19,3,6,2020,0.0,1.0,0.0,0.0,0.0,0,0,1,1,1,1,1
1888,87559,CICERO,IL,60804,22.0,0.0,0.0,0.0,1,22,66,2007.0,2,1,1,7.0,30,1,1,1,1,4,0,1,1,0,3,3,19,3,6,2020,0.0,1.0,0.0,0.0,0.0,0,0,1,1,1,1,1
1889,87560,CICERO,IL,60804,22.0,0.0,0.0,0.0,1,1,165,2019.0,1,1,8,3.0,30,1,1,1,1,4,0,1,1,0,3,3,19,3,6,2020,0.0,1.0,0.0,0.0,0.0,0,0,1,1,1,1,1
1890,87561,CHICAGO,IL,60623,49.0,0.0,0.0,0.0,1,1,135,2007.0,4,1,1,4.0,30,1,1,1,1,4,0,1,1,0,3,3,19,3,6,2020,0.0,1.0,0.0,0.0,0.0,0,0,1,0,1,1,1
1891,87562,CHICAGO,IL,60623,49.0,0.0,0.0,0.0,1,22,66,2007.0,2,1,1,7.0,30,1,1,1,1,4,0,1,1,0,3,3,19,3,6,2020,0.0,1.0,0.0,0.0,0.0,0,0,1,0,1,1,1
1892,87563,CHICAGO,IL,60623,49.0,0.0,0.0,0.0,1,1,165,2019.0,1,1,8,3.0,30,1,1,1,1,4,0,1,1,0,3,3,19,3,6,2020,0.0,1.0,0.0,0.0,0.0,0,0,1,0,1,1,1
1893,87592,UNKNOWN,IL,0,36.9,0.0,2.0,0.0,1,16,78,2000.0,1,1,9,4.0,30,2,1,1,1,1,1,1,1,0,2,2,19,3,6,2020,1.0,0.0,0.0,0.0,2.0,0,0,1,0,1,1,1
1894,87593,UNKNOWN,IL,0,36.9,0.0,2.0,0.0,1,45,204,2016.0,-1,4,1,5.0,30,2,1,1,1,1,1,1,1,0,2,2,19,3,6,2020,1.0,0.0,0.0,0.0,2.0,0,0,1,0,1,1,1
1895,87594,CHICAGO,IL,60623,22.0,0.0,0.0,0.0,1,16,78,2000.0,1,1,9,4.0,30,2,1,1,1,1,1,1,1,0,2,2,19,3,6,2020,1.0,0.0,0.0,0.0,2.0,0,0,1,1,1,1,1
1896,87595,CHICAGO,IL,60623,22.0,0.0,0.0,0.0,1,45,204,2016.0,-1,4,1,5.0,30,2,1,1,1,1,1,1,1,0,2,2,19,3,6,2020,1.0,0.0,0.0,0.0,2.0,0,0,1,1,1,1,1
1897,87780,CHICAGO,IL,60628,22.0,-1.0,0.0,0.0,1,-1,2,2010.0,-1,-1,-1,-1.0,30,0,0,1,2,5,0,1,1,0,2,2,3,4,7,2020,0.0,0.0,0.0,0.0,3.0,0,0,1,0,1,1,1
1898,87879,GARY,IN,46408,35.0,0.0,0.0,0.0,1,5,13,2014.0,1,3,2,5.0,30,1,1,1,2,2,6,1,1,0,3,2,22,3,6,2020,0.0,1.0,0.0,0.0,0.0,0,0,1,0,1,1,0
1899,88907,CHICAGO,IL,60630,24.0,0.0,5.0,0.0,1,18,194,2002.0,1,2,2,1.0,30,1,1,1,2,2,4,1,1,0,2,2,21,4,7,2020,1.0,0.0,0.0,0.0,2.0,0,0,1,1,1,0,1
1900,88908,CHICAGO,IL,60630,24.0,0.0,5.0,0.0,1,9,1,2019.0,1,4,-1,1.0,30,1,1,1,2,2,4,1,1,0,2,2,21,4,7,2020,1.0,0.0,0.0,0.0,2.0,0,0,1,1,1,0,1
1901,88909,CHICAGO,IL,60652,32.0,0.0,0.0,0.0,1,18,194,2002.0,1,2,2,1.0,30,1,1,1,2,2,4,1,1,0,2,2,21,4,7,2020,1.0,0.0,0.0,0.0,2.0,0,0,1,1,1,0,1
1902,88910,CHICAGO,IL,60652,32.0,0.0,0.0,0.0,1,9,1,2019.0,1,4,-1,1.0,30,1,1,1,2,2,4,1,1,0,2,2,21,4,7,2020,1.0,0.0,0.0,0.0,2.0,0,0,1,1,1,0,1
1903,88978,CHICAGO,IL,60624,18.0,0.0,5.0,0.0,1,1,6,2007.0,1,2,2,6.0,30,1,1,1,2,2,1,1,1,0,2,2,22,4,7,2020,1.0,0.0,0.0,0.0,1.0,0,0,1,1,1,0,1
1904,88979,CHICAGO,IL,60624,18.0,0.0,5.0,0.0,1,6,22,2006.0,1,1,1,3.0,30,1,1,1,2,2,1,1,1,0,2,2,22,4,7,2020,1.0,0.0,0.0,0.0,1.0,0,0,1,1,1,0,1
1905,88980,CHICAGO,IL,60623,22.0,0.0,0.0,0.0,1,1,6,2007.0,1,2,2,6.0,30,1,1,1,2,2,1,1,1,0,2,2,22,4,7,2020,1.0,0.0,0.0,0.0,1.0,0,0,1,0,1,0,1
1906,88981,CHICAGO,IL,60623,22.0,0.0,0.0,0.0,1,6,22,2006.0,1,1,1,3.0,30,1,1,1,2,2,1,1,1,0,2,2,22,4,7,2020,1.0,0.0,0.0,0.0,1.0,0,0,1,0,1,0,1
1907,89157,UNKNOWN,XX,0,36.0,0.0,2.0,0.0,1,2,9,2010.0,-1,1,1,3.0,30,2,-1,1,1,1,0,1,1,-1,1,2,18,4,7,2020,1.0,0.0,0.0,0.0,1.0,0,0,1,1,1,1,0
1908,89158,UNKNOWN,XX,0,36.0,0.0,2.0,0.0,1,6,41,2013.0,1,2,1,4.0,30,2,-1,1,1,1,0,1,1,-1,1,2,18,4,7,2020,1.0,0.0,0.0,0.0,1.0,0,0,1,1,1,1,0
1909,89159,CHICAGO,IL,60637,32.0,0.0,-1.0,0.0,1,2,9,2010.0,-1,1,1,3.0,30,2,-1,1,1,1,0,1,1,-1,1,2,18,4,7,2020,1.0,0.0,0.0,0.0,1.0,0,0,1,1,1,1,0
1910,89160,CHICAGO,IL,60637,32.0,0.0,-1.0,0.0,1,6,41,2013.0,1,2,1,4.0,30,2,-1,1,1,1,0,1,1,-1,1,2,18,4,7,2020,1.0,0.0,0.0,0.0,1.0,0,0,1,1,1,1,0
1911,89170,CHICAGO,IL,60637,20.0,0.0,0.0,0.0,1,4,18,2003.0,1,1,2,8.0,30,1,1,1,2,2,5,1,1,0,1,2,0,6,7,2020,0.0,1.0,0.0,0.0,0.0,0,1,0,0,1,1,1
1912,89217,CHICAGO,IL,60609,25.0,-1.0,0.0,-1.0,1,-1,93,2010.0,2,4,4,-1.0,35,0,0,1,2,5,2,1,1,0,2,2,1,6,7,2020,0.0,0.0,0.0,0.0,3.0,0,0,1,1,1,1,1
1913,89219,CHICAGO,IL,60609,38.0,0.0,-1.0,0.0,1,-1,93,2010.0,2,4,4,-1.0,35,0,0,1,2,5,2,1,1,0,2,2,1,6,7,2020,1.0,0.0,0.0,0.0,3.0,0,0,1,0,1,1,1
1914,89244,CHICAGO,IL,60620,57.0,0.0,0.0,0.0,1,10,226,1999.0,1,1,4,3.0,30,1,1,1,1,2,1,1,1,0,1,2,7,6,7,2020,0.0,1.0,0.0,0.0,0.0,0,1,0,0,1,1,0
1915,89372,CHICAGO,IL,60611,41.0,0.0,0.0,0.0,1,23,61,2005.0,1,2,6,3.0,30,1,1,1,2,4,1,1,1,0,2,2,1,7,7,2020,0.0,1.0,0.0,0.0,0.0,0,0,1,1,1,1,1
1916,89373,CHICAGO,IL,60611,41.0,0.0,0.0,0.0,1,2,218,2009.0,7,2,1,11.0,30,1,1,1,2,4,1,1,1,0,2,2,1,7,7,2020,0.0,1.0,0.0,0.0,0.0,0,0,1,1,1,1,1
1917,89678,CHICAGO,IL,60619,36.9,0.0,3.0,0.0,1,17,52,2016.0,1,2,1,5.0,35,1,1,1,2,1,1,1,1,0,3,2,0,1,7,2020,1.0,0.0,0.0,0.0,2.0,0,0,1,0,1,1,1
1918,89679,GLENWOOD,IL,60425,45.0,0.0,0.0,0.0,1,-1,1,2011.0,2,3,1,1.0,35,1,1,1,2,1,1,1,1,0,3,2,0,1,7,2020,1.0,0.0,0.0,0.0,2.0,0,0,1,0,1,1,1
1919,89680,GLENWOOD,IL,60425,45.0,0.0,0.0,0.0,1,17,52,2016.0,1,2,1,5.0,35,1,1,1,2,1,1,1,1,0,3,2,0,1,7,2020,1.0,0.0,0.0,0.0,2.0,0,0,1,0,1,1,1
1920,89707,CHICAGO,IL,60619,38.0,0.0,-1.0,0.0,1,7,10,2018.0,1,3,1,1.0,30,1,1,1,2,1,0,1,1,0,3,2,3,1,7,2020,1.0,0.0,0.0,0.0,3.0,0,0,1,1,1,1,1
1921,89708,CHICAGO,IL,60619,38.0,0.0,-1.0,0.0,1,7,51,2015.0,1,2,1,-1.0,30,1,1,1,2,1,0,1,1,0,3,2,3,1,7,2020,1.0,0.0,0.0,0.0,3.0,0,0,1,1,1,1,1
1922,89709,CHICAGO,IL,60619,25.0,0.0,-1.0,0.0,1,7,10,2018.0,1,3,1,1.0,30,1,1,1,2,1,0,1,1,0,3,2,3,1,7,2020,1.0,0.0,0.0,0.0,3.0,0,0,1,0,1,1,1
1923,89710,CHICAGO,IL,60619,25.0,0.0,-1.0,0.0,1,7,51,2015.0,1,2,1,-1.0,30,1,1,1,2,1,0,1,1,0,3,2,3,1,7,2020,1.0,0.0,0.0,0.0,3.0,0,0,1,0,1,1,1
1924,89921,CHICAGO,IL,60644,54.0,0.0,0.0,0.0,1,23,61,2010.0,1,3,1,3.0,30,2,0,1,1,1,0,1,1,0,3,2,19,1,7,2020,1.0,0.0,0.0,0.0,0.0,0,0,1,0,1,1,1
1925,89996,MIDLOTHIAN,IL,60445,18.0,0.0,3.0,0.0,1,2,24,2013.0,1,1,1,1.0,25,1,1,1,1,1,1,1,1,0,1,2,5,2,7,2020,1.0,0.0,0.0,0.0,2.0,0,0,1,1,1,0,1
1926,89997,MIDLOTHIAN,IL,60445,18.0,0.0,3.0,0.0,1,28,45,2007.0,5,4,1,10.0,25,1,1,1,1,1,1,1,1,0,1,2,5,2,7,2020,1.0,0.0,0.0,0.0,2.0,0,0,1,1,1,0,1
1927,89998,CHICAGO,IL,60636,62.0,0.0,0.0,0.0,1,2,24,2013.0,1,1,1,1.0,25,1,1,1,1,1,1,1,1,0,1,2,5,2,7,2020,1.0,0.0,0.0,0.0,2.0,0,0,1,0,1,0,1
1928,89999,CHICAGO,IL,60636,62.0,0.0,0.0,0.0,1,28,45,2007.0,5,4,1,10.0,25,1,1,1,1,1,1,1,1,0,1,2,5,2,7,2020,1.0,0.0,0.0,0.0,2.0,0,0,1,0,1,0,1
1929,90269,CHICAGO,IL,60649,38.0,-1.0,-1.0,0.0,1,-1,1,2010.0,-1,3,2,-1.0,30,1,1,1,1,2,1,1,1,0,1,2,17,2,7,2020,1.0,0.0,0.0,0.0,3.0,0,0,1,0,1,1,1
1930,90270,CHICAGO,IL,60649,38.0,-1.0,-1.0,0.0,1,2,68,2003.0,1,3,1,3.0,30,1,1,1,1,2,1,1,1,0,1,2,17,2,7,2020,1.0,0.0,0.0,0.0,3.0,0,0,1,0,1,1,1
1931,90271,CHICAGO,IL,60655,17.0,0.0,0.0,0.0,1,-1,1,2010.0,-1,3,2,-1.0,30,1,1,1,1,2,1,1,1,0,1,2,17,2,7,2020,1.0,0.0,0.0,0.0,3.0,0,0,1,1,1,1,1
1932,90272,CHICAGO,IL,60655,17.0,0.0,0.0,0.0,1,2,68,2003.0,1,3,1,3.0,30,1,1,1,1,2,1,1,1,0,1,2,17,2,7,2020,1.0,0.0,0.0,0.0,3.0,0,0,1,1,1,1,1
1933,90438,CHICAGO,IL,60634,48.0,0.0,0.0,0.0,1,3,148,2016.0,7,1,1,9.0,30,1,1,1,1,1,1,1,1,0,2,2,11,3,7,2020,1.0,0.0,0.0,0.0,0.0,1,0,0,1,1,1,1