,index,CITY,STATE,ZIPCODE,AGE,EJECTION,DRIVER_ACTION,BAC_RESULT,UNIT_TYPE,MAKE,MODEL,VEHICLE_YEAR,VEHICLE_TYPE,TRAVEL_DIRECTION,MANEUVER,FIRST_CONTACT_POINT,POSTED_SPEED_LIMIT,TRAFFIC_CONTROL_DEVICE,DEVICE_CONDITION,WEATHER_CONDITION,LIGHTING_CONDITION,FIRST_CRASH_TYPE,TRAFFICWAY_TYPE,ALIGNMENT,ROADWAY_SURFACE_COND,ROAD_DEFECT,STREET_DIRECTION,NUM_UNITS,CRASH_HOUR,CRASH_DAY_OF_WEEK,CRASH_MONTH,CRASH_YEAR,FATAL_INBOTH,FATAL_CARPPL,FATAL_OTHPPL,FATAL_INAUTO,FATAL_DEGREE,DAMAGE_500_OR_LESS,DAMAGE_501_1500,DAMAGE_OVER_1500,SEX,INTERSECTION_RELATED,HIT_AND_RUN,REPORTYPE
1934,90624,CHICAGO,IL,60651,38.0,-1.0,-1.0,2.0,1,2,19,2015.0,1,3,1,12.0,25,2,1,-1,4,9,1,1,-1,-1,3,2,20,3,7,2020,0.0,0.0,0.0,1.0,3.0,0,1,0,1,1,1,0
1935,90626,CHICAGO,IL,60647,56.0,0.0,0.0,0.0,1,2,19,2015.0,1,3,1,12.0,25,2,1,-1,4,9,1,1,-1,-1,3,2,20,3,7,2020,1.0,0.0,0.0,0.0,3.0,0,1,0,0,1,1,0
1936,90647,CHICAGO,IL,60647,23.0,0.0,0.0,0.0,1,3,28,2012.0,1,1,1,4.0,30,1,1,1,2,2,2,1,2,0,1,2,0,4,7,2020,0.0,1.0,0.0,0.0,0.0,0,0,1,1,1,1,1
1937,90735,CHICAGO,IL,60626,59.0,0.0,2.0,0.0,1,1,1,2014.0,1,3,1,1.0,30,2,1,1,1,1,0,1,1,0,2,2,10,4,7,2020,1.0,0.0,0.0,0.0,2.0,0,0,1,0,1,1,1
1938,90736,CHICAGO,IL,60626,59.0,0.0,2.0,0.0,1,4,5,2009.0,1,2,1,5.0,30,2,1,1,1,1,0,1,1,0,2,2,10,4,7,2020,1.0,0.0,0.0,0.0,2.0,0,0,1,0,1,1,1
1939,90737,CHICAGO,IL,60645,57.0,0.0,0.0,0.0,1,1,1,2014.0,1,3,1,1.0,30,2,1,1,1,1,0,1,1,0,2,2,10,4,7,2020,1.0,0.0,0.0,0.0,2.0,0,0,1,0,1,1,1
1940,90738,CHICAGO,IL,60645,57.0,0.0,0.0,0.0,1,4,5,2009.0,1,2,1,5.0,30,2,1,1,1,1,0,1,1,0,2,2,10,4,7,2020,1.0,0.0,0.0,0.0,2.0,0,0,1,0,1,1,1
1941,90766,UNK,XX,0,36.9,0.0,-1.0,0.0,1,15,1,2018.0,-1,2,1,-1.0,30,0,0,2,2,5,0,1,2,0,2,2,21,3,7,2020,1.0,0.0,0.0,0.0,2.0,0,0,1,1,1,1,0
1942,90768,CHICAGO,IL,60645,27.0,-1.0,0.0,0.0,1,15,1,2018.0,-1,2,1,-1.0,30,0,0,2,2,5,0,1,2,0,2,2,21,3,7,2020,0.0,0.0,0.0,0.0,2.0,0,0,1,0,1,1,0
1943,90780,CHICAGO,IL,60619,33.0,0.0,1.0,0.0,1,4,11,2017.0,1,1,1,2.0,20,1,1,1,1,3,0,1,1,0,1,4,12,3,7,2020,1.0,0.0,0.0,0.0,0.0,0,0,1,1,0,1,0
1944,91292,CHICAGO,IL,60612,45.0,-1.0,1.0,0.0,1,-1,1,2010.0,-1,4,1,-1.0,30,1,-1,-1,2,5,1,1,2,-1,1,2,2,6,7,2020,0.0,0.0,0.0,0.0,3.0,0,0,1,1,1,1,1
1945,91414,CHICAGO,IL,60624,52.0,-1.0,0.0,0.0,1,2,19,2020.0,1,2,1,-1.0,30,1,-1,1,1,5,0,1,1,0,2,2,14,6,7,2020,0.0,0.0,0.0,0.0,2.0,1,0,0,1,1,1,1
1946,91416,CHICAGO,IL,60624,36.9,0.0,-1.0,0.0,1,2,19,2020.0,1,2,1,-1.0,30,1,-1,1,1,5,0,1,1,0,2,2,14,6,7,2020,1.0,0.0,0.0,0.0,2.0,1,0,0,0,1,1,1
1947,91531,CHICAGO,XX,60624,38.0,0.0,2.0,0.0,1,1,1,2010.0,1,2,2,3.0,35,1,1,1,2,2,2,2,1,0,2,2,0,7,7,2020,1.0,0.0,0.0,0.0,3.0,0,0,1,0,1,1,1
1948,91532,CHICAGO,XX,60624,38.0,0.0,2.0,0.0,1,1,4,2006.0,1,4,1,5.0,35,1,1,1,2,2,2,2,1,0,2,2,0,7,7,2020,1.0,0.0,0.0,0.0,3.0,0,0,1,0,1,1,1
1949,91533,CHICAGO,IL,60624,20.0,0.0,0.0,0.0,1,1,1,2010.0,1,2,2,3.0,35,1,1,1,2,2,2,2,1,0,2,2,0,7,7,2020,1.0,0.0,0.0,0.0,3.0,0,0,1,0,1,1,1
1950,91534,CHICAGO,IL,60624,20.0,0.0,0.0,0.0,1,1,4,2006.0,1,4,1,5.0,35,1,1,1,2,2,2,2,1,0,2,2,0,7,7,2020,1.0,0.0,0.0,0.0,3.0,0,0,1,0,1,1,1
1951,91681,CALUMET_CITY,IL,60409,37.0,0.0,-1.0,0.0,1,3,3,2010.0,1,4,1,6.0,30,2,1,2,1,2,4,1,2,0,1,2,12,7,7,2020,0.0,1.0,0.0,0.0,0.0,0,0,1,0,1,1,1
1952,91859,CHICAGO,XX,60624,23.0,0.0,3.0,0.0,1,18,1,2019.0,1,4,1,8.0,30,2,1,1,1,1,1,1,1,0,1,2,8,1,7,2020,1.0,0.0,0.0,0.0,1.0,0,0,1,1,1,1,1
1953,91860,CHICAGO,XX,60624,23.0,0.0,3.0,0.0,1,1,1,2016.0,1,3,1,4.0,30,2,1,1,1,1,1,1,1,0,1,2,8,1,7,2020,1.0,0.0,0.0,0.0,1.0,0,0,1,1,1,1,1
1954,91867,PLAINFIELD,IL,60585,40.0,0.0,0.0,0.0,1,18,1,2019.0,1,4,1,8.0,30,2,1,1,1,1,1,1,1,0,1,2,8,1,7,2020,1.0,0.0,0.0,0.0,1.0,0,0,1,0,1,1,1
1955,91868,PLAINFIELD,IL,60585,40.0,0.0,0.0,0.0,1,1,1,2016.0,1,3,1,4.0,30,2,1,1,1,1,1,1,1,0,1,2,8,1,7,2020,1.0,0.0,0.0,0.0,1.0,0,0,1,0,1,1,1
1956,91935,CHICAGO,XX,60624,36.9,0.0,6.0,0.0,1,5,7,2002.0,1,3,2,3.0,20,2,1,1,1,2,12,1,1,0,3,2,12,7,7,2020,1.0,0.0,0.0,0.0,2.0,0,0,1,0,1,1,0
1957,91936,CHICAGO,IL,60707,60.0,0.0,0.0,0.0,1,-1,1,2011.0,1,5,4,1.0,20,2,1,1,1,2,12,1,1,0,3,2,12,7,7,2020,1.0,0.0,0.0,0.0,2.0,0,0,1,1,1,1,0
1958,91937,CHICAGO,IL,60707,60.0,0.0,0.0,0.0,1,5,7,2002.0,1,3,2,3.0,20,2,1,1,1,2,12,1,1,0,3,2,12,7,7,2020,1.0,0.0,0.0,0.0,2.0,0,0,1,1,1,1,0
1959,92012,CHICAGO,XX,60707,36.0,0.0,-1.0,0.0,1,3,28,1998.0,2,4,3,2.0,30,1,1,1,2,3,3,1,1,0,1,2,21,7,7,2020,1.0,0.0,0.0,0.0,1.0,0,0,1,1,1,1,0
1960,92013,CHICAGO,IL,60620,66.0,0.0,0.0,0.0,1,-1,2,2010.0,1,4,1,1.0,30,1,1,1,2,3,3,1,1,0,1,2,21,7,7,2020,1.0,0.0,0.0,0.0,1.0,0,0,1,1,1,1,0
1961,92014,CHICAGO,IL,60620,66.0,0.0,0.0,0.0,1,3,28,1998.0,2,4,3,2.0,30,1,1,1,2,3,3,1,1,0,1,2,21,7,7,2020,1.0,0.0,0.0,0.0,1.0,0,0,1,1,1,1,0
1962,92049,EVANSTON,IL,60201,33.0,0.0,2.0,0.0,1,22,144,2010.0,2,3,2,6.0,30,1,1,1,2,2,1,1,1,0,2,2,3,2,7,2020,1.0,0.0,0.0,0.0,0.0,0,0,1,1,1,1,1
1963,92050,EVANSTON,IL,60201,33.0,0.0,2.0,0.0,1,2,1,2015.0,4,3,4,3.0,30,1,1,1,2,2,1,1,1,0,2,2,3,2,7,2020,1.0,0.0,0.0,0.0,0.0,0,0,1,1,1,1,1
1964,92055,CRETE,IL,60417,17.0,0.0,2.0,0.0,1,27,197,2005.0,1,4,1,1.0,30,1,1,1,2,1,0,1,1,0,1,2,3,2,7,2020,0.0,1.0,0.0,0.0,0.0,0,0,1,1,1,1,1
1965,92195,CHICAGO,IL,60628,24.0,0.0,0.0,0.0,1,17,329,2003.0,1,3,1,9.0,30,1,1,1,1,2,0,1,1,0,1,2,12,2,7,2020,0.0,1.0,0.0,0.0,0.0,1,0,0,1,1,1,1
1966,92283,CHICAGO,IL,60643,54.0,0.0,0.0,0.0,1,6,69,2009.0,1,3,8,4.0,30,0,0,1,1,1,1,1,1,0,1,2,16,2,7,2020,0.0,1.0,0.0,0.0,0.0,0,1,0,1,1,1,0
1967,92284,CHICAGO,IL,60643,54.0,0.0,0.0,0.0,1,3,3,2015.0,1,2,3,12.0,30,0,0,1,1,1,1,1,1,0,1,2,16,2,7,2020,0.0,1.0,0.0,0.0,0.0,0,1,0,1,1,1,0
1968,92384,HUNTLEY,IL,60142,27.0,0.0,0.0,0.0,1,18,178,2006.0,1,2,1,1.0,35,1,1,1,2,11,1,1,1,0,2,2,0,3,7,2020,1.0,0.0,0.0,0.0,0.0,0,0,1,1,1,1,0
1969,92930,CHICAGO,IL,60608,31.0,0.0,0.0,0.0,1,6,41,2017.0,1,1,1,10.0,25,2,1,3,1,11,1,1,1,-1,1,2,15,4,7,2020,0.0,1.0,0.0,0.0,0.0,0,0,1,1,1,1,0
1970,93119,CHICAGO,IL,60659,36.0,0.0,0.0,0.0,1,3,64,2014.0,3,3,1,4.0,30,1,1,1,1,2,0,1,1,0,3,2,5,3,7,2020,0.0,1.0,0.0,0.0,0.0,0,1,0,1,1,1,0
1971,93188,CHICAGO,IL,60621,32.0,0.0,9.0,2.0,1,27,62,2004.0,1,1,1,1.0,30,1,1,1,2,4,4,1,1,0,3,6,22,5,7,2020,1.0,0.0,0.0,0.0,3.0,0,0,1,1,1,0,1
1972,93189,CHICAGO,IL,60621,32.0,0.0,9.0,2.0,1,4,50,2020.0,1,1,3,10.0,30,1,1,1,2,4,4,1,1,0,3,6,22,5,7,2020,1.0,0.0,0.0,0.0,3.0,0,0,1,1,1,0,1
1973,93190,CHICAGO,IL,60621,32.0,0.0,9.0,2.0,1,5,23,2018.0,1,1,3,9.0,30,1,1,1,2,4,4,1,1,0,3,6,22,5,7,2020,1.0,0.0,0.0,0.0,3.0,0,0,1,1,1,0,1
1974,93191,CHICAGO,IL,60621,32.0,0.0,9.0,2.0,2,20,145,2017.0,1,1,5,2.0,30,1,1,1,2,4,4,1,1,0,3,6,22,5,7,2020,1.0,0.0,0.0,0.0,3.0,0,0,1,1,1,0,1
1975,93192,CHICAGO,IL,60621,32.0,0.0,9.0,2.0,2,3,1,2016.0,1,1,5,2.0,30,1,1,1,2,4,4,1,1,0,3,6,22,5,7,2020,1.0,0.0,0.0,0.0,3.0,0,0,1,1,1,0,1
1976,93193,CHICAGO,IL,60621,32.0,0.0,9.0,2.0,2,4,5,2011.0,1,1,5,2.0,30,1,1,1,2,4,4,1,1,0,3,6,22,5,7,2020,1.0,0.0,0.0,0.0,3.0,0,0,1,1,1,0,1
1977,93194,CHICAGO,IL,60631,23.0,0.0,0.0,0.0,1,27,62,2004.0,1,1,1,1.0,30,1,1,1,2,4,4,1,1,0,3,6,22,5,7,2020,1.0,0.0,0.0,0.0,3.0,0,0,1,0,1,0,1
1978,93195,CHICAGO,IL,60631,23.0,0.0,0.0,0.0,1,4,50,2020.0,1,1,3,10.0,30,1,1,1,2,4,4,1,1,0,3,6,22,5,7,2020,1.0,0.0,0.0,0.0,3.0,0,0,1,0,1,0,1
1979,93196,CHICAGO,IL,60631,23.0,0.0,0.0,0.0,1,5,23,2018.0,1,1,3,9.0,30,1,1,1,2,4,4,1,1,0,3,6,22,5,7,2020,1.0,0.0,0.0,0.0,3.0,0,0,1,0,1,0,1
1980,93197,CHICAGO,IL,60631,23.0,0.0,0.0,0.0,2,20,145,2017.0,1,1,5,2.0,30,1,1,1,2,4,4,1,1,0,3,6,22,5,7,2020,1.0,0.0,0.0,0.0,3.0,0,0,1,0,1,0,1
1981,93198,CHICAGO,IL,60631,23.0,0.0,0.0,0.0,2,3,1,2016.0,1,1,5,2.0,30,1,1,1,2,4,4,1,1,0,3,6,22,5,7,2020,1.0,0.0,0.0,0.0,3.0,0,0,1,0,1,0,1
1982,93199,CHICAGO,IL,60631,23.0,0.0,0.0,0.0,2,4,5,2011.0,1,1,5,2.0,30,1,1,1,2,4,4,1,1,0,3,6,22,5,7,2020,1.0,0.0,0.0,0.0,3.0,0,0,1,0,1,0,1
1983,93200,SKOKIE,IL,60077,43.0,0.0,0.0,0.0,1,27,62,2004.0,1,1,1,1.0,30,1,1,1,2,4,4,1,1,0,3,6,22,5,7,2020,1.0,0.0,0.0,0.0,3.0,0,0,1,1,1,0,1
1984,93201,SKOKIE,IL,60077,43.0,0.0,0.0,0.0,1,4,50,2020.0,1,1,3,10.0,30,1,1,1,2,4,4,1,1,0,3,6,22,5,7,2020,1.0,0.0,0.0,0.0,3.0,0,0,1,1,1,0,1
1985,93202,SKOKIE,IL,60077,43.0,0.0,0.0,0.0,1,5,23,2018.0,1,1,3,9.0,30,1,1,1,2,4,4,1,1,0,3,6,22,5,7,2020,1.0,0.0,0.0,0.0,3.0,0,0,1,1,1,0,1
1986,93203,SKOKIE,IL,60077,43.0,0.0,0.0,0.0,2,20,145,2017.0,1,1,5,2.0,30,1,1,1,2,4,4,1,1,0,3,6,22,5,7,2020,1.0,0.0,0.0,0.0,3.0,0,0,1,1,1,0,1
1987,93204,SKOKIE,IL,60077,43.0,0.0,0.0,0.0,2,3,1,2016.0,1,1,5,2.0,30,1,1,1,2,4,4,1,1,0,3,6,22,5,7,2020,1.0,0.0,0.0,0.0,3.0,0,0,1,1,1,0,1
1988,93205,SKOKIE,IL,60077,43.0,0.0,0.0,0.0,2,4,5,2011.0,1,1,5,2.0,30,1,1,1,2,4,4,1,1,0,3,6,22,5,7,2020,1.0,0.0,0.0,0.0,3.0,0,0,1,1,1,0,1
1989,93280,CHICAGO,IL,60609,38.0,0.0,0.0,0.0,1,1,43,2006.0,2,3,1,2.0,30,1,1,1,1,3,0,1,1,0,1,2,6,6,7,2020,0.0,1.0,0.0,0.0,0.0,0,1,0,1,1,1,1
1990,93375,CHICAGO,IL,60624,35.0,0.0,3.0,0.0,1,2,9,2002.0,1,2,1,4.0,30,2,1,1,1,1,0,1,1,0,2,2,16,7,7,2020,1.0,0.0,0.0,0.0,0.0,0,0,1,1,1,0,1
1991,93376,CHICAGO,IL,60624,35.0,0.0,3.0,0.0,1,18,105,2015.0,1,3,1,8.0,30,2,1,1,1,1,0,1,1,0,2,2,16,7,7,2020,1.0,0.0,0.0,0.0,0.0,0,0,1,1,1,0,1
1992,93377,CHICAGO,IL,60612,42.0,0.0,0.0,0.0,1,2,9,2002.0,1,2,1,4.0,30,2,1,1,1,1,0,1,1,0,2,2,16,7,7,2020,1.0,0.0,0.0,0.0,0.0,0,0,1,0,1,0,1
1993,93378,CHICAGO,IL,60612,42.0,0.0,0.0,0.0,1,18,105,2015.0,1,3,1,8.0,30,2,1,1,1,1,0,1,1,0,2,2,16,7,7,2020,1.0,0.0,0.0,0.0,0.0,0,0,1,0,1,0,1
1994,93454,CHICAGO,IL,60653,27.0,0.0,0.0,0.0,1,5,1,2016.0,1,1,1,1.0,30,1,1,1,2,3,2,1,1,0,1,2,21,7,7,2020,0.0,1.0,0.0,0.0,0.0,0,0,1,0,1,1,1
1995,93455,CHICAGO,IL,60653,27.0,0.0,0.0,0.0,1,4,5,2020.0,1,1,1,2.0,30,1,1,1,2,3,2,1,1,0,1,2,21,7,7,2020,0.0,1.0,0.0,0.0,0.0,0,0,1,0,1,1,1
1996,93576,LASTING,MI,48917,29.0,0.0,0.0,0.0,1,19,90,2012.0,1,2,1,5.0,30,1,1,1,2,2,-1,1,1,0,2,2,22,7,7,2020,1.0,0.0,0.0,0.0,0.0,0,0,1,1,1,1,0
1997,93632,CHICAGO,IL,60657,36.0,0.0,0.0,0.0,1,24,96,2012.0,1,1,1,6.0,30,1,1,1,1,4,0,1,1,0,2,2,19,2,7,2020,0.0,1.0,0.0,0.0,0.0,0,0,1,1,1,1,1
1998,93640,WESTLAND,MI,48185,36.0,0.0,3.0,0.0,1,3,57,2018.0,1,4,14,1.0,30,1,1,1,5,2,1,1,1,0,1,3,20,2,7,2020,1.0,0.0,0.0,0.0,1.0,0,0,1,1,1,1,1
1999,93641,WESTLAND,MI,48185,36.0,0.0,3.0,0.0,1,1,1,2003.0,1,3,2,5.0,30,1,1,1,5,2,1,1,1,0,1,3,20,2,7,2020,1.0,0.0,0.0,0.0,1.0,0,0,1,1,1,1,1
2000,93642,WESTLAND,MI,48185,36.0,0.0,3.0,0.0,1,20,1,2015.0,1,3,1,9.0,30,1,1,1,5,2,1,1,1,0,1,3,20,2,7,2020,1.0,0.0,0.0,0.0,1.0,0,0,1,1,1,1,1
2001,93643,CHICAGO,IL,60707,48.0,0.0,0.0,0.0,1,3,57,2018.0,1,4,14,1.0,30,1,1,1,5,2,1,1,1,0,1,3,20,2,7,2020,1.0,0.0,0.0,0.0,1.0,0,0,1,0,1,1,1
2002,93644,CHICAGO,IL,60707,48.0,0.0,0.0,0.0,1,1,1,2003.0,1,3,2,5.0,30,1,1,1,5,2,1,1,1,0,1,3,20,2,7,2020,1.0,0.0,0.0,0.0,1.0,0,0,1,0,1,1,1
2003,93645,CHICAGO,IL,60707,48.0,0.0,0.0,0.0,1,20,1,2015.0,1,3,1,9.0,30,1,1,1,5,2,1,1,1,0,1,3,20,2,7,2020,1.0,0.0,0.0,0.0,1.0,0,0,1,0,1,1,1
2004,93646,CHICAGO,IL,60644,31.0,0.0,0.0,0.0,1,3,57,2018.0,1,4,14,1.0,30,1,1,1,5,2,1,1,1,0,1,3,20,2,7,2020,1.0,0.0,0.0,0.0,1.0,0,0,1,1,1,1,1
2005,93647,CHICAGO,IL,60644,31.0,0.0,0.0,0.0,1,1,1,2003.0,1,3,2,5.0,30,1,1,1,5,2,1,1,1,0,1,3,20,2,7,2020,1.0,0.0,0.0,0.0,1.0,0,0,1,1,1,1,1
2006,93648,CHICAGO,IL,60644,31.0,0.0,0.0,0.0,1,20,1,2015.0,1,3,1,9.0,30,1,1,1,5,2,1,1,1,0,1,3,20,2,7,2020,1.0,0.0,0.0,0.0,1.0,0,0,1,1,1,1,1
2007,93734,UNKNOWN,XX,0,36.0,0.0,5.0,0.0,1,8,15,2012.0,1,4,4,-1.0,35,2,1,1,1,2,3,1,1,0,1,2,12,4,7,2020,1.0,0.0,0.0,0.0,1.0,0,0,1,0,1,1,0
2008,93735,UNKNOWN,XX,0,36.0,0.0,5.0,0.0,1,5,23,2011.0,2,4,1,3.0,35,2,1,1,1,2,3,1,1,0,1,2,12,4,7,2020,1.0,0.0,0.0,0.0,1.0,0,0,1,0,1,1,0
2009,93736,CHICAGO,IL,60636,26.0,0.0,0.0,0.0,1,8,15,2012.0,1,4,4,-1.0,35,2,1,1,1,2,3,1,1,0,1,2,12,4,7,2020,1.0,0.0,0.0,0.0,1.0,0,0,1,0,1,1,0
2010,93737,CHICAGO,IL,60636,26.0,0.0,0.0,0.0,1,5,23,2011.0,2,4,1,3.0,35,2,1,1,1,2,3,1,1,0,1,2,12,4,7,2020,1.0,0.0,0.0,0.0,1.0,0,0,1,0,1,1,0
2011,93997,UNKNOWN,XX,0,38.0,0.0,-1.0,0.0,1,7,217,2017.0,1,4,1,1.0,30,2,0,2,2,1,1,1,2,0,1,2,0,1,7,2020,1.0,0.0,0.0,0.0,3.0,0,0,1,0,1,1,1
2012,93998,UNKNOWN,XX,0,38.0,0.0,-1.0,0.0,1,1,1,1999.0,1,3,1,9.0,30,2,0,2,2,1,1,1,2,0,1,2,0,1,7,2020,1.0,0.0,0.0,0.0,3.0,0,0,1,0,1,1,1
2013,93999,CHICAGO,IL,60643,38.0,0.0,-1.0,0.0,1,7,217,2017.0,1,4,1,1.0,30,2,0,2,2,1,1,1,2,0,1,2,0,1,7,2020,1.0,0.0,0.0,0.0,3.0,0,0,1,1,1,1,1
2014,94000,CHICAGO,IL,60643,38.0,0.0,-1.0,0.0,1,1,1,1999.0,1,3,1,9.0,30,2,0,2,2,1,1,1,2,0,1,2,0,1,7,2020,1.0,0.0,0.0,0.0,3.0,0,0,1,1,1,1,1
2015,94047,CHICAGO,IL,60639,36.0,0.0,0.0,0.0,1,11,1,2004.0,1,2,1,1.0,30,1,1,1,1,3,0,1,1,0,2,2,9,1,7,2020,0.0,1.0,0.0,0.0,0.0,0,1,0,1,1,0,0
2016,94048,CHICAGO,IL,60639,36.0,0.0,0.0,0.0,1,2,31,2008.0,4,2,1,8.0,30,1,1,1,1,3,0,1,1,0,2,2,9,1,7,2020,0.0,1.0,0.0,0.0,0.0,0,1,0,1,1,0,0
2017,94746,CHICAGO,IL,60624,36.9,0.0,4.0,0.0,1,33,198,2015.0,1,2,1,1.0,30,1,1,1,1,3,0,1,1,0,2,2,12,5,7,2020,1.0,0.0,0.0,0.0,2.0,0,1,0,1,1,1,0
2018,94747,CHICAGO,IL,60624,36.9,0.0,4.0,0.0,1,2,8,2013.0,1,2,1,2.0,30,1,1,1,1,3,0,1,1,0,2,2,12,5,7,2020,1.0,0.0,0.0,0.0,2.0,0,1,0,1,1,1,0
2019,94748,CHICAGO,IL,60643,38.0,0.0,0.0,0.0,1,33,198,2015.0,1,2,1,1.0,30,1,1,1,1,3,0,1,1,0,2,2,12,5,7,2020,1.0,0.0,0.0,0.0,2.0,0,1,0,0,1,1,0
2020,94749,CHICAGO,IL,60643,38.0,0.0,0.0,0.0,1,2,8,2013.0,1,2,1,2.0,30,1,1,1,1,3,0,1,1,0,2,2,12,5,7,2020,1.0,0.0,0.0,0.0,2.0,0,1,0,0,1,1,0
2021,95228,CHICAGO,IL,60643,22.0,0.0,0.0,0.0,1,4,50,2012.0,1,2,3,2.0,35,1,1,1,1,3,1,1,1,0,2,2,12,5,7,2020,0.0,1.0,0.0,0.0,0.0,1,0,0,0,1,1,1
2022,95432,CHICAGO,IL,60643,36.0,0.0,7.0,0.0,1,8,16,2017.0,1,3,2,5.0,35,0,0,1,1,2,0,1,1,0,1,2,15,5,7,2020,1.0,0.0,0.0,0.0,1.0,0,0,1,1,1,1,1
2023,95433,CHCAGO,IL,60626,40.0,0.0,0.0,0.0,1,1,129,2010.0,1,3,6,1.0,35,0,0,1,1,2,0,1,1,0,1,2,15,5,7,2020,1.0,0.0,0.0,0.0,1.0,0,0,1,1,1,1,1
2024,95434,CHCAGO,IL,60626,40.0,0.0,0.0,0.0,1,8,16,2017.0,1,3,2,5.0,35,0,0,1,1,2,0,1,1,0,1,2,15,5,7,2020,1.0,0.0,0.0,0.0,1.0,0,0,1,1,1,1,1
2025,95514,CHICAGO,IL,60655,54.0,0.0,0.0,0.0,1,2,248,2006.0,3,1,1,1.0,30,1,1,1,1,11,0,1,1,0,1,2,15,5,7,2020,0.0,1.0,0.0,0.0,0.0,0,1,0,1,1,1,0
2026,95726,CHICAGO,IL,60653,21.0,0.0,0.0,0.0,1,4,33,2017.0,1,3,9,1.0,30,2,1,1,1,1,2,1,1,0,1,2,18,5,7,2020,0.0,1.0,0.0,0.0,0.0,0,0,1,0,1,1,0
2027,95968,CHICAGO,IL,60652,60.0,0.0,1.0,0.0,1,5,23,2015.0,2,2,2,4.0,35,1,1,1,1,2,2,1,1,0,2,2,18,5,7,2020,0.0,1.0,0.0,0.0,0.0,0,0,1,1,1,0,1
2028,95977,UNKNOWN,XX,0,36.0,-1.0,-1.0,0.0,1,-1,1,2010.0,-1,6,-1,-1.0,30,1,1,1,2,2,3,1,1,0,4,2,19,5,7,2020,1.0,0.0,0.0,0.0,1.0,1,0,0,0,1,1,1
2029,95978,UNKNOWN,XX,0,36.0,-1.0,-1.0,0.0,1,16,112,2014.0,1,6,2,7.0,30,1,1,1,2,2,3,1,1,0,4,2,19,5,7,2020,1.0,0.0,0.0,0.0,1.0,1,0,0,0,1,1,1
2030,95979,PALOS_HEIGHTS,IL,60463,41.0,0.0,-1.0,0.0,1,-1,1,2010.0,-1,6,-1,-1.0,30,1,1,1,2,2,3,1,1,0,4,2,19,5,7,2020,1.0,0.0,0.0,0.0,1.0,1,0,0,1,1,1,1
2031,95980,PALOS_HEIGHTS,IL,60463,41.0,0.0,-1.0,0.0,1,16,112,2014.0,1,6,2,7.0,30,1,1,1,2,2,3,1,1,0,4,2,19,5,7,2020,1.0,0.0,0.0,0.0,1.0,1,0,0,1,1,1,1
2032,96059,UNKNOWN,XX,0,36.9,0.0,3.0,0.0,1,20,145,2006.0,1,2,1,1.0,30,1,1,1,2,1,1,1,1,0,3,3,22,5,7,2020,1.0,0.0,0.0,0.0,2.0,0,0,1,1,1,1,1
2033,96060,UNKNOWN,XX,0,36.9,0.0,3.0,0.0,1,31,1,2016.0,6,3,1,1.0,30,1,1,1,2,1,1,1,1,0,3,3,22,5,7,2020,1.0,0.0,0.0,0.0,2.0,0,0,1,1,1,1,1
2034,96061,UNKNOWN,XX,0,36.9,0.0,3.0,0.0,1,3,3,2017.0,1,1,1,3.0,30,1,1,1,2,1,1,1,1,0,3,3,22,5,7,2020,1.0,0.0,0.0,0.0,2.0,0,0,1,1,1,1,1
2035,96062,CHICAGO,IL,60618,25.0,0.0,0.0,0.0,1,20,145,2006.0,1,2,1,1.0,30,1,1,1,2,1,1,1,1,0,3,3,22,5,7,2020,1.0,0.0,0.0,0.0,2.0,0,0,1,1,1,1,1
2036,96063,CHICAGO,IL,60618,25.0,0.0,0.0,0.0,1,31,1,2016.0,6,3,1,1.0,30,1,1,1,2,1,1,1,1,0,3,3,22,5,7,2020,1.0,0.0,0.0,0.0,2.0,0,0,1,1,1,1,1
2037,96064,CHICAGO,IL,60618,25.0,0.0,0.0,0.0,1,3,3,2017.0,1,1,1,3.0,30,1,1,1,2,1,1,1,1,0,3,3,22,5,7,2020,1.0,0.0,0.0,0.0,2.0,0,0,1,1,1,1,1
2038,96065,TINLEY_PARK,IL,60477,37.0,0.0,0.0,0.0,1,20,145,2006.0,1,2,1,1.0,30,1,1,1,2,1,1,1,1,0,3,3,22,5,7,2020,1.0,0.0,0.0,0.0,2.0,0,0,1,0,1,1,1
2039,96066,TINLEY_PARK,IL,60477,37.0,0.0,0.0,0.0,1,31,1,2016.0,6,3,1,1.0,30,1,1,1,2,1,1,1,1,0,3,3,22,5,7,2020,1.0,0.0,0.0,0.0,2.0,0,0,1,0,1,1,1
2040,96067,TINLEY_PARK,IL,60477,37.0,0.0,0.0,0.0,1,3,3,2017.0,1,1,1,3.0,30,1,1,1,2,1,1,1,1,0,3,3,22,5,7,2020,1.0,0.0,0.0,0.0,2.0,0,0,1,0,1,1,1