,index,CITY,STATE,ZIPCODE,AGE,EJECTION,DRIVER_ACTION,BAC_RESULT,UNIT_TYPE,MAKE,MODEL,VEHICLE_YEAR,VEHICLE_TYPE,TRAVEL_DIRECTION,MANEUVER,FIRST_CONTACT_POINT,POSTED_SPEED_LIMIT,TRAFFIC_CONTROL_DEVICE,DEVICE_CONDITION,WEATHER_CONDITION,LIGHTING_CONDITION,FIRST_CRASH_TYPE,TRAFFICWAY_TYPE,ALIGNMENT,ROADWAY_SURFACE_COND,ROAD_DEFECT,STREET_DIRECTION,NUM_UNITS,CRASH_HOUR,CRASH_DAY_OF_WEEK,CRASH_MONTH,CRASH_YEAR,FATAL_INBOTH,FATAL_CARPPL,FATAL_OTHPPL,FATAL_INAUTO,FATAL_DEGREE,DAMAGE_500_OR_LESS,DAMAGE_501_1500,DAMAGE_OVER_1500,SEX,INTERSECTION_RELATED,HIT_AND_RUN,REPORTYPE
2041,96083,CHICAGO,IL,60644,32.0,0.0,8.0,0.0,1,20,94,2005.0,1,1,1,3.0,30,2,1,1,2,4,1,1,1,0,1,2,23,5,7,2020,1.0,0.0,0.0,0.0,0.0,0,0,1,1,1,1,1
2042,96084,CHICAGO,IL,60644,32.0,0.0,8.0,0.0,1,1,20,2016.0,1,1,1,8.0,30,2,1,1,2,4,1,1,1,0,1,2,23,5,7,2020,1.0,0.0,0.0,0.0,0.0,0,0,1,1,1,1,1
2043,96085,CHICAGO,IL,60624,37.0,0.0,0.0,0.0,1,20,94,2005.0,1,1,1,3.0,30,2,1,1,2,4,1,1,1,0,1,2,23,5,7,2020,1.0,0.0,0.0,0.0,0.0,0,0,1,0,1,1,1
2044,96086,CHICAGO,IL,60624,37.0,0.0,0.0,0.0,1,1,20,2016.0,1,1,1,8.0,30,2,1,1,2,4,1,1,1,0,1,2,23,5,7,2020,1.0,0.0,0.0,0.0,0.0,0,0,1,0,1,1,1
2045,96378,CHICAGO,IL,60624,37.0,0.0,3.0,0.0,1,6,63,2008.0,1,2,1,1.0,30,1,1,1,2,1,0,1,1,0,1,3,1,6,7,2020,1.0,0.0,0.0,0.0,3.0,0,0,1,1,1,0,1
2046,96379,CHICAGO,IL,60624,37.0,0.0,3.0,0.0,1,6,22,2007.0,3,1,1,3.0,30,1,1,1,2,1,0,1,1,0,1,3,1,6,7,2020,1.0,0.0,0.0,0.0,3.0,0,0,1,1,1,0,1
2047,96380,CHICAGO,IL,60624,37.0,0.0,3.0,0.0,1,14,1,1996.0,1,4,3,12.0,30,1,1,1,2,1,0,1,1,0,1,3,1,6,7,2020,1.0,0.0,0.0,0.0,3.0,0,0,1,1,1,0,1
2048,96384,CHICAGO,IL,60619,48.0,0.0,0.0,0.0,1,6,63,2008.0,1,2,1,1.0,30,1,1,1,2,1,0,1,1,0,1,3,1,6,7,2020,1.0,0.0,0.0,0.0,3.0,0,0,1,1,1,0,1
2049,96385,CHICAGO,IL,60619,48.0,0.0,0.0,0.0,1,6,22,2007.0,3,1,1,3.0,30,1,1,1,2,1,0,1,1,0,1,3,1,6,7,2020,1.0,0.0,0.0,0.0,3.0,0,0,1,1,1,0,1
2050,96386,CHICAGO,IL,60619,48.0,0.0,0.0,0.0,1,14,1,1996.0,1,4,3,12.0,30,1,1,1,2,1,0,1,1,0,1,3,1,6,7,2020,1.0,0.0,0.0,0.0,3.0,0,0,1,1,1,0,1
2051,96387,CALUMET_PK,IL,60827,59.0,0.0,0.0,0.0,1,6,63,2008.0,1,2,1,1.0,30,1,1,1,2,1,0,1,1,0,1,3,1,6,7,2020,1.0,0.0,0.0,0.0,3.0,0,0,1,1,1,0,1
2052,96388,CALUMET_PK,IL,60827,59.0,0.0,0.0,0.0,1,6,22,2007.0,3,1,1,3.0,30,1,1,1,2,1,0,1,1,0,1,3,1,6,7,2020,1.0,0.0,0.0,0.0,3.0,0,0,1,1,1,0,1
2053,96389,CALUMET_PK,IL,60827,59.0,0.0,0.0,0.0,1,14,1,1996.0,1,4,3,12.0,30,1,1,1,2,1,0,1,1,0,1,3,1,6,7,2020,1.0,0.0,0.0,0.0,3.0,0,0,1,1,1,0,1
2054,96437,CHICAGO,IL,60651,22.0,0.0,0.0,0.0,1,10,1,1999.0,1,2,1,5.0,30,2,1,1,2,1,1,1,1,0,3,3,0,7,7,2020,1.0,0.0,0.0,0.0,0.0,0,0,1,1,1,1,1
2055,96438,CHICAGO,IL,60651,22.0,0.0,0.0,0.0,2,16,1,2015.0,1,3,5,2.0,30,2,1,1,2,1,1,1,1,0,3,3,0,7,7,2020,1.0,0.0,0.0,0.0,0.0,0,0,1,1,1,1,1
2056,96488,CHICAGO,IL,60651,38.0,0.0,3.0,0.0,1,2,9,2007.0,2,1,1,-1.0,30,1,1,1,1,1,5,1,1,0,3,2,6,7,7,2020,1.0,0.0,0.0,0.0,3.0,0,0,1,1,1,1,1
2057,96489,CHICAGO,IL,60651,38.0,0.0,3.0,0.0,1,5,7,2008.0,1,4,1,9.0,30,1,1,1,1,1,5,1,1,0,3,2,6,7,7,2020,1.0,0.0,0.0,0.0,3.0,0,0,1,1,1,1,1
2058,96490,CHICAGO,IL,60639,72.0,0.0,0.0,0.0,1,2,9,2007.0,2,1,1,-1.0,30,1,1,1,1,1,5,1,1,0,3,2,6,7,7,2020,1.0,0.0,0.0,0.0,3.0,0,0,1,1,1,1,1
2059,96491,CHICAGO,IL,60639,72.0,0.0,0.0,0.0,1,5,7,2008.0,1,4,1,9.0,30,1,1,1,1,1,5,1,1,0,3,2,6,7,7,2020,1.0,0.0,0.0,0.0,3.0,0,0,1,1,1,1,1
2060,96517,CHICAGO,IL,60634,49.0,0.0,0.0,0.0,1,14,117,2004.0,2,2,1,1.0,30,1,1,1,1,1,1,1,1,0,1,2,7,7,7,2020,1.0,0.0,0.0,0.0,0.0,0,0,1,1,1,1,1
2061,96518,CHICAGO,IL,60634,49.0,0.0,0.0,0.0,1,3,148,2014.0,4,1,1,5.0,30,1,1,1,1,1,1,1,1,0,1,2,7,7,7,2020,1.0,0.0,0.0,0.0,0.0,0,0,1,1,1,1,1
2062,96521,BERWYN,IL,60402,46.0,0.0,1.0,0.0,1,7,10,2006.0,2,1,1,-1.0,30,1,1,1,1,3,2,1,1,-1,1,2,9,7,7,2020,1.0,0.0,0.0,0.0,3.0,0,0,1,1,1,1,1
2063,96522,BERWYN,IL,60402,46.0,0.0,1.0,0.0,1,1,54,2019.0,4,1,1,-1.0,30,1,1,1,1,3,2,1,1,-1,1,2,9,7,7,2020,1.0,0.0,0.0,0.0,3.0,0,0,1,1,1,1,1
2064,96523,CHICAGO,IL,60634,38.0,0.0,4.0,0.0,1,7,10,2006.0,2,1,1,-1.0,30,1,1,1,1,3,2,1,1,-1,1,2,9,7,7,2020,1.0,0.0,0.0,0.0,3.0,0,0,1,0,1,1,1
2065,96524,CHICAGO,IL,60634,38.0,0.0,4.0,0.0,1,1,54,2019.0,4,1,1,-1.0,30,1,1,1,1,3,2,1,1,-1,1,2,9,7,7,2020,1.0,0.0,0.0,0.0,3.0,0,0,1,0,1,1,1
2066,96622,BROOKFIELD,IL,60513,43.0,0.0,0.0,0.0,1,5,7,2010.0,1,4,1,1.0,30,1,3,1,1,3,3,1,1,0,2,2,0,6,7,2020,0.0,1.0,0.0,0.0,0.0,0,1,0,1,0,1,0
2067,96623,BROOKFIELD,IL,60513,43.0,0.0,0.0,0.0,1,4,5,2010.0,1,4,3,2.0,30,1,3,1,1,3,3,1,1,0,2,2,0,6,7,2020,0.0,1.0,0.0,0.0,0.0,0,1,0,1,0,1,0
2068,96962,CHICAGO,IL,60644,36.0,0.0,4.0,0.0,1,34,1,2010.0,2,1,1,1.0,30,1,1,1,1,3,0,1,1,0,1,2,12,6,7,2020,1.0,0.0,0.0,0.0,1.0,0,1,0,0,1,1,0
2069,96963,CHICAGO,IL,60644,36.0,0.0,4.0,0.0,1,8,34,2017.0,2,1,3,2.0,30,1,1,1,1,3,0,1,1,0,1,2,12,6,7,2020,1.0,0.0,0.0,0.0,1.0,0,1,0,0,1,1,0
2070,96964,CHICAGO,IL,60656,36.0,0.0,0.0,0.0,1,34,1,2010.0,2,1,1,1.0,30,1,1,1,1,3,0,1,1,0,1,2,12,6,7,2020,1.0,0.0,0.0,0.0,1.0,0,1,0,1,1,1,0
2071,96965,CHICAGO,IL,60656,36.0,0.0,0.0,0.0,1,8,34,2017.0,2,1,3,2.0,30,1,1,1,1,3,0,1,1,0,1,2,12,6,7,2020,1.0,0.0,0.0,0.0,1.0,0,1,0,1,1,1,0
2072,97312,BELLWOOD,IL,60104,65.0,0.0,0.0,0.0,1,3,3,2017.0,1,2,3,2.0,30,1,1,1,1,3,2,1,1,0,2,2,14,6,7,2020,0.0,1.0,0.0,0.0,0.0,0,1,0,1,1,1,0
2073,97407,CHICAGO,IL,60649,66.0,0.0,0.0,0.0,1,6,21,2006.0,1,3,1,9.0,30,1,1,1,1,1,1,1,1,0,1,2,16,6,7,2020,0.0,1.0,0.0,0.0,0.0,0,0,1,1,1,1,1
2074,97529,CHICAGO,IL,60649,36.9,-1.0,-1.0,0.0,1,6,21,2011.0,-1,2,-1,-1.0,30,2,1,1,1,5,1,1,1,-1,2,2,18,6,7,2020,1.0,0.0,0.0,0.0,2.0,0,1,0,0,1,1,0
2075,97531,CHICAGO,IL,60649,60.0,-1.0,1.0,2.0,1,6,21,2011.0,-1,2,-1,-1.0,30,2,1,1,1,5,1,1,1,-1,2,2,18,6,7,2020,0.0,0.0,0.0,0.0,2.0,0,1,0,1,1,1,0
2076,97740,CHICAGO,IL,60628,38.0,0.0,0.0,0.0,1,17,65,2014.0,1,4,1,3.0,25,0,0,1,1,7,8,1,1,0,1,4,19,6,7,2020,1.0,0.0,0.0,0.0,0.0,0,0,1,1,0,1,1
2077,97741,CHICAGO,IL,60628,38.0,0.0,0.0,0.0,2,3,28,2013.0,1,1,5,5.0,25,0,0,1,1,7,8,1,1,0,1,4,19,6,7,2020,1.0,0.0,0.0,0.0,0.0,0,0,1,1,0,1,1
2078,97742,CHICAGO,IL,60628,38.0,0.0,0.0,0.0,2,3,40,2017.0,1,1,5,7.0,25,0,0,1,1,7,8,1,1,0,1,4,19,6,7,2020,1.0,0.0,0.0,0.0,0.0,0,0,1,1,0,1,1
2079,97862,BURNHAM,IL,60633,53.0,0.0,0.0,0.0,1,6,41,2009.0,3,4,1,1.0,30,1,1,1,3,3,0,1,1,0,2,2,23,6,7,2020,0.0,1.0,0.0,0.0,0.0,0,0,1,1,1,1,1
2080,97863,BURNHAM,IL,60633,53.0,0.0,0.0,0.0,1,21,189,2017.0,2,4,1,2.0,30,1,1,1,3,3,0,1,1,0,2,2,23,6,7,2020,0.0,1.0,0.0,0.0,0.0,0,0,1,1,1,1,1
2081,97879,LOMBARD,IL,60148,50.0,0.0,-1.0,0.0,1,3,3,2014.0,1,2,1,1.0,30,1,1,1,2,2,5,1,1,0,4,2,22,6,7,2020,1.0,0.0,0.0,0.0,0.0,0,0,1,1,1,1,1
2082,98020,UNK,XX,0,36.0,0.0,4.0,0.0,1,29,225,2007.0,1,1,1,2.0,35,1,1,1,4,3,6,1,1,0,1,2,19,6,7,2020,1.0,0.0,0.0,0.0,1.0,1,0,0,1,0,1,0
2083,98021,UNK,XX,0,36.0,0.0,4.0,0.0,1,1,1,2007.0,1,1,8,1.0,35,1,1,1,4,3,6,1,1,0,1,2,19,6,7,2020,1.0,0.0,0.0,0.0,1.0,1,0,0,1,0,1,0
2084,98022,HOMEWOOD,IL,60430,60.0,0.0,-1.0,0.0,1,29,225,2007.0,1,1,1,2.0,35,1,1,1,4,3,6,1,1,0,1,2,19,6,7,2020,1.0,0.0,0.0,0.0,1.0,1,0,0,0,0,1,0
2085,98023,HOMEWOOD,IL,60430,60.0,0.0,-1.0,0.0,1,1,1,2007.0,1,1,8,1.0,35,1,1,1,4,3,6,1,1,0,1,2,19,6,7,2020,1.0,0.0,0.0,0.0,1.0,1,0,0,0,0,1,0
2086,98069,CHICAGO,IL,60628,54.0,0.0,0.0,2.0,1,22,1,2004.0,1,4,1,1.0,30,1,1,1,2,1,1,1,1,0,1,2,0,2,7,2020,1.0,0.0,0.0,0.0,0.0,0,0,1,1,1,1,1
2087,98070,CHICAGO,IL,60628,54.0,0.0,0.0,2.0,1,3,3,2005.0,1,3,1,3.0,30,1,1,1,2,1,1,1,1,0,1,2,0,2,7,2020,1.0,0.0,0.0,0.0,0.0,0,0,1,1,1,1,1
2088,98134,CHICAGO,IL,60656,29.0,0.0,0.0,0.0,1,5,13,2003.0,1,4,6,4.0,30,1,1,1,1,1,6,1,1,0,2,2,16,6,7,2020,1.0,0.0,0.0,0.0,0.0,0,0,1,1,0,1,1
2089,98135,CHICAGO,IL,60656,29.0,0.0,0.0,0.0,1,8,16,2012.0,1,8,16,3.0,30,1,1,1,1,1,6,1,1,0,2,2,16,6,7,2020,1.0,0.0,0.0,0.0,0.0,0,0,1,1,0,1,1
2090,98230,CHICAGO,IL,60649,25.0,0.0,1.0,0.0,1,5,7,1999.0,1,4,1,1.0,30,1,1,1,2,2,0,1,1,0,4,2,3,1,7,2020,1.0,0.0,0.0,0.0,0.0,0,0,1,1,1,1,1
2091,98249,CHICAGO,IL,60619,53.0,0.0,0.0,0.0,1,4,5,2019.0,1,2,1,3.0,30,2,1,1,1,1,1,1,1,0,1,2,19,2,7,2020,1.0,0.0,0.0,0.0,0.0,0,0,1,0,1,1,1
2092,98250,CHICAGO,IL,60619,53.0,0.0,0.0,0.0,1,3,209,2019.0,1,1,1,7.0,30,2,1,1,1,1,1,1,1,0,1,2,19,2,7,2020,1.0,0.0,0.0,0.0,0.0,0,0,1,0,1,1,1
2093,98278,WHEATON,IL,60189,36.0,0.0,0.0,0.0,1,9,37,2016.0,2,2,1,4.0,30,1,1,3,1,4,3,1,2,0,2,2,10,1,7,2020,0.0,1.0,0.0,0.0,0.0,0,1,0,0,1,1,1
2094,98288,CHICAGO,IL,60612,25.0,0.0,0.0,0.0,1,8,15,2011.0,1,3,1,4.0,30,2,1,1,2,2,0,1,1,0,2,2,3,1,7,2020,0.0,1.0,0.0,0.0,0.0,0,0,1,0,1,1,1
2095,98323,BLUE_ISLAND,IL,60406,47.0,0.0,0.0,0.0,1,8,16,2014.0,1,4,3,4.0,30,1,1,3,1,6,1,1,1,0,1,2,13,1,7,2020,0.0,1.0,0.0,0.0,0.0,0,0,1,0,1,1,0
2096,98504,CHICAGO,IL,60612,31.0,0.0,3.0,0.0,1,12,32,2008.0,1,4,1,1.0,30,1,1,1,2,1,1,1,-1,-1,2,3,1,1,7,2020,1.0,0.0,0.0,0.0,2.0,0,0,1,1,1,1,1
2097,98505,CHICAGO,IL,60612,31.0,0.0,3.0,0.0,1,2,82,1998.0,1,3,1,1.0,30,1,1,1,2,1,1,1,-1,-1,2,3,1,1,7,2020,1.0,0.0,0.0,0.0,2.0,0,0,1,1,1,1,1
2098,98506,CHICAGO,IL,60612,31.0,0.0,3.0,0.0,1,6,21,2007.0,1,2,3,1.0,30,1,1,1,2,1,1,1,-1,-1,2,3,1,1,7,2020,1.0,0.0,0.0,0.0,2.0,0,0,1,1,1,1,1
2099,98507,CHICAGO,IL,60617,33.0,0.0,0.0,0.0,1,12,32,2008.0,1,4,1,1.0,30,1,1,1,2,1,1,1,-1,-1,2,3,1,1,7,2020,1.0,0.0,0.0,0.0,2.0,0,0,1,0,1,1,1
2100,98508,CHICAGO,IL,60617,33.0,0.0,0.0,0.0,1,2,82,1998.0,1,3,1,1.0,30,1,1,1,2,1,1,1,-1,-1,2,3,1,1,7,2020,1.0,0.0,0.0,0.0,2.0,0,0,1,0,1,1,1
2101,98509,CHICAGO,IL,60617,33.0,0.0,0.0,0.0,1,6,21,2007.0,1,2,3,1.0,30,1,1,1,2,1,1,1,-1,-1,2,3,1,1,7,2020,1.0,0.0,0.0,0.0,2.0,0,0,1,0,1,1,1
2102,98510,MIDLOTHIAN,IL,60445,33.0,0.0,0.0,0.0,1,12,32,2008.0,1,4,1,1.0,30,1,1,1,2,1,1,1,-1,-1,2,3,1,1,7,2020,1.0,0.0,0.0,0.0,2.0,0,0,1,1,1,1,1
2103,98511,MIDLOTHIAN,IL,60445,33.0,0.0,0.0,0.0,1,2,82,1998.0,1,3,1,1.0,30,1,1,1,2,1,1,1,-1,-1,2,3,1,1,7,2020,1.0,0.0,0.0,0.0,2.0,0,0,1,1,1,1,1
2104,98512,MIDLOTHIAN,IL,60445,33.0,0.0,0.0,0.0,1,6,21,2007.0,1,2,3,1.0,30,1,1,1,2,1,1,1,-1,-1,2,3,1,1,7,2020,1.0,0.0,0.0,0.0,2.0,0,0,1,1,1,1,1
2105,98516,CHICAGO,IL,60617,36.9,-1.0,-1.0,0.0,1,-1,1,2011.0,-1,4,1,-1.0,30,2,1,1,1,2,0,1,1,0,2,3,12,7,7,2020,1.0,0.0,0.0,0.0,2.0,0,0,1,0,1,1,1
2106,98517,CHICAGO,IL,60617,36.9,-1.0,-1.0,0.0,1,1,4,2014.0,1,7,2,5.0,30,2,1,1,1,2,0,1,1,0,2,3,12,7,7,2020,1.0,0.0,0.0,0.0,2.0,0,0,1,0,1,1,1
2107,98518,CHICAGO,IL,60617,36.9,-1.0,-1.0,0.0,1,8,15,2013.0,1,4,1,1.0,30,2,1,1,1,2,0,1,1,0,2,3,12,7,7,2020,1.0,0.0,0.0,0.0,2.0,0,0,1,0,1,1,1
2108,98519,CHICAGO,IL,60621,27.0,0.0,0.0,0.0,1,-1,1,2011.0,-1,4,1,-1.0,30,2,1,1,1,2,0,1,1,0,2,3,12,7,7,2020,1.0,0.0,0.0,0.0,2.0,0,0,1,1,1,1,1
2109,98520,CHICAGO,IL,60621,27.0,0.0,0.0,0.0,1,1,4,2014.0,1,7,2,5.0,30,2,1,1,1,2,0,1,1,0,2,3,12,7,7,2020,1.0,0.0,0.0,0.0,2.0,0,0,1,1,1,1,1
2110,98521,CHICAGO,IL,60621,27.0,0.0,0.0,0.0,1,8,15,2013.0,1,4,1,1.0,30,2,1,1,1,2,0,1,1,0,2,3,12,7,7,2020,1.0,0.0,0.0,0.0,2.0,0,0,1,1,1,1,1
2111,98522,CHICAGO,IL,60615,70.0,0.0,0.0,0.0,1,-1,1,2011.0,-1,4,1,-1.0,30,2,1,1,1,2,0,1,1,0,2,3,12,7,7,2020,1.0,0.0,0.0,0.0,2.0,0,0,1,1,1,1,1
2112,98523,CHICAGO,IL,60615,70.0,0.0,0.0,0.0,1,1,4,2014.0,1,7,2,5.0,30,2,1,1,1,2,0,1,1,0,2,3,12,7,7,2020,1.0,0.0,0.0,0.0,2.0,0,0,1,1,1,1,1
2113,98524,CHICAGO,IL,60615,70.0,0.0,0.0,0.0,1,8,15,2013.0,1,4,1,1.0,30,2,1,1,1,2,0,1,1,0,2,3,12,7,7,2020,1.0,0.0,0.0,0.0,2.0,0,0,1,1,1,1,1
2114,98652,CHICAGO,IL,60628,61.0,0.0,0.0,0.0,1,3,12,2013.0,1,3,3,9.0,30,1,1,1,2,7,6,1,1,0,1,2,3,7,7,2020,0.0,1.0,0.0,0.0,0.0,0,0,1,1,1,1,0
2115,98658,CHICAGO,IL,60628,36.0,0.0,-1.0,0.0,1,6,22,2007.0,3,1,1,4.0,30,0,0,1,2,10,11,1,1,0,1,1,3,7,7,2020,1.0,0.0,0.0,0.0,1.0,0,0,1,0,0,1,1
2116,98861,CHICAGO,IL,60632,38.0,-1.0,2.0,0.0,1,-1,1,2010.0,-1,3,1,-1.0,30,1,1,1,1,5,0,1,1,0,1,3,14,7,7,2020,1.0,0.0,0.0,0.0,3.0,0,0,1,0,1,1,1
2117,98864,CHICAGO,IL,60644,34.0,-1.0,0.0,0.0,1,-1,1,2010.0,-1,3,1,-1.0,30,1,1,1,1,5,0,1,1,0,1,3,14,7,7,2020,0.0,0.0,0.0,0.0,3.0,0,0,1,0,1,1,1
2118,98867,CHICAGO,IL,60644,35.0,-1.0,0.0,0.0,1,-1,1,2010.0,-1,3,1,-1.0,30,1,1,1,1,5,0,1,1,0,1,3,14,7,7,2020,0.0,0.0,0.0,0.0,3.0,0,0,1,1,1,1,1
2119,98945,NORTHBROOK,IL,60062,27.0,0.0,0.0,0.0,1,11,102,1993.0,1,1,1,1.0,30,1,1,1,1,2,1,1,1,0,3,2,15,7,7,2020,1.0,0.0,0.0,0.0,0.0,0,0,1,1,1,1,1
2120,98999,CHICAGO,IL,60619,86.0,0.0,0.0,0.0,1,2,71,2013.0,1,3,1,1.0,30,2,1,1,1,1,1,1,1,0,1,2,15,7,7,2020,1.0,0.0,0.0,0.0,0.0,0,1,0,0,1,0,1
2121,99000,CHICAGO,IL,60619,86.0,0.0,0.0,0.0,1,1,4,2004.0,1,2,1,3.0,30,2,1,1,1,1,1,1,1,0,1,2,15,7,7,2020,1.0,0.0,0.0,0.0,0.0,0,1,0,0,1,0,1
2122,99081,CHICAGO,IL,60653,36.0,0.0,-1.0,0.0,1,9,70,2020.0,1,3,1,11.0,30,2,1,1,1,1,1,1,1,0,1,2,17,7,7,2020,1.0,0.0,0.0,0.0,1.0,0,0,1,0,1,1,1
2123,99082,CHICAGO,IL,60653,36.0,0.0,-1.0,0.0,1,2,82,2010.0,-1,2,6,1.0,30,2,1,1,1,1,1,1,1,0,1,2,17,7,7,2020,1.0,0.0,0.0,0.0,1.0,0,0,1,0,1,1,1
2124,99083,CHICAGO,IL,60653,36.0,0.0,7.0,0.0,1,9,70,2020.0,1,3,1,11.0,30,2,1,1,1,1,1,1,1,0,1,2,17,7,7,2020,1.0,0.0,0.0,0.0,1.0,0,0,1,1,1,1,1
2125,99125,CHICAGO,IL,60653,38.0,-1.0,-1.0,0.0,1,-1,2,2010.0,-1,4,1,1.0,25,2,1,1,1,1,3,1,1,0,3,2,16,7,7,2020,1.0,0.0,0.0,0.0,3.0,0,0,1,0,1,1,1
2126,99126,CHICAGO,IL,60653,38.0,-1.0,-1.0,0.0,1,5,13,1998.0,1,1,1,6.0,25,2,1,1,1,1,3,1,1,0,3,2,16,7,7,2020,1.0,0.0,0.0,0.0,3.0,0,0,1,0,1,1,1
2127,99127,CHICAGO,IL,60634,26.0,0.0,-1.0,0.0,1,-1,2,2010.0,-1,4,1,1.0,25,2,1,1,1,1,3,1,1,0,3,2,16,7,7,2020,1.0,0.0,0.0,0.0,3.0,0,0,1,0,1,1,1
2128,99128,CHICAGO,IL,60634,26.0,0.0,-1.0,0.0,1,5,13,1998.0,1,1,1,6.0,25,2,1,1,1,1,3,1,1,0,3,2,16,7,7,2020,1.0,0.0,0.0,0.0,3.0,0,0,1,0,1,1,1
2129,99216,CHICAGO,IL,60649,32.0,0.0,2.0,0.0,1,1,4,2014.0,1,2,8,3.0,30,1,1,1,1,4,0,1,1,0,4,2,19,7,7,2020,1.0,0.0,0.0,0.0,0.0,0,0,1,1,1,0,1
2130,99217,CHICAGO,IL,60649,32.0,0.0,2.0,0.0,1,2,71,2011.0,1,2,1,4.0,30,1,1,1,1,4,0,1,1,0,4,2,19,7,7,2020,1.0,0.0,0.0,0.0,0.0,0,0,1,1,1,0,1
2131,99218,CALUMET_CITY,IL,60409,27.0,0.0,0.0,0.0,1,1,4,2014.0,1,2,8,3.0,30,1,1,1,1,4,0,1,1,0,4,2,19,7,7,2020,1.0,0.0,0.0,0.0,0.0,0,0,1,1,1,0,1
2132,99219,CALUMET_CITY,IL,60409,27.0,0.0,0.0,0.0,1,2,71,2011.0,1,2,1,4.0,30,1,1,1,1,4,0,1,1,0,4,2,19,7,7,2020,1.0,0.0,0.0,0.0,0.0,0,0,1,1,1,0,1
2133,99229,CHICAGO,IL,60637,33.0,0.0,0.0,0.0,1,6,41,2016.0,1,1,3,1.0,30,1,0,1,1,1,0,1,1,0,1,2,18,7,7,2020,0.0,1.0,0.0,0.0,0.0,0,0,1,0,1,1,0
2134,99269,CHICAGO,IL,60637,36.0,0.0,-1.0,0.0,1,1,4,2018.0,1,3,3,2.0,30,1,1,1,1,3,1,1,1,0,1,2,18,7,7,2020,1.0,0.0,0.0,0.0,1.0,0,1,0,0,1,1,0
2135,99270,SAUK_VILLAGE,IL,60411,26.0,0.0,0.0,0.0,1,-1,1,2010.0,1,3,1,1.0,30,1,1,1,1,3,1,1,1,0,1,2,18,7,7,2020,1.0,0.0,0.0,0.0,1.0,0,1,0,1,1,1,0
2136,99271,SAUK_VILLAGE,IL,60411,26.0,0.0,0.0,0.0,1,1,4,2018.0,1,3,3,2.0,30,1,1,1,1,3,1,1,1,0,1,2,18,7,7,2020,1.0,0.0,0.0,0.0,1.0,0,1,0,1,1,1,0
2137,99721,NAPERVILLE,IL,60563,18.0,0.0,0.0,0.0,1,1,165,2009.0,1,3,1,2.0,30,1,1,1,2,3,1,1,1,0,1,2,23,7,7,2020,1.0,0.0,0.0,0.0,1.0,0,0,1,1,0,1,0
2138,99722,NAPERVILLE,IL,60563,18.0,0.0,0.0,0.0,1,1,60,2003.0,4,3,1,1.0,30,1,1,1,2,3,1,1,1,0,1,2,23,7,7,2020,1.0,0.0,0.0,0.0,1.0,0,0,1,1,0,1,0
2139,99723,CHICAGO,IL,60622,36.0,0.0,4.0,0.0,1,1,165,2009.0,1,3,1,2.0,30,1,1,1,2,3,1,1,1,0,1,2,23,7,7,2020,1.0,0.0,0.0,0.0,1.0,0,0,1,1,0,1,0
2140,99724,CHICAGO,IL,60622,36.0,0.0,4.0,0.0,1,1,60,2003.0,4,3,1,1.0,30,1,1,1,2,3,1,1,1,0,1,2,23,7,7,2020,1.0,0.0,0.0,0.0,1.0,0,0,1,1,0,1,0
2141,99893,CHICAGO,IL,60622,35.0,0.0,2.0,0.0,1,1,4,2014.0,1,4,1,1.0,35,0,0,1,1,3,2,1,1,0,1,2,16,7,7,2020,0.0,1.0,0.0,0.0,0.0,0,0,1,0,1,1,0
2142,99928,CHICAGO,IL,60608,32.0,0.0,0.0,0.0,1,5,7,2016.0,1,2,3,2.0,30,1,1,1,5,3,0,1,1,0,2,2,19,7,7,2020,0.0,1.0,0.0,0.0,0.0,0,1,0,1,1,1,0
2143,100558,CHICAGO,IL,60625,21.0,0.0,0.0,0.0,1,25,245,1999.0,1,4,1,1.0,30,1,1,1,2,1,0,1,1,0,2,2,21,2,7,2020,0.0,1.0,0.0,0.0,0.0,1,0,0,0,1,1,1
2144,100561,BOLINGBROOK,IL,60440,22.0,0.0,3.0,0.0,1,4,5,2012.0,1,2,1,1.0,30,1,1,1,1,1,1,1,1,0,3,2,19,1,7,2020,1.0,0.0,0.0,0.0,3.0,0,0,1,1,1,0,1
2145,100562,BOLINGBROOK,IL,60440,22.0,0.0,3.0,0.0,1,27,1,2005.0,1,3,1,8.0,30,1,1,1,1,1,1,1,1,0,3,2,19,1,7,2020,1.0,0.0,0.0,0.0,3.0,0,0,1,1,1,0,1
2146,100563,BURR_RIDGE,IL,60527,51.0,0.0,0.0,0.0,1,4,5,2012.0,1,2,1,1.0,30,1,1,1,1,1,1,1,1,0,3,2,19,1,7,2020,1.0,0.0,0.0,0.0,3.0,0,0,1,1,1,0,1
2147,100564,BURR_RIDGE,IL,60527,51.0,0.0,0.0,0.0,1,27,1,2005.0,1,3,1,8.0,30,1,1,1,1,1,1,1,1,0,3,2,19,1,7,2020,1.0,0.0,0.0,0.0,3.0,0,0,1,1,1,0,1