,index,CITY,STATE,ZIPCODE,AGE,EJECTION,DRIVER_ACTION,BAC_RESULT,UNIT_TYPE,MAKE,MODEL,VEHICLE_YEAR,VEHICLE_TYPE,TRAVEL_DIRECTION,MANEUVER,FIRST_CONTACT_POINT,POSTED_SPEED_LIMIT,TRAFFIC_CONTROL_DEVICE,DEVICE_CONDITION,WEATHER_CONDITION,LIGHTING_CONDITION,FIRST_CRASH_TYPE,TRAFFICWAY_TYPE,ALIGNMENT,ROADWAY_SURFACE_COND,ROAD_DEFECT,STREET_DIRECTION,NUM_UNITS,CRASH_HOUR,CRASH_DAY_OF_WEEK,CRASH_MONTH,CRASH_YEAR,FATAL_INBOTH,FATAL_CARPPL,FATAL_OTHPPL,FATAL_INAUTO,FATAL_DEGREE,DAMAGE_500_OR_LESS,DAMAGE_501_1500,DAMAGE_OVER_1500,SEX,INTERSECTION_RELATED,HIT_AND_RUN,REPORTYPE
2361,110789,HOFFMAN_ESTATES,IL,60169,33.0,0.0,0.0,0.0,1,3,40,2005.0,1,1,9,1.0,30,1,1,1,1,1,2,1,1,0,1,2,13,1,7,2020,0.0,1.0,0.0,0.0,0.0,0,0,1,1,1,1,0
2362,111279,UNKNOWN,XX,0,36.9,0.0,2.0,0.0,1,15,1,2011.0,1,2,4,3.0,35,1,1,1,1,9,14,1,1,0,1,2,6,7,7,2020,1.0,0.0,0.0,0.0,2.0,1,0,0,1,1,1,1
2363,111281,CHICAGO,IL,60609,30.0,0.0,0.0,0.0,1,15,1,2011.0,1,2,4,3.0,35,1,1,1,1,9,14,1,1,0,1,2,6,7,7,2020,0.0,0.0,0.0,1.0,2.0,1,0,0,1,1,1,1
2364,111344,CHICAGO,IL,60609,37.0,0.0,0.0,0.0,1,2,80,2020.0,3,2,1,3.0,30,1,1,1,1,4,5,1,1,0,2,2,10,7,7,2020,0.0,1.0,0.0,0.0,0.0,0,1,0,0,1,1,0
2365,111407,CHICAGO,IL,60618,36.0,0.0,0.0,0.0,1,17,52,2015.0,1,4,1,4.0,30,1,1,1,1,4,2,1,1,0,2,2,11,7,7,2020,0.0,1.0,0.0,0.0,0.0,0,1,0,1,1,1,1
2366,111575,CHICAGO,IL,60643,68.0,0.0,0.0,0.0,1,25,1,2016.0,2,3,1,2.0,30,1,0,1,1,3,0,1,1,0,1,2,15,7,7,2020,0.0,1.0,0.0,0.0,0.0,0,0,1,1,1,1,0
2367,111582,UNKNOWN,XX,0,36.0,0.0,1.0,0.0,1,7,25,2019.0,1,4,1,1.0,30,1,1,1,1,2,1,1,1,0,2,2,15,7,7,2020,1.0,0.0,0.0,0.0,1.0,0,0,1,1,1,1,1
2368,111583,UNKNOWN,XX,0,36.0,0.0,1.0,0.0,1,20,94,2013.0,1,2,4,1.0,30,1,1,1,1,2,1,1,1,0,2,2,15,7,7,2020,1.0,0.0,0.0,0.0,1.0,0,0,1,1,1,1,1
2369,111584,CHICAGO,IL,60621,25.0,0.0,0.0,0.0,1,7,25,2019.0,1,4,1,1.0,30,1,1,1,1,2,1,1,1,0,2,2,15,7,7,2020,1.0,0.0,0.0,0.0,1.0,0,0,1,0,1,1,1
2370,111585,CHICAGO,IL,60621,25.0,0.0,0.0,0.0,1,20,94,2013.0,1,2,4,1.0,30,1,1,1,1,2,1,1,1,0,2,2,15,7,7,2020,1.0,0.0,0.0,0.0,1.0,0,0,1,0,1,1,1
2371,111728,CHICAGO,IL,60643,75.0,0.0,0.0,0.0,1,11,183,2011.0,1,4,1,9.0,35,1,1,1,1,7,2,1,1,0,2,2,16,7,7,2020,0.0,1.0,0.0,0.0,0.0,0,0,1,0,1,1,1
2372,111751,SOUTH_HOLLAND,IL,60473,43.0,0.0,0.0,0.0,1,10,1,2020.0,1,4,1,1.0,35,1,1,1,1,3,2,1,1,0,1,2,16,7,7,2020,0.0,1.0,0.0,0.0,0.0,0,0,1,0,1,1,0
2373,111752,SOUTH_HOLLAND,IL,60473,43.0,0.0,0.0,0.0,1,19,191,2010.0,2,4,1,2.0,35,1,1,1,1,3,2,1,1,0,1,2,16,7,7,2020,0.0,1.0,0.0,0.0,0.0,0,0,1,0,1,1,0
2374,112005,CHICAGO,IL,60643,36.9,0.0,3.0,0.0,1,6,63,2011.0,1,1,1,3.0,30,2,1,1,1,1,1,1,1,-1,2,2,17,7,7,2020,1.0,0.0,0.0,0.0,2.0,0,0,1,1,1,1,0
2375,112006,CHICAGO,IL,60643,36.9,0.0,3.0,0.0,1,4,5,2016.0,1,2,1,11.0,30,2,1,1,1,1,1,1,1,-1,2,2,17,7,7,2020,1.0,0.0,0.0,0.0,2.0,0,0,1,1,1,1,0
2376,112007,CHICAGO,IL,60643,36.9,0.0,3.0,0.0,1,6,63,2008.0,1,1,1,3.0,30,2,1,1,1,1,1,1,1,-1,2,2,17,7,7,2020,1.0,0.0,0.0,0.0,2.0,0,0,1,1,1,1,0
2377,112008,CHICAGO,IL,60643,36.9,0.0,3.0,0.0,1,4,5,2016.0,1,2,1,11.0,30,2,1,1,1,1,1,1,1,-1,2,2,17,7,7,2020,1.0,0.0,0.0,0.0,2.0,0,0,1,1,1,1,0
2378,112009,CHICAGO,IL,60643,25.0,0.0,1.0,0.0,1,6,63,2011.0,1,1,1,3.0,30,2,1,1,1,1,1,1,1,-1,2,2,17,7,7,2020,1.0,0.0,0.0,0.0,2.0,0,0,1,1,1,1,0
2379,112010,CHICAGO,IL,60643,25.0,0.0,1.0,0.0,1,4,5,2016.0,1,2,1,11.0,30,2,1,1,1,1,1,1,1,-1,2,2,17,7,7,2020,1.0,0.0,0.0,0.0,2.0,0,0,1,1,1,1,0
2380,112011,CHICAGO,IL,60643,25.0,0.0,1.0,0.0,1,6,63,2008.0,1,1,1,3.0,30,2,1,1,1,1,1,1,1,-1,2,2,17,7,7,2020,1.0,0.0,0.0,0.0,2.0,0,0,1,1,1,1,0
2381,112012,CHICAGO,IL,60643,25.0,0.0,1.0,0.0,1,4,5,2016.0,1,2,1,11.0,30,2,1,1,1,1,1,1,1,-1,2,2,17,7,7,2020,1.0,0.0,0.0,0.0,2.0,0,0,1,1,1,1,0
2382,112013,CHICAGO,IL,60643,24.0,0.0,3.0,0.0,1,6,63,2011.0,1,1,1,3.0,30,2,1,1,1,1,1,1,1,-1,2,2,17,7,7,2020,1.0,0.0,0.0,0.0,2.0,0,0,1,1,1,1,0
2383,112014,CHICAGO,IL,60643,24.0,0.0,3.0,0.0,1,4,5,2016.0,1,2,1,11.0,30,2,1,1,1,1,1,1,1,-1,2,2,17,7,7,2020,1.0,0.0,0.0,0.0,2.0,0,0,1,1,1,1,0
2384,112015,CHICAGO,IL,60643,24.0,0.0,3.0,0.0,1,6,63,2008.0,1,1,1,3.0,30,2,1,1,1,1,1,1,1,-1,2,2,17,7,7,2020,1.0,0.0,0.0,0.0,2.0,0,0,1,1,1,1,0
2385,112016,CHICAGO,IL,60643,24.0,0.0,3.0,0.0,1,4,5,2016.0,1,2,1,11.0,30,2,1,1,1,1,1,1,1,-1,2,2,17,7,7,2020,1.0,0.0,0.0,0.0,2.0,0,0,1,1,1,1,0
2386,112017,CHICAGO,IL,60643,25.0,0.0,1.0,0.0,1,6,63,2011.0,1,1,1,3.0,30,2,1,1,1,1,1,1,1,-1,2,2,17,7,7,2020,1.0,0.0,0.0,0.0,2.0,0,0,1,1,1,1,0
2387,112018,CHICAGO,IL,60643,25.0,0.0,1.0,0.0,1,4,5,2016.0,1,2,1,11.0,30,2,1,1,1,1,1,1,1,-1,2,2,17,7,7,2020,1.0,0.0,0.0,0.0,2.0,0,0,1,1,1,1,0
2388,112019,CHICAGO,IL,60643,25.0,0.0,1.0,0.0,1,6,63,2008.0,1,1,1,3.0,30,2,1,1,1,1,1,1,1,-1,2,2,17,7,7,2020,1.0,0.0,0.0,0.0,2.0,0,0,1,1,1,1,0
2389,112020,CHICAGO,IL,60643,25.0,0.0,1.0,0.0,1,4,5,2016.0,1,2,1,11.0,30,2,1,1,1,1,1,1,1,-1,2,2,17,7,7,2020,1.0,0.0,0.0,0.0,2.0,0,0,1,1,1,1,0
2390,112324,HARTSELLE,AL,35640,24.0,0.0,1.0,0.0,1,1,6,2018.0,1,3,1,5.0,35,1,1,1,2,7,1,1,1,0,1,2,1,7,7,2020,0.0,1.0,0.0,0.0,0.0,0,0,1,0,1,1,1
2391,112325,HARTSELLE,AL,35640,24.0,0.0,1.0,0.0,1,9,17,2013.0,1,1,3,5.0,35,1,1,1,2,7,1,1,1,0,1,2,1,7,7,2020,0.0,1.0,0.0,0.0,0.0,0,0,1,0,1,1,1
2392,112503,CHICAGO,IL,60622,36.0,-1.0,0.0,0.0,1,-1,1,2010.0,-1,3,-1,1.0,30,1,1,1,2,9,0,1,1,0,2,2,1,1,7,2020,0.0,0.0,0.0,1.0,1.0,0,1,0,1,1,1,1
2393,112564,CHICAGO,IL,60622,36.0,0.0,8.0,0.0,1,19,90,2015.0,1,5,1,9.0,35,0,0,1,1,7,0,3,1,-1,4,2,13,4,7,2020,1.0,0.0,0.0,0.0,1.0,0,0,1,1,1,1,1
2394,112565,CHICAGO,IL,60624,51.0,0.0,0.0,0.0,1,3,1,2015.0,2,7,1,12.0,35,0,0,1,1,7,0,3,1,-1,4,2,13,4,7,2020,1.0,0.0,0.0,0.0,1.0,0,0,1,0,1,1,1
2395,112566,CHICAGO,IL,60624,51.0,0.0,0.0,0.0,1,19,90,2015.0,1,5,1,9.0,35,0,0,1,1,7,0,3,1,-1,4,2,13,4,7,2020,1.0,0.0,0.0,0.0,1.0,0,0,1,0,1,1,1
2396,112601,DOLTON,IL,60419,24.0,0.0,0.0,0.0,1,3,40,2005.0,1,1,1,1.0,30,1,1,1,1,1,0,1,1,0,1,2,13,1,7,2020,0.0,1.0,0.0,0.0,0.0,0,1,0,0,1,1,0
2397,112602,DOLTON,IL,60419,24.0,0.0,0.0,0.0,1,4,50,2014.0,2,2,1,8.0,30,1,1,1,1,1,0,1,1,0,1,2,13,1,7,2020,0.0,1.0,0.0,0.0,0.0,0,1,0,0,1,1,0
2398,112744,CHICAGO,IL,60645,36.9,0.0,3.0,0.0,1,10,26,2011.0,1,1,1,4.0,30,1,1,1,3,2,2,1,1,0,2,2,0,2,7,2020,1.0,0.0,0.0,0.0,2.0,0,1,0,0,1,1,1
2399,112745,CHICAGO,IL,60645,36.9,0.0,3.0,0.0,1,8,34,2019.0,1,1,2,4.0,30,1,1,1,3,2,2,1,1,0,2,2,0,2,7,2020,1.0,0.0,0.0,0.0,2.0,0,1,0,0,1,1,1
2400,112746,CHICAGO,IL,60645,32.0,0.0,0.0,0.0,1,10,26,2011.0,1,1,1,4.0,30,1,1,1,3,2,2,1,1,0,2,2,0,2,7,2020,1.0,0.0,0.0,0.0,2.0,0,1,0,0,1,1,1
2401,112747,CHICAGO,IL,60645,32.0,0.0,0.0,0.0,1,8,34,2019.0,1,1,2,4.0,30,1,1,1,3,2,2,1,1,0,2,2,0,2,7,2020,1.0,0.0,0.0,0.0,2.0,0,1,0,0,1,1,1
2402,112762,MAYWOOD,IL,60153,49.0,0.0,0.0,0.0,1,2,71,2015.0,2,4,3,9.0,30,1,1,1,2,4,0,1,1,0,1,2,21,1,7,2020,0.0,1.0,0.0,0.0,0.0,0,0,1,1,1,1,0
2403,112763,MAYWOOD,IL,60153,49.0,0.0,0.0,0.0,1,9,37,2011.0,1,4,3,11.0,30,1,1,1,2,4,0,1,1,0,1,2,21,1,7,2020,0.0,1.0,0.0,0.0,0.0,0,0,1,1,1,1,0
2404,112826,CHICAGO,IL,60616,40.0,0.0,-1.0,0.0,1,16,199,2018.0,1,4,1,1.0,30,0,0,1,1,1,1,1,1,-1,2,3,13,1,7,2020,1.0,0.0,0.0,0.0,2.0,0,0,1,0,1,1,1
2405,112827,CHICAGO,IL,60616,40.0,0.0,-1.0,0.0,1,2,150,2001.0,1,3,1,1.0,30,0,0,1,1,1,1,1,1,-1,2,3,13,1,7,2020,1.0,0.0,0.0,0.0,2.0,0,0,1,0,1,1,1
2406,112828,CHICAGO,IL,60616,40.0,0.0,-1.0,0.0,1,2,19,2001.0,1,1,1,1.0,30,0,0,1,1,1,1,1,1,-1,2,3,13,1,7,2020,1.0,0.0,0.0,0.0,2.0,0,0,1,0,1,1,1
2407,112829,CHICAGO,IL,60616,36.9,0.0,1.0,0.0,1,16,199,2018.0,1,4,1,1.0,30,0,0,1,1,1,1,1,1,-1,2,3,13,1,7,2020,1.0,0.0,0.0,0.0,2.0,0,0,1,0,1,1,1
2408,112830,CHICAGO,IL,60616,36.9,0.0,1.0,0.0,1,2,150,2001.0,1,3,1,1.0,30,0,0,1,1,1,1,1,1,-1,2,3,13,1,7,2020,1.0,0.0,0.0,0.0,2.0,0,0,1,0,1,1,1
2409,112831,CHICAGO,IL,60616,36.9,0.0,1.0,0.0,1,2,19,2001.0,1,1,1,1.0,30,0,0,1,1,1,1,1,1,-1,2,3,13,1,7,2020,1.0,0.0,0.0,0.0,2.0,0,0,1,0,1,1,1
2410,112832,CHICAGO,IL,60623,25.0,0.0,-1.0,0.0,1,16,199,2018.0,1,4,1,1.0,30,0,0,1,1,1,1,1,1,-1,2,3,13,1,7,2020,1.0,0.0,0.0,0.0,2.0,0,0,1,0,1,1,1
2411,112833,CHICAGO,IL,60623,25.0,0.0,-1.0,0.0,1,2,150,2001.0,1,3,1,1.0,30,0,0,1,1,1,1,1,1,-1,2,3,13,1,7,2020,1.0,0.0,0.0,0.0,2.0,0,0,1,0,1,1,1
2412,112834,CHICAGO,IL,60623,25.0,0.0,-1.0,0.0,1,2,19,2001.0,1,1,1,1.0,30,0,0,1,1,1,1,1,1,-1,2,3,13,1,7,2020,1.0,0.0,0.0,0.0,2.0,0,0,1,0,1,1,1
2413,112863,CHICAGO,IL,60623,36.9,0.0,3.0,0.0,1,1,43,2002.0,1,3,1,1.0,50,0,1,1,5,1,0,2,2,-1,1,2,8,2,7,2020,1.0,0.0,0.0,0.0,2.0,0,0,1,1,1,1,1
2414,112864,CHICAGO,IL,60623,36.9,0.0,3.0,0.0,1,2,1,2017.0,4,2,1,3.0,50,0,1,1,5,1,0,2,2,-1,1,2,8,2,7,2020,1.0,0.0,0.0,0.0,2.0,0,0,1,1,1,1,1
2415,112865,SKOKIE,IL,60076,36.0,0.0,0.0,0.0,1,1,43,2002.0,1,3,1,1.0,50,0,1,1,5,1,0,2,2,-1,1,2,8,2,7,2020,1.0,0.0,0.0,0.0,2.0,0,0,1,1,1,1,1
2416,112866,SKOKIE,IL,60076,36.0,0.0,0.0,0.0,1,2,1,2017.0,4,2,1,3.0,50,0,1,1,5,1,0,2,2,-1,1,2,8,2,7,2020,1.0,0.0,0.0,0.0,2.0,0,0,1,1,1,1,1
2417,112869,CHICAGO,IL,60649,40.0,0.0,0.0,0.0,1,12,53,2019.0,1,2,6,1.0,30,1,1,1,1,3,0,1,2,0,4,2,8,2,7,2020,0.0,1.0,0.0,0.0,0.0,0,0,1,1,1,1,0
2418,112870,CHICAGO,IL,60649,40.0,0.0,0.0,0.0,1,3,40,2015.0,1,2,1,2.0,30,1,1,1,1,3,0,1,2,0,4,2,8,2,7,2020,0.0,1.0,0.0,0.0,0.0,0,0,1,1,1,1,0
2419,112893,CHICAGO,IL,60649,36.9,0.0,5.0,0.0,1,4,29,2020.0,1,4,12,3.0,35,0,0,1,1,2,0,1,1,0,2,2,8,2,7,2020,1.0,0.0,0.0,0.0,2.0,0,0,1,0,1,1,1
2420,112894,CHICAGO,IL,60649,36.9,0.0,5.0,0.0,1,18,91,2011.0,2,4,1,11.0,35,0,0,1,1,2,0,1,1,0,2,2,8,2,7,2020,1.0,0.0,0.0,0.0,2.0,0,0,1,0,1,1,1
2421,112895,CHICAGO,IL,60652,45.0,0.0,0.0,0.0,1,4,29,2020.0,1,4,12,3.0,35,0,0,1,1,2,0,1,1,0,2,2,8,2,7,2020,1.0,0.0,0.0,0.0,2.0,0,0,1,0,1,1,1
2422,112896,CHICAGO,IL,60652,45.0,0.0,0.0,0.0,1,18,91,2011.0,2,4,1,11.0,35,0,0,1,1,2,0,1,1,0,2,2,8,2,7,2020,1.0,0.0,0.0,0.0,2.0,0,0,1,0,1,1,1
2423,112900,CHICAGO,IL,60619,40.0,0.0,0.0,0.0,1,7,51,2016.0,1,2,1,6.0,30,0,0,2,1,2,0,1,2,0,4,2,8,2,7,2020,0.0,1.0,0.0,0.0,0.0,0,0,1,0,1,1,0
2424,112943,BERKELEY,IL,60163,29.0,0.0,0.0,0.0,1,4,18,2013.0,1,4,2,5.0,30,1,1,1,1,2,1,1,1,-1,2,2,9,2,7,2020,0.0,1.0,0.0,0.0,0.0,0,0,1,0,1,1,0
2425,112992,CHICAGO,IL,60623,27.0,0.0,0.0,0.0,1,11,35,2006.0,1,2,3,3.0,30,1,1,3,1,2,0,1,1,0,2,2,11,2,7,2020,0.0,1.0,0.0,0.0,0.0,0,0,1,0,1,1,0
2426,113545,CHICAGO,IL,60623,27.0,0.0,0.0,0.0,1,21,196,2018.0,1,3,1,1.0,30,2,1,1,1,11,0,1,1,0,1,2,16,5,7,2020,0.0,1.0,0.0,0.0,0.0,0,0,1,0,1,1,0
2427,113585,WATSEKA,IL,60970,0.0,0.0,0.0,0.0,1,14,292,1993.0,3,4,3,2.0,30,1,1,1,2,3,5,1,1,0,2,2,1,1,7,2020,0.0,1.0,0.0,0.0,0.0,0,1,0,0,1,1,0
2428,113616,CHICAGO,IL,60624,26.0,0.0,0.0,0.0,1,2,8,2015.0,1,3,2,3.0,30,1,1,1,2,2,1,1,1,0,2,2,3,1,7,2020,0.0,1.0,0.0,0.0,0.0,0,1,0,0,1,1,1
2429,113623,BUFFALO_GROVE,IL,60069,31.0,0.0,0.0,0.0,1,3,28,2013.0,2,4,3,2.0,35,1,1,1,2,3,5,1,1,0,2,2,3,1,7,2020,0.0,1.0,0.0,0.0,0.0,0,0,1,1,1,1,0
2430,113791,CHICAGO,IL,60615,60.0,0.0,2.0,0.0,1,1,1,2018.0,1,4,1,1.0,30,2,1,1,1,9,1,1,1,0,1,2,7,1,7,2020,0.0,1.0,0.0,0.0,0.0,1,0,0,0,1,0,0
2431,113798,CHICAGO,IL,60620,44.0,0.0,0.0,0.0,1,2,1,2005.0,2,3,1,1.0,30,1,1,1,1,3,2,1,1,0,1,3,14,1,7,2020,0.0,1.0,0.0,0.0,0.0,0,0,1,1,1,1,0
2432,113799,CHICAGO,IL,60620,44.0,0.0,0.0,0.0,1,11,75,2002.0,1,3,3,2.0,30,1,1,1,1,3,2,1,1,0,1,3,14,1,7,2020,0.0,1.0,0.0,0.0,0.0,0,0,1,1,1,1,0
2433,113800,CHICAGO,IL,60620,44.0,0.0,0.0,0.0,1,7,25,2020.0,2,3,3,2.0,30,1,1,1,1,3,2,1,1,0,1,3,14,1,7,2020,0.0,1.0,0.0,0.0,0.0,0,0,1,1,1,1,0
2434,113945,CHICAGO,IL,60620,49.0,0.0,0.0,0.0,1,3,3,2012.0,1,4,3,5.0,30,1,1,1,1,4,2,1,1,0,1,2,17,1,7,2020,0.0,1.0,0.0,0.0,0.0,0,0,1,0,1,1,0
2435,113969,NORTHLAKE,IL,60164,36.0,0.0,-1.0,0.0,1,2,9,2017.0,2,2,3,2.0,30,1,1,1,1,3,2,1,1,0,1,2,18,1,7,2020,1.0,0.0,0.0,0.0,1.0,0,0,1,1,1,1,0
2436,113970,EVERGREEN_PARK,IL,60805,56.0,0.0,0.0,0.0,1,-1,1,2010.0,1,2,1,1.0,30,1,1,1,1,3,2,1,1,0,1,2,18,1,7,2020,1.0,0.0,0.0,0.0,1.0,0,0,1,0,1,1,0
2437,113971,EVERGREEN_PARK,IL,60805,56.0,0.0,0.0,0.0,1,2,9,2017.0,2,2,3,2.0,30,1,1,1,1,3,2,1,1,0,1,2,18,1,7,2020,1.0,0.0,0.0,0.0,1.0,0,0,1,0,1,1,0
2438,114140,NORTHLAKE,IL,60164,36.9,-1.0,2.0,0.0,1,5,13,2011.0,1,3,1,1.0,25,0,0,1,2,5,3,1,1,0,3,2,22,1,7,2020,1.0,0.0,0.0,0.0,2.0,0,0,1,0,1,1,1
2439,114142,CHICAGO,IL,60626,25.0,-1.0,0.0,0.0,1,5,13,2011.0,1,3,1,1.0,25,0,0,1,2,5,3,1,1,0,3,2,22,1,7,2020,0.0,0.0,0.0,0.0,2.0,0,0,1,1,1,1,1
2440,114148,NORTHLAKE,IL,60164,36.9,0.0,8.0,0.0,1,-1,1,2011.0,-1,1,4,-1.0,35,2,1,1,2,2,0,1,1,0,3,2,23,1,7,2020,1.0,0.0,0.0,0.0,2.0,1,0,0,0,0,0,1
2441,114149,NORTHLAKE,IL,60164,36.9,0.0,8.0,0.0,1,5,79,1985.0,6,1,1,6.0,35,2,1,1,2,2,0,1,1,0,3,2,23,1,7,2020,1.0,0.0,0.0,0.0,2.0,1,0,0,0,0,0,1
2442,114150,TALLAHASSEE,FL,32303,29.0,0.0,0.0,0.0,1,-1,1,2011.0,-1,1,4,-1.0,35,2,1,1,2,2,0,1,1,0,3,2,23,1,7,2020,1.0,0.0,0.0,0.0,2.0,1,0,0,1,0,0,1
2443,114151,TALLAHASSEE,FL,32303,29.0,0.0,0.0,0.0,1,5,79,1985.0,6,1,1,6.0,35,2,1,1,2,2,0,1,1,0,3,2,23,1,7,2020,1.0,0.0,0.0,0.0,2.0,1,0,0,1,0,0,1
2444,114266,NORTHLAKE,IL,60164,36.0,0.0,1.0,0.0,1,3,57,2006.0,1,2,1,6.0,30,2,1,1,1,1,0,1,1,0,2,2,15,1,7,2020,1.0,0.0,0.0,0.0,1.0,0,0,1,1,1,1,0
2445,114268,CHICAGO,IL,60624,36.0,0.0,0.0,0.0,1,3,57,2006.0,1,2,1,6.0,30,2,1,1,1,1,0,1,1,0,2,2,15,1,7,2020,1.0,0.0,0.0,0.0,1.0,0,0,1,0,1,1,0
2446,114269,CHICAGO,IL,60624,36.0,0.0,0.0,0.0,1,-1,2,2010.0,4,1,1,1.0,30,2,1,1,1,1,0,1,1,0,2,2,15,1,7,2020,1.0,0.0,0.0,0.0,1.0,0,0,1,0,1,1,0
2447,114302,NORTHLAKE,IL,60164,38.0,0.0,4.0,0.0,1,-1,1,2010.0,1,2,1,1.0,30,1,1,1,2,3,0,1,1,0,2,2,21,1,7,2020,1.0,0.0,0.0,0.0,3.0,0,1,0,1,1,1,0
2448,114303,NORTHLAKE,IL,60164,38.0,0.0,4.0,0.0,1,16,112,2015.0,1,2,1,2.0,30,1,1,1,2,3,0,1,1,0,2,2,21,1,7,2020,1.0,0.0,0.0,0.0,3.0,0,1,0,1,1,1,0
2449,114304,CHICAGO,IL,60643,34.0,0.0,0.0,0.0,1,-1,1,2010.0,1,2,1,1.0,30,1,1,1,2,3,0,1,1,0,2,2,21,1,7,2020,1.0,0.0,0.0,0.0,3.0,0,1,0,0,1,1,0
2450,114305,CHICAGO,IL,60643,34.0,0.0,0.0,0.0,1,16,112,2015.0,1,2,1,2.0,30,1,1,1,2,3,0,1,1,0,2,2,21,1,7,2020,1.0,0.0,0.0,0.0,3.0,0,1,0,0,1,1,0
2451,114451,CHICAGO,IL,60616,30.0,0.0,0.0,0.0,1,8,34,2020.0,2,3,3,9.0,30,1,1,1,2,4,0,1,1,0,1,2,20,7,7,2020,0.0,1.0,0.0,0.0,0.0,0,0,1,1,1,1,0
2452,114452,CHICAGO,IL,60616,30.0,0.0,0.0,0.0,1,3,12,2019.0,1,3,3,11.0,30,1,1,1,2,4,0,1,1,0,1,2,20,7,7,2020,0.0,1.0,0.0,0.0,0.0,0,0,1,1,1,1,0
2453,114513,NORTHLAKE,IL,60164,38.0,0.0,3.0,0.0,1,5,7,2001.0,1,-1,1,1.0,30,1,1,1,2,6,1,1,1,0,1,2,2,1,7,2020,1.0,0.0,0.0,0.0,3.0,0,0,1,0,1,1,1
2454,114514,NORTHLAKE,IL,60164,38.0,0.0,3.0,0.0,1,7,10,2015.0,1,-1,1,9.0,30,1,1,1,2,6,1,1,1,0,1,2,2,1,7,2020,1.0,0.0,0.0,0.0,3.0,0,0,1,0,1,1,1
2455,114515,CHICAGO,IL,60636,24.0,0.0,1.0,0.0,1,5,7,2001.0,1,-1,1,1.0,30,1,1,1,2,6,1,1,1,0,1,2,2,1,7,2020,1.0,0.0,0.0,0.0,3.0,0,0,1,1,1,1,1
2456,114516,CHICAGO,IL,60636,24.0,0.0,1.0,0.0,1,7,10,2015.0,1,-1,1,9.0,30,1,1,1,2,6,1,1,1,0,1,2,2,1,7,2020,1.0,0.0,0.0,0.0,3.0,0,0,1,1,1,1,1
2457,114587,CHICAGO,IL,60647,37.0,0.0,0.0,0.0,1,7,48,2017.0,2,3,1,7.0,30,1,1,1,2,1,0,1,1,0,3,2,21,1,7,2020,1.0,0.0,0.0,0.0,0.0,0,0,1,0,1,1,1
2458,114818,CHICAGO,IL,60647,56.0,1.0,12.0,0.0,1,-1,2,2011.0,2,1,1,-1.0,35,1,1,1,2,9,0,1,1,0,1,2,0,3,7,2020,0.0,0.0,0.0,1.0,2.0,1,0,0,1,1,1,1
2459,114827,CHICAGO,IL,60626,31.0,0.0,0.0,0.0,1,4,5,2013.0,1,6,2,3.0,30,2,1,1,1,2,0,1,1,0,4,2,19,2,7,2020,1.0,0.0,0.0,0.0,0.0,0,1,0,1,1,1,1
2460,114927,CHICAGO,IL,60620,19.0,0.0,0.0,0.0,1,6,85,2011.0,1,1,1,1.0,30,1,1,1,5,9,1,1,1,0,1,2,20,2,7,2020,0.0,0.0,0.0,1.0,2.0,0,0,1,1,1,1,1
2461,114968,CHICAGO,IL,60608,44.0,0.0,0.0,0.0,1,10,120,2019.0,3,1,1,4.0,30,1,1,1,2,6,1,1,1,-1,1,2,2,3,7,2020,1.0,0.0,0.0,0.0,0.0,0,0,1,1,1,1,1
2462,115289,OWATONNA,MN,55060,27.0,0.0,0.0,0.0,1,9,17,2011.0,1,2,1,3.0,30,2,1,1,1,1,0,1,1,0,2,2,13,2,7,2020,1.0,0.0,0.0,0.0,0.0,0,0,1,0,1,1,0
2463,115644,CHICAGO,IL,60651,20.0,0.0,0.0,0.0,1,27,1,1997.0,1,4,4,4.0,30,1,1,1,1,2,1,1,1,0,3,2,18,3,7,2020,0.0,1.0,0.0,0.0,0.0,0,1,0,0,1,1,1
2464,115645,CHICAGO,IL,60651,20.0,0.0,0.0,0.0,1,11,75,2005.0,1,4,4,3.0,30,1,1,1,1,2,1,1,1,0,3,2,18,3,7,2020,0.0,1.0,0.0,0.0,0.0,0,1,0,0,1,1,1
2465,115693,CHICAGO,IL,60620,50.0,0.0,0.0,0.0,1,4,5,2008.0,1,3,2,4.0,30,1,1,1,1,2,2,1,1,0,2,2,17,3,7,2020,0.0,1.0,0.0,0.0,0.0,0,0,1,1,1,1,0
2466,115825,CHICAGO,IL,60623,72.0,1.0,-1.0,0.0,1,-1,1,2010.0,-1,1,-1,-1.0,25,2,1,1,2,9,1,1,1,0,1,2,2,2,7,2020,0.0,0.0,0.0,1.0,3.0,0,0,1,1,1,1,1