,index,CITY,STATE,ZIPCODE,AGE,EJECTION,DRIVER_ACTION,BAC_RESULT,UNIT_TYPE,MAKE,MODEL,VEHICLE_YEAR,VEHICLE_TYPE,TRAVEL_DIRECTION,MANEUVER,FIRST_CONTACT_POINT,POSTED_SPEED_LIMIT,TRAFFIC_CONTROL_DEVICE,DEVICE_CONDITION,WEATHER_CONDITION,LIGHTING_CONDITION,FIRST_CRASH_TYPE,TRAFFICWAY_TYPE,ALIGNMENT,ROADWAY_SURFACE_COND,ROAD_DEFECT,STREET_DIRECTION,NUM_UNITS,CRASH_HOUR,CRASH_DAY_OF_WEEK,CRASH_MONTH,CRASH_YEAR,FATAL_INBOTH,FATAL_CARPPL,FATAL_OTHPPL,FATAL_INAUTO,FATAL_DEGREE,DAMAGE_500_OR_LESS,DAMAGE_501_1500,DAMAGE_OVER_1500,SEX,INTERSECTION_RELATED,HIT_AND_RUN,REPORTYPE
2467,115837,NAPERVILLE,IL,60564,64.0,0.0,0.0,0.0,1,3,3,2018.0,1,1,1,5.0,30,0,0,1,1,4,3,1,1,0,1,2,7,2,7,2020,0.0,1.0,0.0,0.0,0.0,0,0,1,0,0,1,1
2468,115856,CHICAGO,IL,60616,87.0,0.0,0.0,0.0,1,10,123,2007.0,1,2,1,6.0,30,1,1,1,1,1,1,1,1,0,1,2,8,2,7,2020,1.0,0.0,0.0,0.0,0.0,0,0,1,1,1,1,1
2469,115857,CHICAGO,IL,60616,87.0,0.0,0.0,0.0,1,3,1,2005.0,1,1,1,1.0,30,1,1,1,1,1,1,1,1,0,1,2,8,2,7,2020,1.0,0.0,0.0,0.0,0.0,0,0,1,1,1,1,1
2470,115868,CHICAGO,IL,60645,57.0,0.0,4.0,0.0,1,2,19,2016.0,1,5,2,1.0,30,1,1,1,1,2,1,1,1,-1,2,3,8,2,7,2020,0.0,1.0,0.0,0.0,0.0,0,0,1,0,1,1,0
2471,115869,CHICAGO,IL,60645,57.0,0.0,4.0,0.0,1,18,151,2010.0,1,1,3,1.0,30,1,1,1,1,2,1,1,1,-1,2,3,8,2,7,2020,0.0,1.0,0.0,0.0,0.0,0,0,1,0,1,1,0
2472,115954,CHICAGO,IL,60623,51.0,0.0,5.0,0.0,1,1,1,2002.0,-1,4,1,5.0,30,1,1,1,1,2,0,1,1,0,2,2,11,2,7,2020,1.0,0.0,0.0,0.0,2.0,0,0,1,0,1,1,1
2473,115955,CHICAGO,IL,60623,51.0,0.0,5.0,0.0,1,17,52,2008.0,1,4,4,3.0,30,1,1,1,1,2,0,1,1,0,2,2,11,2,7,2020,1.0,0.0,0.0,0.0,2.0,0,0,1,0,1,1,1
2474,115956,CHICAGO,IL,60623,29.0,0.0,0.0,0.0,1,1,1,2002.0,-1,4,1,5.0,30,1,1,1,1,2,0,1,1,0,2,2,11,2,7,2020,1.0,0.0,0.0,0.0,2.0,0,0,1,0,1,1,1
2475,115957,CHICAGO,IL,60623,29.0,0.0,0.0,0.0,1,17,52,2008.0,1,4,4,3.0,30,1,1,1,1,2,0,1,1,0,2,2,11,2,7,2020,1.0,0.0,0.0,0.0,2.0,0,0,1,0,1,1,1
2476,116326,CHICAGO,IL,60620,33.0,0.0,1.0,0.0,1,8,16,2013.0,1,3,2,3.0,35,1,1,1,1,2,0,1,1,0,1,2,16,2,7,2020,0.0,1.0,0.0,0.0,0.0,0,0,1,0,1,1,0
2477,116327,CHICAGO,IL,60620,33.0,0.0,1.0,0.0,1,2,19,2014.0,1,3,1,10.0,35,1,1,1,1,2,0,1,1,0,1,2,16,2,7,2020,0.0,1.0,0.0,0.0,0.0,0,0,1,0,1,1,0
2478,116568,LANSING,IL,60438,59.0,0.0,0.0,0.0,1,1,6,2016.0,1,2,1,5.0,35,1,1,1,2,2,4,1,1,0,1,2,22,2,7,2020,0.0,1.0,0.0,0.0,0.0,0,0,1,1,1,1,0
2479,116674,CHICAGO,IL,60608,19.0,1.0,1.0,0.0,1,7,10,2011.0,-1,2,1,1.0,30,1,-1,1,2,9,0,1,1,0,1,2,23,2,7,2020,0.0,0.0,0.0,1.0,2.0,0,0,1,0,1,1,0
2480,116707,VILLA_PARK,IL,60181,54.0,0.0,0.0,0.0,1,26,1,2007.0,8,3,3,12.0,30,1,1,1,1,2,1,1,1,0,1,2,7,6,7,2020,0.0,1.0,0.0,0.0,0.0,0,0,1,1,1,1,1
2481,116710,CHICAGO,IL,60655,57.0,0.0,0.0,0.0,1,2,295,2012.0,3,2,1,3.0,35,1,1,1,1,4,0,1,1,0,2,2,14,6,7,2020,1.0,0.0,0.0,0.0,0.0,0,0,1,0,1,1,1
2482,116969,THORNTON,IL,60476,33.0,0.0,0.0,0.0,1,3,12,2013.0,1,4,1,5.0,30,2,1,1,1,3,0,1,1,0,2,3,13,3,7,2020,0.0,1.0,0.0,0.0,0.0,0,1,0,1,1,1,0
2483,116972,BARTLETT,IL,60103,24.0,0.0,0.0,0.0,1,3,12,2013.0,1,4,1,5.0,30,2,1,1,1,3,0,1,1,0,2,3,13,3,7,2020,0.0,1.0,0.0,0.0,0.0,0,1,0,1,1,1,0
2484,117267,KENOSHA,WI,53142,56.0,0.0,0.0,0.0,1,9,37,2010.0,2,2,1,1.0,30,2,1,1,2,3,0,1,1,0,2,2,20,3,7,2020,0.0,1.0,0.0,0.0,0.0,0,0,1,0,1,1,0
2485,117482,COUNTRY_CLUB_HILLS,IL,60478,34.0,0.0,0.0,0.0,1,1,4,2005.0,1,4,2,1.0,30,2,1,1,1,2,2,1,1,0,2,2,9,3,7,2020,0.0,1.0,0.0,0.0,0.0,0,0,1,1,1,1,0
2486,117588,HARVEY,IL,60426,27.0,0.0,3.0,0.0,1,2,8,2013.0,1,1,1,1.0,30,1,1,1,1,1,1,1,1,-1,2,3,15,3,7,2020,1.0,0.0,0.0,0.0,3.0,0,0,1,1,1,0,0
2487,117589,HARVEY,IL,60426,27.0,0.0,3.0,0.0,1,12,53,2013.0,1,4,1,3.0,30,1,1,1,1,1,1,1,1,-1,2,3,15,3,7,2020,1.0,0.0,0.0,0.0,3.0,0,0,1,1,1,0,0
2488,117590,HARVEY,IL,60426,27.0,0.0,3.0,0.0,1,12,153,2013.0,1,4,1,3.0,30,1,1,1,1,1,1,1,1,-1,2,3,15,3,7,2020,1.0,0.0,0.0,0.0,3.0,0,0,1,1,1,0,0
2489,117591,BELLWOOD,IL,60104,58.0,0.0,0.0,0.0,1,2,8,2013.0,1,1,1,1.0,30,1,1,1,1,1,1,1,1,-1,2,3,15,3,7,2020,1.0,0.0,0.0,0.0,3.0,0,0,1,1,1,0,0
2490,117592,BELLWOOD,IL,60104,58.0,0.0,0.0,0.0,1,12,53,2013.0,1,4,1,3.0,30,1,1,1,1,1,1,1,1,-1,2,3,15,3,7,2020,1.0,0.0,0.0,0.0,3.0,0,0,1,1,1,0,0
2491,117593,BELLWOOD,IL,60104,58.0,0.0,0.0,0.0,1,12,153,2013.0,1,4,1,3.0,30,1,1,1,1,1,1,1,1,-1,2,3,15,3,7,2020,1.0,0.0,0.0,0.0,3.0,0,0,1,1,1,0,0
2492,117594,ISLAND_LAKE,IL,60042,28.0,0.0,0.0,0.0,1,2,8,2013.0,1,1,1,1.0,30,1,1,1,1,1,1,1,1,-1,2,3,15,3,7,2020,1.0,0.0,0.0,0.0,3.0,0,0,1,0,1,0,0
2493,117595,ISLAND_LAKE,IL,60042,28.0,0.0,0.0,0.0,1,12,53,2013.0,1,4,1,3.0,30,1,1,1,1,1,1,1,1,-1,2,3,15,3,7,2020,1.0,0.0,0.0,0.0,3.0,0,0,1,0,1,0,0
2494,117596,ISLAND_LAKE,IL,60042,28.0,0.0,0.0,0.0,1,12,153,2013.0,1,4,1,3.0,30,1,1,1,1,1,1,1,1,-1,2,3,15,3,7,2020,1.0,0.0,0.0,0.0,3.0,0,0,1,0,1,0,0
2495,118016,CHICAGO,IL,60637,58.0,0.0,0.0,0.0,1,1,20,2017.0,1,1,1,2.0,30,1,1,1,2,3,4,1,1,0,1,2,3,3,7,2020,0.0,1.0,0.0,0.0,0.0,1,0,0,0,1,1,0
2496,118036,CHICAGO,IL,60656,45.0,0.0,12.0,0.0,1,25,274,2013.0,1,4,3,1.0,30,1,1,1,1,11,2,1,1,0,2,2,8,3,7,2020,1.0,0.0,0.0,0.0,0.0,0,0,1,1,1,0,1
2497,118038,MCHENRY,IL,60050,23.0,0.0,0.0,0.0,1,25,274,2013.0,1,4,3,1.0,30,1,1,1,1,11,2,1,1,0,2,2,8,3,7,2020,1.0,0.0,0.0,0.0,0.0,0,0,1,0,1,0,1
2498,118123,CHICAGO,IL,60624,41.0,0.0,1.0,0.0,1,1,14,2013.0,2,4,3,4.0,25,1,1,1,1,9,0,1,1,0,2,2,13,3,7,2020,0.0,1.0,0.0,0.0,0.0,1,0,0,0,1,1,1
2499,118135,CHICAGO,IL,60629,50.0,0.0,0.0,0.0,1,19,124,2003.0,1,2,1,1.0,35,1,1,1,1,1,1,1,1,0,3,2,13,3,7,2020,1.0,0.0,0.0,0.0,0.0,0,0,1,1,1,1,1
2500,118136,CHICAGO,IL,60629,50.0,0.0,0.0,0.0,1,3,12,2015.0,1,1,1,3.0,35,1,1,1,1,1,1,1,1,0,3,2,13,3,7,2020,1.0,0.0,0.0,0.0,0.0,0,0,1,1,1,1,1
2501,118378,CHICAGO,IL,60629,36.0,0.0,8.0,0.0,1,3,1,2007.0,-1,3,8,1.0,30,1,1,1,1,3,2,1,1,0,1,2,18,3,7,2020,1.0,0.0,0.0,0.0,1.0,0,1,0,0,1,1,1
2502,118379,CHICAGO,IL,60629,36.0,0.0,8.0,0.0,1,4,18,2015.0,1,3,3,2.0,30,1,1,1,1,3,2,1,1,0,1,2,18,3,7,2020,1.0,0.0,0.0,0.0,1.0,0,1,0,0,1,1,1
2503,118380,CHICAGO,IL,60620,23.0,0.0,0.0,0.0,1,3,1,2007.0,-1,3,8,1.0,30,1,1,1,1,3,2,1,1,0,1,2,18,3,7,2020,1.0,0.0,0.0,0.0,1.0,0,1,0,0,1,1,1
2504,118381,CHICAGO,IL,60620,23.0,0.0,0.0,0.0,1,4,18,2015.0,1,3,3,2.0,30,1,1,1,1,3,2,1,1,0,1,2,18,3,7,2020,1.0,0.0,0.0,0.0,1.0,0,1,0,0,1,1,1
2505,118462,MAYWOOD,IL,60153,27.0,0.0,5.0,0.0,1,1,58,2018.0,1,1,11,1.0,35,1,1,1,1,2,2,1,1,0,1,3,19,3,7,2020,1.0,0.0,0.0,0.0,2.0,0,0,1,1,1,0,1
2506,118463,MAYWOOD,IL,60153,27.0,0.0,5.0,0.0,1,4,18,2018.0,1,3,2,3.0,35,1,1,1,1,2,2,1,1,0,1,3,19,3,7,2020,1.0,0.0,0.0,0.0,2.0,0,0,1,1,1,0,1
2507,118464,MAYWOOD,IL,60153,27.0,0.0,5.0,0.0,2,15,1,2007.0,1,1,5,3.0,35,1,1,1,1,2,2,1,1,0,1,3,19,3,7,2020,1.0,0.0,0.0,0.0,2.0,0,0,1,1,1,0,1
2508,118465,CHICAGO,IL,60624,28.0,0.0,0.0,0.0,1,1,58,2018.0,1,1,11,1.0,35,1,1,1,1,2,2,1,1,0,1,3,19,3,7,2020,1.0,0.0,0.0,0.0,2.0,0,0,1,1,1,0,1
2509,118466,CHICAGO,IL,60624,28.0,0.0,0.0,0.0,1,4,18,2018.0,1,3,2,3.0,35,1,1,1,1,2,2,1,1,0,1,3,19,3,7,2020,1.0,0.0,0.0,0.0,2.0,0,0,1,1,1,0,1
2510,118467,CHICAGO,IL,60624,28.0,0.0,0.0,0.0,2,15,1,2007.0,1,1,5,3.0,35,1,1,1,1,2,2,1,1,0,1,3,19,3,7,2020,1.0,0.0,0.0,0.0,2.0,0,0,1,1,1,0,1
2511,118496,CHICAGO,IL,60616,44.0,0.0,0.0,0.0,1,18,178,2004.0,1,3,1,3.0,30,2,1,1,1,1,1,1,1,0,4,2,19,3,7,2020,0.0,1.0,0.0,0.0,0.0,0,0,1,0,1,1,1
2512,118497,CHICAGO,IL,60616,44.0,0.0,0.0,0.0,1,5,13,2020.0,1,4,1,1.0,30,2,1,1,1,1,1,1,1,0,4,2,19,3,7,2020,0.0,1.0,0.0,0.0,0.0,0,0,1,0,1,1,1
2513,118498,CHICAGO,IL,60620,20.0,0.0,0.0,0.0,1,9,70,2013.0,1,2,1,1.0,35,2,0,1,1,3,2,1,1,0,2,2,19,3,7,2020,0.0,1.0,0.0,0.0,0.0,0,0,1,1,1,1,1
2514,118499,CHICAGO,IL,60620,20.0,0.0,0.0,0.0,1,2,8,2013.0,1,2,1,2.0,35,2,0,1,1,3,2,1,1,0,2,2,19,3,7,2020,0.0,1.0,0.0,0.0,0.0,0,0,1,1,1,1,1
2515,118500,CHICAGO,IL,60655,53.0,0.0,0.0,0.0,1,9,70,2013.0,1,2,1,1.0,35,2,0,1,1,3,2,1,1,0,2,2,19,3,7,2020,0.0,1.0,0.0,0.0,0.0,0,0,1,1,1,1,1
2516,118501,CHICAGO,IL,60655,53.0,0.0,0.0,0.0,1,2,8,2013.0,1,2,1,2.0,35,2,0,1,1,3,2,1,1,0,2,2,19,3,7,2020,0.0,1.0,0.0,0.0,0.0,0,0,1,1,1,1,1
2517,118509,CHICAGO,IL,60625,32.0,0.0,2.0,0.0,1,4,5,2005.0,1,3,2,7.0,30,2,1,1,4,2,1,1,1,0,3,2,20,3,7,2020,0.0,1.0,0.0,0.0,0.0,0,0,1,1,1,1,1
2518,118543,UNKNOWN,XX,0,38.0,0.0,2.0,0.0,1,14,1,2010.0,3,3,1,6.0,30,2,1,1,2,13,1,1,1,0,2,2,21,3,7,2020,1.0,0.0,0.0,0.0,3.0,0,1,0,0,1,1,1
2519,118545,CHICAGO,IL,60628,22.0,0.0,-1.0,0.0,1,14,1,2010.0,3,3,1,6.0,30,2,1,1,2,13,1,1,1,0,2,2,21,3,7,2020,0.0,0.0,0.0,1.0,3.0,0,1,0,1,1,1,1
2520,118557,EVANSTON,IL,60202,34.0,0.0,0.0,0.0,1,18,1,2002.0,2,3,1,6.0,30,2,1,1,2,1,1,1,1,0,1,2,22,3,7,2020,0.0,1.0,0.0,0.0,0.0,0,0,1,0,1,1,1
2521,118614,CHICAGO,IL,60617,33.0,0.0,0.0,0.0,1,8,16,2016.0,1,3,1,2.0,40,1,1,1,2,3,4,3,1,0,1,2,4,3,7,2020,1.0,0.0,0.0,0.0,0.0,0,0,1,0,1,1,1
2522,118690,UNKNOWN,XX,0,36.9,0.0,2.0,0.0,1,20,94,2011.0,1,2,2,4.0,30,1,1,1,1,5,1,1,1,0,2,2,13,3,7,2020,1.0,0.0,0.0,0.0,2.0,1,0,0,1,1,1,0
2523,118692,CHICAGO,IL,60617,26.0,-1.0,0.0,0.0,1,20,94,2011.0,1,2,2,4.0,30,1,1,1,1,5,1,1,1,0,2,2,13,3,7,2020,0.0,0.0,0.0,0.0,2.0,1,0,0,0,1,1,0
2524,118796,CHICAGO,IL,60610,68.0,0.0,0.0,0.0,1,34,1,2018.0,1,4,3,1.0,30,1,1,1,1,1,0,1,1,0,2,2,15,3,7,2020,0.0,1.0,0.0,0.0,0.0,0,0,1,1,1,1,1
2525,118808,CHICAGO_RIDGE,IL,60415,29.0,0.0,0.0,0.0,1,8,16,2013.0,1,2,1,11.0,30,2,1,1,1,4,10,1,1,0,1,2,18,3,7,2020,1.0,0.0,0.0,0.0,0.0,0,0,1,1,1,1,1
2526,119069,CHICAGO,IL,60617,57.0,0.0,0.0,0.0,1,1,118,2000.0,1,4,1,12.0,20,2,1,1,2,1,1,1,1,0,1,4,22,4,7,2020,1.0,0.0,0.0,0.0,0.0,0,0,1,1,1,1,1
2527,119100,CHICAGO,IL,60617,38.0,0.0,-1.0,0.0,1,-1,2,2010.0,1,3,2,3.0,30,1,1,1,2,5,0,1,1,0,2,2,21,4,7,2020,1.0,0.0,0.0,0.0,3.0,0,0,1,0,1,1,1
2528,119102,CHICAGO,IL,60617,49.0,-1.0,0.0,0.0,1,-1,2,2010.0,1,3,2,3.0,30,1,1,1,2,5,0,1,1,0,2,2,21,4,7,2020,0.0,0.0,0.0,0.0,3.0,0,0,1,1,1,1,1
2529,119279,CHICAGO,IL,60644,36.9,0.0,2.0,0.0,1,52,320,1991.0,1,4,1,1.0,30,1,1,1,1,1,1,1,1,0,3,2,12,2,7,2020,1.0,0.0,0.0,0.0,2.0,0,0,1,1,1,1,0
2530,119280,CHICAGO,IL,60644,36.9,0.0,2.0,0.0,1,3,209,2020.0,1,1,1,10.0,30,1,1,1,1,1,1,1,1,0,3,2,12,2,7,2020,1.0,0.0,0.0,0.0,2.0,0,0,1,1,1,1,0
2531,119281,APOKA,FL,32712,42.0,0.0,0.0,0.0,1,52,320,1991.0,1,4,1,1.0,30,1,1,1,1,1,1,1,1,0,3,2,12,2,7,2020,1.0,0.0,0.0,0.0,2.0,0,0,1,0,1,1,0
2532,119282,APOKA,FL,32712,42.0,0.0,0.0,0.0,1,3,209,2020.0,1,1,1,10.0,30,1,1,1,1,1,1,1,1,0,3,2,12,2,7,2020,1.0,0.0,0.0,0.0,2.0,0,0,1,0,1,1,0
2533,119756,CHICAGO,IL,60615,20.0,0.0,1.0,0.0,1,1,4,2002.0,1,4,2,3.0,30,1,1,1,1,2,0,1,1,0,4,2,18,5,7,2020,1.0,0.0,0.0,0.0,0.0,0,0,1,0,1,1,1
2534,119761,MINNEAPOLIS,IL,55411,23.0,0.0,3.0,0.0,1,8,282,2006.0,3,4,1,1.0,30,1,1,1,1,2,0,1,1,0,1,3,18,5,7,2020,1.0,0.0,0.0,0.0,2.0,0,0,1,0,1,1,1
2535,119762,MINNEAPOLIS,IL,55411,23.0,0.0,3.0,0.0,1,6,63,2008.0,1,3,4,3.0,30,1,1,1,1,2,0,1,1,0,1,3,18,5,7,2020,1.0,0.0,0.0,0.0,2.0,0,0,1,0,1,1,1
2536,119763,MINNEAPOLIS,IL,55411,23.0,0.0,3.0,0.0,2,4,175,1999.0,1,2,5,3.0,30,1,1,1,1,2,0,1,1,0,1,3,18,5,7,2020,1.0,0.0,0.0,0.0,2.0,0,0,1,0,1,1,1
2537,119764,CHICAGO,IL,60636,69.0,0.0,0.0,0.0,1,8,282,2006.0,3,4,1,1.0,30,1,1,1,1,2,0,1,1,0,1,3,18,5,7,2020,1.0,0.0,0.0,0.0,2.0,0,0,1,0,1,1,1
2538,119765,CHICAGO,IL,60636,69.0,0.0,0.0,0.0,1,6,63,2008.0,1,3,4,3.0,30,1,1,1,1,2,0,1,1,0,1,3,18,5,7,2020,1.0,0.0,0.0,0.0,2.0,0,0,1,0,1,1,1
2539,119766,CHICAGO,IL,60636,69.0,0.0,0.0,0.0,2,4,175,1999.0,1,2,5,3.0,30,1,1,1,1,2,0,1,1,0,1,3,18,5,7,2020,1.0,0.0,0.0,0.0,2.0,0,0,1,0,1,1,1
2540,119807,CHICAGO,IL,60636,36.0,-1.0,2.0,0.0,1,13,72,2005.0,1,-1,4,-1.0,35,0,0,1,1,2,2,1,1,0,4,2,18,5,7,2020,1.0,0.0,0.0,0.0,1.0,0,0,1,0,0,1,1
2541,119808,CHICAGO,IL,60636,36.0,-1.0,2.0,0.0,1,2,8,2010.0,1,2,1,1.0,35,0,0,1,1,2,2,1,1,0,4,2,18,5,7,2020,1.0,0.0,0.0,0.0,1.0,0,0,1,0,0,1,1
2542,119809,CHICAGO,IL,60637,18.0,0.0,0.0,0.0,1,13,72,2005.0,1,-1,4,-1.0,35,0,0,1,1,2,2,1,1,0,4,2,18,5,7,2020,1.0,0.0,0.0,0.0,1.0,0,0,1,0,0,1,1
2543,119810,CHICAGO,IL,60637,18.0,0.0,0.0,0.0,1,2,8,2010.0,1,2,1,1.0,35,0,0,1,1,2,2,1,1,0,4,2,18,5,7,2020,1.0,0.0,0.0,0.0,1.0,0,0,1,0,0,1,1
2544,119843,CHICAGO,IL,60628,48.0,0.0,0.0,0.0,1,7,48,2015.0,2,2,1,4.0,30,1,1,3,4,4,2,1,1,0,4,2,19,5,7,2020,0.0,1.0,0.0,0.0,0.0,0,1,0,0,1,1,0
2545,119941,CHICAGO,IL,60629,27.0,0.0,2.0,0.0,1,2,8,2010.0,1,2,1,-1.0,30,2,1,1,1,1,2,1,1,0,1,3,8,4,7,2020,1.0,0.0,0.0,0.0,1.0,0,0,1,1,1,0,1
2546,119942,CHICAGO,IL,60629,27.0,0.0,2.0,0.0,1,-1,2,2010.0,-1,-1,-1,-1.0,30,2,1,1,1,1,2,1,1,0,1,3,8,4,7,2020,1.0,0.0,0.0,0.0,1.0,0,0,1,1,1,0,1
2547,119943,CHICAGO,IL,60629,27.0,0.0,2.0,0.0,1,16,260,2004.0,1,3,1,-1.0,30,2,1,1,1,1,2,1,1,0,1,3,8,4,7,2020,1.0,0.0,0.0,0.0,1.0,0,0,1,1,1,0,1
2548,119946,CHICAGO,IL,60629,36.0,0.0,-1.0,0.0,1,16,260,2004.0,1,3,1,-1.0,30,2,1,1,1,1,2,1,1,0,1,3,8,4,7,2020,1.0,0.0,0.0,0.0,1.0,0,0,1,1,1,0,1
2549,119947,CHICAGO,IL,60652,62.0,0.0,0.0,0.0,1,2,8,2010.0,1,2,1,-1.0,30,2,1,1,1,1,2,1,1,0,1,3,8,4,7,2020,1.0,0.0,0.0,0.0,1.0,0,0,1,0,1,0,1
2550,119948,CHICAGO,IL,60652,62.0,0.0,0.0,0.0,1,-1,2,2010.0,-1,-1,-1,-1.0,30,2,1,1,1,1,2,1,1,0,1,3,8,4,7,2020,1.0,0.0,0.0,0.0,1.0,0,0,1,0,1,0,1
2551,119949,CHICAGO,IL,60652,62.0,0.0,0.0,0.0,1,16,260,2004.0,1,3,1,-1.0,30,2,1,1,1,1,2,1,1,0,1,3,8,4,7,2020,1.0,0.0,0.0,0.0,1.0,0,0,1,0,1,0,1
2552,120178,CHICAGO,IL,60619,21.0,0.0,0.0,0.0,1,12,32,2014.0,1,2,1,11.0,30,2,0,1,1,2,1,1,1,0,4,2,15,4,7,2020,0.0,1.0,0.0,0.0,0.0,0,1,0,1,1,1,0
2553,120190,CHICAGO,IL,60644,64.0,0.0,1.0,0.0,1,8,16,2020.0,1,2,7,8.0,30,1,1,2,1,3,0,1,2,0,2,2,15,4,7,2020,0.0,1.0,0.0,0.0,0.0,0,0,1,0,1,1,1
2554,120420,CHICAGO,IL,60644,34.0,0.0,1.0,0.0,1,13,321,2008.0,1,4,1,1.0,20,1,1,2,1,2,1,1,2,-1,4,2,16,4,7,2020,0.0,1.0,0.0,0.0,0.0,0,1,0,1,1,1,1
2555,120421,MATTESON,IL,60443,23.0,0.0,0.0,0.0,1,1,4,2018.0,1,3,1,3.0,30,1,1,2,1,1,2,1,2,0,2,2,16,4,7,2020,0.0,1.0,0.0,0.0,0.0,0,0,1,0,1,1,0
2556,120490,DOLTON,IL,60419,44.0,0.0,0.0,0.0,1,2,19,2016.0,2,1,3,2.0,30,1,1,3,1,4,3,1,1,0,1,2,13,4,7,2020,0.0,1.0,0.0,0.0,0.0,0,1,0,0,1,1,0
2557,120510,CHICAGO,IL,60659,45.0,0.0,0.0,0.0,1,21,1,2008.0,1,1,2,2.0,30,1,0,2,1,2,9,1,2,0,1,2,17,4,7,2020,0.0,1.0,0.0,0.0,0.0,0,1,0,1,1,1,0
2558,120665,CHICAGO,IL,60629,28.0,0.0,0.0,0.0,1,1,43,2003.0,2,3,1,1.0,30,0,0,2,1,2,2,1,2,0,3,2,17,4,7,2020,0.0,1.0,0.0,0.0,0.0,0,1,0,1,1,1,0
2559,120753,CHICAGO,IL,60609,31.0,0.0,0.0,0.0,1,3,64,2011.0,1,4,2,6.0,30,1,1,2,2,2,1,1,2,0,2,2,23,4,7,2020,0.0,1.0,0.0,0.0,0.0,0,0,1,1,1,1,0
2560,120867,CHICAGO,IL,60612,47.0,0.0,0.0,0.0,1,15,131,2003.0,1,2,1,3.0,30,1,1,1,2,2,0,1,1,0,2,2,1,7,7,2020,1.0,0.0,0.0,0.0,0.0,0,0,1,0,1,1,1
2561,120868,CHICAGO,IL,60612,47.0,0.0,0.0,0.0,1,1,129,2003.0,1,1,2,3.0,30,1,1,1,2,2,0,1,1,0,2,2,1,7,7,2020,1.0,0.0,0.0,0.0,0.0,0,0,1,0,1,1,1
2562,121064,WARRENVILLE,IL,60555,16.0,0.0,0.0,0.0,1,2,68,2005.0,1,2,13,9.0,35,1,1,1,3,4,0,1,1,0,2,2,21,4,7,2020,0.0,1.0,0.0,0.0,0.0,0,0,1,0,1,1,0
2563,121065,WARRENVILLE,IL,60555,16.0,0.0,0.0,0.0,1,23,278,2012.0,1,2,1,11.0,35,1,1,1,3,4,0,1,1,0,2,2,21,4,7,2020,0.0,1.0,0.0,0.0,0.0,0,0,1,0,1,1,0
2564,121240,BLUE_ASH,OH,45252,38.0,0.0,4.0,0.0,1,4,5,2020.0,1,1,1,1.0,35,1,1,1,1,3,1,1,1,0,4,3,17,5,7,2020,1.0,0.0,0.0,0.0,3.0,0,0,1,1,1,1,1
2565,121241,BLUE_ASH,OH,45252,38.0,0.0,4.0,0.0,1,11,35,2011.0,1,1,1,7.0,35,1,1,1,1,3,1,1,1,0,4,3,17,5,7,2020,1.0,0.0,0.0,0.0,3.0,0,0,1,1,1,1,1
2566,121242,BLUE_ASH,OH,45252,38.0,0.0,4.0,0.0,1,11,133,2002.0,1,4,2,8.0,35,1,1,1,1,3,1,1,1,0,4,3,17,5,7,2020,1.0,0.0,0.0,0.0,3.0,0,0,1,1,1,1,1
2567,121243,CHICAGO,IL,60628,18.0,0.0,-1.0,0.0,1,4,5,2020.0,1,1,1,1.0,35,1,1,1,1,3,1,1,1,0,4,3,17,5,7,2020,1.0,0.0,0.0,0.0,3.0,0,0,1,1,1,1,1
2568,121244,CHICAGO,IL,60628,18.0,0.0,-1.0,0.0,1,11,35,2011.0,1,1,1,7.0,35,1,1,1,1,3,1,1,1,0,4,3,17,5,7,2020,1.0,0.0,0.0,0.0,3.0,0,0,1,1,1,1,1
2569,121245,CHICAGO,IL,60628,18.0,0.0,-1.0,0.0,1,11,133,2002.0,1,4,2,8.0,35,1,1,1,1,3,1,1,1,0,4,3,17,5,7,2020,1.0,0.0,0.0,0.0,3.0,0,0,1,1,1,1,1
2570,121246,HAMMOND,IN,46324,62.0,0.0,0.0,0.0,1,4,5,2020.0,1,1,1,1.0,35,1,1,1,1,3,1,1,1,0,4,3,17,5,7,2020,1.0,0.0,0.0,0.0,3.0,0,0,1,0,1,1,1
2571,121247,HAMMOND,IN,46324,62.0,0.0,0.0,0.0,1,11,35,2011.0,1,1,1,7.0,35,1,1,1,1,3,1,1,1,0,4,3,17,5,7,2020,1.0,0.0,0.0,0.0,3.0,0,0,1,0,1,1,1
2572,121248,HAMMOND,IN,46324,62.0,0.0,0.0,0.0,1,11,133,2002.0,1,4,2,8.0,35,1,1,1,1,3,1,1,1,0,4,3,17,5,7,2020,1.0,0.0,0.0,0.0,3.0,0,0,1,0,1,1,1