,index,CITY,STATE,ZIPCODE,AGE,EJECTION,DRIVER_ACTION,BAC_RESULT,UNIT_TYPE,MAKE,MODEL,VEHICLE_YEAR,VEHICLE_TYPE,TRAVEL_DIRECTION,MANEUVER,FIRST_CONTACT_POINT,POSTED_SPEED_LIMIT,TRAFFIC_CONTROL_DEVICE,DEVICE_CONDITION,WEATHER_CONDITION,LIGHTING_CONDITION,FIRST_CRASH_TYPE,TRAFFICWAY_TYPE,ALIGNMENT,ROADWAY_SURFACE_COND,ROAD_DEFECT,STREET_DIRECTION,NUM_UNITS,CRASH_HOUR,CRASH_DAY_OF_WEEK,CRASH_MONTH,CRASH_YEAR,FATAL_INBOTH,FATAL_CARPPL,FATAL_OTHPPL,FATAL_INAUTO,FATAL_DEGREE,DAMAGE_500_OR_LESS,DAMAGE_501_1500,DAMAGE_OVER_1500,SEX,INTERSECTION_RELATED,HIT_AND_RUN,REPORTYPE
2679,127681,CHICAGO,IL,60629,48.0,0.0,0.0,0.0,1,16,103,2000.0,2,3,1,5.0,30,1,1,1,2,2,1,1,1,0,1,2,3,7,7,2020,1.0,0.0,0.0,0.0,2.0,0,0,1,1,1,0,0
2680,127682,PARK_FOREST,IL,60466,28.0,0.0,0.0,0.0,1,-1,1,2011.0,-1,4,-1,1.0,30,1,1,1,2,2,1,1,1,0,1,2,3,7,7,2020,1.0,0.0,0.0,0.0,2.0,0,0,1,0,1,0,0
2681,127683,PARK_FOREST,IL,60466,28.0,0.0,0.0,0.0,1,16,103,2000.0,2,3,1,5.0,30,1,1,1,2,2,1,1,1,0,1,2,3,7,7,2020,1.0,0.0,0.0,0.0,2.0,0,0,1,0,1,0,0
2682,127684,PARK_FOREST,IL,60466,28.0,0.0,0.0,0.0,1,1,1,2015.0,1,2,4,1.0,30,1,1,1,2,2,1,1,1,0,1,2,3,7,7,2020,1.0,0.0,0.0,0.0,2.0,0,0,1,0,1,0,0
2683,127685,PARK_FOREST,IL,60466,28.0,0.0,0.0,0.0,1,16,103,2000.0,2,3,1,5.0,30,1,1,1,2,2,1,1,1,0,1,2,3,7,7,2020,1.0,0.0,0.0,0.0,2.0,0,0,1,0,1,0,0
2684,127686,CHICAGO,IL,60629,48.0,0.0,0.0,0.0,1,-1,1,2011.0,-1,4,-1,1.0,30,1,1,1,2,2,1,1,1,0,1,2,3,7,7,2020,1.0,0.0,0.0,0.0,2.0,0,0,1,1,1,0,0
2685,127687,CHICAGO,IL,60629,48.0,0.0,0.0,0.0,1,16,103,2000.0,2,3,1,5.0,30,1,1,1,2,2,1,1,1,0,1,2,3,7,7,2020,1.0,0.0,0.0,0.0,2.0,0,0,1,1,1,0,0
2686,127688,CHICAGO,IL,60629,48.0,0.0,0.0,0.0,1,1,1,2015.0,1,2,4,1.0,30,1,1,1,2,2,1,1,1,0,1,2,3,7,7,2020,1.0,0.0,0.0,0.0,2.0,0,0,1,1,1,0,0
2687,127689,CHICAGO,IL,60629,48.0,0.0,0.0,0.0,1,16,103,2000.0,2,3,1,5.0,30,1,1,1,2,2,1,1,1,0,1,2,3,7,7,2020,1.0,0.0,0.0,0.0,2.0,0,0,1,1,1,0,0
2688,127760,DES_PLAINES,IL,60016,38.0,0.0,2.0,0.0,1,11,133,2004.0,2,1,1,1.0,30,1,1,3,1,9,5,1,1,0,1,2,15,7,7,2020,1.0,0.0,0.0,0.0,3.0,0,1,0,0,1,1,1
2689,127762,CHICAGO,IL,60629,52.0,1.0,3.0,0.0,1,11,133,2004.0,2,1,1,1.0,30,1,1,3,1,9,5,1,1,0,1,2,15,7,7,2020,0.0,0.0,0.0,1.0,3.0,0,1,0,0,1,1,1
2690,127980,CHICAGO,IL,60617,36.9,0.0,2.0,0.0,1,3,40,2011.0,1,1,2,6.0,30,1,1,1,1,9,2,1,1,0,2,2,19,7,7,2020,1.0,0.0,0.0,0.0,2.0,0,0,1,0,1,1,1
2691,127982,CHICAGO,IL,60616,21.0,1.0,0.0,0.0,1,3,40,2011.0,1,1,2,6.0,30,1,1,1,1,9,2,1,1,0,2,2,19,7,7,2020,0.0,0.0,0.0,1.0,2.0,0,0,1,0,1,1,1
2692,128144,CHICAGO,IL,60651,36.9,0.0,-1.0,0.0,1,1,89,2017.0,1,3,1,1.0,30,2,1,1,2,3,3,1,1,0,3,2,22,7,7,2020,1.0,0.0,0.0,0.0,2.0,1,0,0,0,1,1,1
2693,128145,CHICAGO,IL,60651,36.9,0.0,-1.0,0.0,1,3,12,1994.0,1,3,7,2.0,30,2,1,1,2,3,3,1,1,0,3,2,22,7,7,2020,1.0,0.0,0.0,0.0,2.0,1,0,0,0,1,1,1
2694,128146,CHICAGO,IL,60634,26.0,0.0,0.0,0.0,1,1,89,2017.0,1,3,1,1.0,30,2,1,1,2,3,3,1,1,0,3,2,22,7,7,2020,1.0,0.0,0.0,0.0,2.0,1,0,0,0,1,1,1
2695,128147,CHICAGO,IL,60634,26.0,0.0,0.0,0.0,1,3,12,1994.0,1,3,7,2.0,30,2,1,1,2,3,3,1,1,0,3,2,22,7,7,2020,1.0,0.0,0.0,0.0,2.0,1,0,0,0,1,1,1
2696,128158,CHICAGO,IL,60634,36.0,0.0,4.0,0.0,1,7,10,2010.0,2,2,3,3.0,30,1,1,1,2,3,0,1,1,0,4,2,20,7,7,2020,1.0,0.0,0.0,0.0,1.0,0,0,1,1,1,1,0
2697,128159,CHICAGO,IL,60634,36.0,0.0,4.0,0.0,1,7,10,2000.0,2,2,3,10.0,30,1,1,1,2,3,0,1,1,0,4,2,20,7,7,2020,1.0,0.0,0.0,0.0,1.0,0,0,1,1,1,1,0
2698,128160,CHICAGO,IL,60628,20.0,0.0,0.0,0.0,1,7,10,2010.0,2,2,3,3.0,30,1,1,1,2,3,0,1,1,0,4,2,20,7,7,2020,1.0,0.0,0.0,0.0,1.0,0,0,1,0,1,1,0
2699,128161,CHICAGO,IL,60628,20.0,0.0,0.0,0.0,1,7,10,2000.0,2,2,3,10.0,30,1,1,1,2,3,0,1,1,0,4,2,20,7,7,2020,1.0,0.0,0.0,0.0,1.0,0,0,1,0,1,1,0
2700,128177,CHICAGO,IL,60610,62.0,0.0,5.0,0.0,1,7,25,2016.0,2,2,4,4.0,30,1,1,1,5,2,9,1,1,0,2,2,5,7,7,2020,0.0,1.0,0.0,0.0,0.0,0,0,1,1,1,1,0
2701,128655,CHICAGO,IL,60610,36.9,0.0,0.0,0.0,1,1,27,2002.0,1,3,1,1.0,35,0,0,1,1,3,2,1,2,0,1,2,16,1,8,2020,1.0,0.0,0.0,0.0,2.0,1,0,0,1,1,1,1
2702,128656,CHICAGO,IL,60610,36.9,0.0,0.0,0.0,1,3,57,2009.0,2,3,1,2.0,35,0,0,1,1,3,2,1,2,0,1,2,16,1,8,2020,1.0,0.0,0.0,0.0,2.0,1,0,0,1,1,1,1
2703,128657,SUMMIT_ARGO,IL,60501,41.0,0.0,0.0,0.0,1,1,27,2002.0,1,3,1,1.0,35,0,0,1,1,3,2,1,2,0,1,2,16,1,8,2020,1.0,0.0,0.0,0.0,2.0,1,0,0,1,1,1,1
2704,128658,SUMMIT_ARGO,IL,60501,41.0,0.0,0.0,0.0,1,3,57,2009.0,2,3,1,2.0,35,0,0,1,1,3,2,1,2,0,1,2,16,1,8,2020,1.0,0.0,0.0,0.0,2.0,1,0,0,1,1,1,1
2705,128763,MOUNT_PROSPECT,IL,60056,40.0,0.0,0.0,0.0,1,12,172,2017.0,1,2,1,6.0,30,2,1,2,1,1,1,1,2,0,4,2,19,1,8,2020,0.0,1.0,0.0,0.0,0.0,0,1,0,1,1,1,1
2706,128894,CHICAGO,IL,60637,36.9,0.0,-1.0,0.0,1,26,1,2011.0,-1,4,-1,-1.0,30,1,1,1,1,9,1,1,1,0,2,2,6,2,8,2020,1.0,0.0,0.0,0.0,2.0,1,0,0,0,0,1,0
2707,128896,CHICAGO,IL,60637,56.0,-1.0,-1.0,0.0,1,26,1,2011.0,-1,4,-1,-1.0,30,1,1,1,1,9,1,1,1,0,2,2,6,2,8,2020,0.0,0.0,0.0,1.0,2.0,1,0,0,1,0,1,0
2708,129077,CHICAGO,IL,60637,36.0,0.0,1.0,0.0,1,-1,1,2010.0,1,3,1,1.0,30,0,0,1,1,1,0,1,1,0,2,2,12,2,8,2020,1.0,0.0,0.0,0.0,1.0,0,0,1,0,1,1,0
2709,129078,CHICAGO,IL,60637,36.0,0.0,1.0,0.0,1,14,101,2008.0,1,4,1,6.0,30,0,0,1,1,1,0,1,1,0,2,2,12,2,8,2020,1.0,0.0,0.0,0.0,1.0,0,0,1,0,1,1,0
2710,129079,BERWYN,IL,60402,36.0,0.0,0.0,0.0,1,-1,1,2010.0,1,3,1,1.0,30,0,0,1,1,1,0,1,1,0,2,2,12,2,8,2020,1.0,0.0,0.0,0.0,1.0,0,0,1,1,1,1,0
2711,129080,BERWYN,IL,60402,36.0,0.0,0.0,0.0,1,14,101,2008.0,1,4,1,6.0,30,0,0,1,1,1,0,1,1,0,2,2,12,2,8,2020,1.0,0.0,0.0,0.0,1.0,0,0,1,1,1,1,0
2712,129237,CHICAGO,IL,60637,38.0,0.0,5.0,0.0,1,26,185,2010.0,-1,3,2,3.0,30,1,1,1,1,2,1,1,1,0,3,2,15,2,8,2020,1.0,0.0,0.0,0.0,3.0,0,0,1,1,1,1,1
2713,129238,CHICAGO,IL,60637,38.0,0.0,5.0,0.0,1,5,23,2007.0,2,1,1,1.0,30,1,1,1,1,2,1,1,1,0,3,2,15,2,8,2020,1.0,0.0,0.0,0.0,3.0,0,0,1,1,1,1,1
2714,129239,CHICAGO,IL,60644,36.0,0.0,0.0,0.0,1,26,185,2010.0,-1,3,2,3.0,30,1,1,1,1,2,1,1,1,0,3,2,15,2,8,2020,1.0,0.0,0.0,0.0,3.0,0,0,1,0,1,1,1
2715,129240,CHICAGO,IL,60644,36.0,0.0,0.0,0.0,1,5,23,2007.0,2,1,1,1.0,30,1,1,1,1,2,1,1,1,0,3,2,15,2,8,2020,1.0,0.0,0.0,0.0,3.0,0,0,1,0,1,1,1
2716,129316,CHICAGO,IL,60636,31.0,0.0,0.0,0.0,1,3,3,2012.0,1,3,2,6.0,30,0,0,1,1,2,2,1,1,0,1,2,15,2,8,2020,0.0,1.0,0.0,0.0,0.0,0,0,1,0,1,1,0
2717,129358,CHICAGO,IL,60636,36.9,0.0,2.0,0.0,1,1,1,2013.0,2,3,1,-1.0,30,-1,-1,1,1,9,1,1,1,0,1,2,16,2,8,2020,1.0,0.0,0.0,0.0,2.0,1,0,0,0,1,1,1
2718,129360,CHICAGO,IL,60636,19.0,-1.0,0.0,0.0,1,1,1,2013.0,2,3,1,-1.0,30,-1,-1,1,1,9,1,1,1,0,1,2,16,2,8,2020,0.0,0.0,0.0,1.0,2.0,1,0,0,1,1,1,1
2719,129504,CHICAGO,IL,60624,57.0,-1.0,0.0,0.0,1,24,1,2011.0,-1,1,-1,-1.0,30,1,1,1,1,5,1,1,1,0,2,2,18,2,8,2020,0.0,0.0,0.0,0.0,2.0,0,1,0,1,1,1,1
2720,129614,CHICAGO,IL,60609,36.9,0.0,-1.0,0.0,1,7,59,2018.0,-1,3,1,-1.0,30,1,1,1,2,5,0,1,1,0,3,2,0,1,7,2020,1.0,0.0,0.0,0.0,2.0,0,0,1,0,1,1,1
2721,129616,CHICAGO,IL,60609,15.0,-1.0,-1.0,0.0,1,7,59,2018.0,-1,3,1,-1.0,30,1,1,1,2,5,0,1,1,0,3,2,0,1,7,2020,0.0,0.0,0.0,0.0,2.0,0,0,1,1,1,1,1
2722,129632,CHICAGO,IL,60629,33.0,0.0,0.0,0.0,1,4,11,2018.0,1,3,1,5.0,30,1,1,1,2,2,2,4,1,0,1,2,0,1,7,2020,1.0,0.0,0.0,0.0,0.0,0,0,1,1,1,1,1
2723,129645,CHICAGO,IL,60629,55.0,0.0,0.0,0.0,1,5,23,2002.0,1,4,1,10.0,30,0,0,2,5,7,0,1,2,0,1,3,6,1,7,2020,1.0,0.0,0.0,0.0,0.0,0,0,1,1,1,1,1
2724,129646,CHICAGO,IL,60629,55.0,0.0,0.0,0.0,2,2,19,2004.0,1,2,5,5.0,30,0,0,2,5,7,0,1,2,0,1,3,6,1,7,2020,1.0,0.0,0.0,0.0,0.0,0,0,1,1,1,1,1
2725,129705,CHICAGO,IL,60629,36.9,0.0,-1.0,0.0,1,1,1,2006.0,1,2,1,-1.0,30,2,0,2,1,1,1,1,2,-1,1,2,7,1,7,2020,1.0,0.0,0.0,0.0,2.0,0,0,1,0,1,1,1
2726,129706,CHICAGO,IL,60629,36.9,0.0,-1.0,0.0,1,5,13,2002.0,-1,3,1,8.0,30,2,0,2,1,1,1,1,2,-1,1,2,7,1,7,2020,1.0,0.0,0.0,0.0,2.0,0,0,1,0,1,1,1
2727,129707,CHICAGO,IL,60609,19.0,0.0,-1.0,0.0,1,1,1,2006.0,1,2,1,-1.0,30,2,0,2,1,1,1,1,2,-1,1,2,7,1,7,2020,1.0,0.0,0.0,0.0,2.0,0,0,1,1,1,1,1
2728,129708,CHICAGO,IL,60609,19.0,0.0,-1.0,0.0,1,5,13,2002.0,-1,3,1,8.0,30,2,0,2,1,1,1,1,2,-1,1,2,7,1,7,2020,1.0,0.0,0.0,0.0,2.0,0,0,1,1,1,1,1
2729,129997,CHICAGO,IL,60620,73.0,0.0,0.0,0.0,1,2,9,2005.0,1,2,3,2.0,30,2,1,1,1,3,0,1,1,0,2,2,15,1,7,2020,0.0,1.0,0.0,0.0,0.0,1,0,0,1,0,1,1
2730,130223,CHICAGO,IL,60651,36.9,0.0,3.0,0.0,1,12,172,2010.0,1,4,1,1.0,30,1,1,1,2,1,1,1,1,0,4,2,23,1,7,2020,1.0,0.0,0.0,0.0,2.0,0,0,1,0,1,1,1
2731,130224,CHICAGO,IL,60651,36.9,0.0,3.0,0.0,1,4,11,2018.0,1,3,1,5.0,30,1,1,1,2,1,1,1,1,0,4,2,23,1,7,2020,1.0,0.0,0.0,0.0,2.0,0,0,1,0,1,1,1
2732,130225,CHICAGO,IL,60637,38.0,0.0,0.0,0.0,1,12,172,2010.0,1,4,1,1.0,30,1,1,1,2,1,1,1,1,0,4,2,23,1,7,2020,1.0,0.0,0.0,0.0,2.0,0,0,1,1,1,1,1
2733,130226,CHICAGO,IL,60637,38.0,0.0,0.0,0.0,1,4,11,2018.0,1,3,1,5.0,30,1,1,1,2,1,1,1,1,0,4,2,23,1,7,2020,1.0,0.0,0.0,0.0,2.0,0,0,1,1,1,1,1
2734,130246,CHICAGO,IL,60609,40.0,0.0,0.0,0.0,1,2,8,2016.0,1,3,6,1.0,30,1,1,1,2,6,5,1,1,0,1,2,23,1,7,2020,1.0,0.0,0.0,0.0,0.0,0,0,1,0,1,1,1
2735,130247,CHICAGO,IL,60609,40.0,0.0,0.0,0.0,1,4,100,2006.0,2,1,1,4.0,30,1,1,1,2,6,5,1,1,0,1,2,23,1,7,2020,1.0,0.0,0.0,0.0,0.0,0,0,1,0,1,1,1
2736,130453,CHICAGO,IL,60646,17.0,0.0,1.0,0.0,1,5,13,2013.0,1,1,4,3.0,30,1,1,1,2,2,1,1,1,0,3,2,2,7,8,2020,0.0,1.0,0.0,0.0,0.0,0,1,0,0,1,1,1
2737,130515,HAZEL_CREST,IL,60429,33.0,0.0,0.0,0.0,1,7,10,2017.0,1,1,1,7.0,30,1,1,2,1,3,0,1,2,0,1,2,17,1,8,2020,0.0,1.0,0.0,0.0,0.0,1,0,0,1,1,0,0
2738,130516,HAZEL_CREST,IL,60429,33.0,0.0,0.0,0.0,1,5,7,2000.0,1,1,1,4.0,30,1,1,2,1,3,0,1,2,0,1,2,17,1,8,2020,0.0,1.0,0.0,0.0,0.0,1,0,0,1,1,0,0
2739,130517,CHICAGO,IL,60620,24.0,0.0,0.0,0.0,1,7,10,2017.0,1,1,1,7.0,30,1,1,2,1,3,0,1,2,0,1,2,17,1,8,2020,0.0,1.0,0.0,0.0,0.0,1,0,0,0,1,0,0
2740,130518,CHICAGO,IL,60620,24.0,0.0,0.0,0.0,1,5,7,2000.0,1,1,1,4.0,30,1,1,2,1,3,0,1,2,0,1,2,17,1,8,2020,0.0,1.0,0.0,0.0,0.0,1,0,0,0,1,0,0
2741,130564,CHICAGO,IL,60617,47.0,0.0,0.0,0.0,1,20,134,2017.0,1,4,1,11.0,30,1,1,2,2,2,5,1,2,0,4,2,23,7,8,2020,0.0,1.0,0.0,0.0,0.0,0,0,1,0,1,1,0
2742,130593,CHICAGO,IL,60647,30.0,0.0,6.0,0.0,1,16,348,2006.0,1,1,1,1.0,30,1,1,1,1,1,1,1,1,0,2,2,10,2,8,2020,1.0,0.0,0.0,0.0,2.0,0,0,1,1,1,1,1
2743,130594,CHICAGO,IL,60647,30.0,0.0,6.0,0.0,1,4,239,2015.0,3,4,1,3.0,30,1,1,1,1,1,1,1,1,0,2,2,10,2,8,2020,1.0,0.0,0.0,0.0,2.0,0,0,1,1,1,1,1
2744,130595,CHICAGO,IL,60641,31.0,0.0,0.0,0.0,1,16,348,2006.0,1,1,1,1.0,30,1,1,1,1,1,1,1,1,0,2,2,10,2,8,2020,1.0,0.0,0.0,0.0,2.0,0,0,1,1,1,1,1
2745,130596,CHICAGO,IL,60641,31.0,0.0,0.0,0.0,1,4,239,2015.0,3,4,1,3.0,30,1,1,1,1,1,1,1,1,0,2,2,10,2,8,2020,1.0,0.0,0.0,0.0,2.0,0,0,1,1,1,1,1
2746,131028,CHICAGO,IL,60651,19.0,0.0,0.0,0.0,1,4,33,2019.0,1,2,1,3.0,30,2,0,1,1,1,3,1,1,0,3,2,12,3,8,2020,0.0,1.0,0.0,0.0,0.0,0,1,0,0,1,1,1
2747,131283,CHICAGO,IL,60615,36.9,0.0,3.0,0.0,1,-1,1,2011.0,3,3,1,3.0,35,1,1,1,1,1,1,1,1,0,2,2,17,3,8,2020,1.0,0.0,0.0,0.0,2.0,0,1,0,1,1,1,1
2748,131284,CHICAGO,IL,60615,36.9,0.0,3.0,0.0,1,28,45,2006.0,5,4,1,4.0,35,1,1,1,1,1,1,1,1,0,2,2,17,3,8,2020,1.0,0.0,0.0,0.0,2.0,0,1,0,1,1,1,1
2749,131285,CHICAGO,IL,60654,54.0,0.0,0.0,0.0,1,-1,1,2011.0,3,3,1,3.0,35,1,1,1,1,1,1,1,1,0,2,2,17,3,8,2020,1.0,0.0,0.0,0.0,2.0,0,1,0,1,1,1,1
2750,131286,CHICAGO,IL,60654,54.0,0.0,0.0,0.0,1,28,45,2006.0,5,4,1,4.0,35,1,1,1,1,1,1,1,1,0,2,2,17,3,8,2020,1.0,0.0,0.0,0.0,2.0,0,1,0,1,1,1,1
2751,131670,CHICAGO,IL,60628,48.0,0.0,2.0,0.0,1,6,22,2000.0,3,1,1,1.0,30,1,1,1,1,3,0,1,1,-1,1,3,8,2,7,2020,1.0,0.0,0.0,0.0,1.0,0,0,1,1,1,1,1
2752,131671,CHICAGO,IL,60628,48.0,0.0,2.0,0.0,1,1,43,2005.0,1,1,3,2.0,30,1,1,1,1,3,0,1,1,-1,1,3,8,2,7,2020,1.0,0.0,0.0,0.0,1.0,0,0,1,1,1,1,1
2753,131672,CHICAGO,IL,60628,48.0,0.0,2.0,0.0,1,-1,88,2010.0,-1,1,3,2.0,30,1,1,1,1,3,0,1,1,-1,1,3,8,2,7,2020,1.0,0.0,0.0,0.0,1.0,0,0,1,1,1,1,1
2754,131673,CHICAGO,IL,60628,55.0,0.0,1.0,0.0,1,6,22,2000.0,3,1,1,1.0,30,1,1,1,1,3,0,1,1,-1,1,3,8,2,7,2020,1.0,0.0,0.0,0.0,1.0,0,0,1,0,1,1,1
2755,131674,CHICAGO,IL,60628,55.0,0.0,1.0,0.0,1,1,43,2005.0,1,1,3,2.0,30,1,1,1,1,3,0,1,1,-1,1,3,8,2,7,2020,1.0,0.0,0.0,0.0,1.0,0,0,1,0,1,1,1
2756,131675,CHICAGO,IL,60628,55.0,0.0,1.0,0.0,1,-1,88,2010.0,-1,1,3,2.0,30,1,1,1,1,3,0,1,1,-1,1,3,8,2,7,2020,1.0,0.0,0.0,0.0,1.0,0,0,1,0,1,1,1
2757,131676,CHICAGO,IL,60628,36.0,-1.0,-1.0,0.0,1,6,22,2000.0,3,1,1,1.0,30,1,1,1,1,3,0,1,1,-1,1,3,8,2,7,2020,1.0,0.0,0.0,0.0,1.0,0,0,1,0,1,1,1
2758,131677,CHICAGO,IL,60628,36.0,-1.0,-1.0,0.0,1,1,43,2005.0,1,1,3,2.0,30,1,1,1,1,3,0,1,1,-1,1,3,8,2,7,2020,1.0,0.0,0.0,0.0,1.0,0,0,1,0,1,1,1
2759,131678,CHICAGO,IL,60628,36.0,-1.0,-1.0,0.0,1,-1,88,2010.0,-1,1,3,2.0,30,1,1,1,1,3,0,1,1,-1,1,3,8,2,7,2020,1.0,0.0,0.0,0.0,1.0,0,0,1,0,1,1,1
2760,131765,CHICAGO,IL,60651,49.0,0.0,8.0,0.0,1,9,17,2012.0,1,3,17,5.0,30,1,1,1,1,4,3,1,1,0,1,2,13,2,7,2020,0.0,1.0,0.0,0.0,0.0,0,1,0,0,1,1,0
2761,131766,CHICAGO,IL,60651,49.0,0.0,8.0,0.0,1,1,14,2010.0,2,3,1,4.0,30,1,1,1,1,4,3,1,1,0,1,2,13,2,7,2020,0.0,1.0,0.0,0.0,0.0,0,1,0,0,1,1,0
2762,132332,CHICAGO,IL,60624,25.0,0.0,0.0,0.0,1,8,15,2015.0,1,1,1,2.0,30,1,1,2,3,3,0,1,2,0,1,2,0,1,8,2020,0.0,1.0,0.0,0.0,0.0,0,1,0,1,1,1,0
2763,132419,CHICAGO,IL,60639,45.0,0.0,0.0,0.0,1,7,10,2003.0,2,2,3,6.0,30,2,1,2,4,1,0,1,2,0,3,2,19,2,8,2020,0.0,1.0,0.0,0.0,0.0,0,0,1,1,1,1,0
2764,132420,CHICAGO,IL,60639,45.0,0.0,0.0,0.0,1,1,20,2016.0,1,1,1,1.0,30,2,1,2,4,1,0,1,2,0,3,2,19,2,8,2020,0.0,1.0,0.0,0.0,0.0,0,0,1,1,1,1,0
2765,132549,CHICAGO,IL,60639,36.0,0.0,0.0,0.0,1,2,9,2010.0,2,3,2,6.0,30,1,1,-1,1,9,2,1,-1,0,3,2,11,1,8,2020,0.0,0.0,0.0,1.0,3.0,0,0,1,1,1,1,0
2766,132941,CHICAGO,IL,60623,42.0,0.0,-1.0,0.0,1,9,17,2018.0,1,4,6,4.0,30,0,-1,1,1,2,0,1,1,-1,2,2,7,3,8,2020,1.0,0.0,0.0,0.0,2.0,0,0,1,1,1,0,0
2767,132942,CHICAGO,IL,60623,42.0,0.0,-1.0,0.0,1,19,170,2010.0,1,2,2,4.0,30,0,-1,1,1,2,0,1,1,-1,2,2,7,3,8,2020,1.0,0.0,0.0,0.0,2.0,0,0,1,1,1,0,0
2768,132943,CHICAGO,IL,60608,30.0,0.0,-1.0,0.0,1,9,17,2018.0,1,4,6,4.0,30,0,-1,1,1,2,0,1,1,-1,2,2,7,3,8,2020,1.0,0.0,0.0,0.0,2.0,0,0,1,0,1,0,0
2769,132944,CHICAGO,IL,60608,30.0,0.0,-1.0,0.0,1,19,170,2010.0,1,2,2,4.0,30,0,-1,1,1,2,0,1,1,-1,2,2,7,3,8,2020,1.0,0.0,0.0,0.0,2.0,0,0,1,0,1,0,0
2770,133360,UNKNOWN,XX,0,36.0,0.0,9.0,0.0,1,7,119,2010.0,2,1,6,-1.0,30,2,1,1,2,4,3,1,1,0,1,2,21,4,7,2020,1.0,0.0,0.0,0.0,1.0,0,1,0,0,1,1,0
2771,133361,UNKNOWN,XX,0,36.0,0.0,9.0,0.0,1,3,3,2011.0,1,1,3,5.0,30,2,1,1,2,4,3,1,1,0,1,2,21,4,7,2020,1.0,0.0,0.0,0.0,1.0,0,1,0,0,1,1,0
2772,133362,CHICAGO,IL,60649,48.0,0.0,0.0,0.0,1,7,119,2010.0,2,1,6,-1.0,30,2,1,1,2,4,3,1,1,0,1,2,21,4,7,2020,1.0,0.0,0.0,0.0,1.0,0,1,0,1,1,1,0
2773,133363,CHICAGO,IL,60649,48.0,0.0,0.0,0.0,1,3,3,2011.0,1,1,3,5.0,30,2,1,1,2,4,3,1,1,0,1,2,21,4,7,2020,1.0,0.0,0.0,0.0,1.0,0,1,0,1,1,1,0
2774,133370,CHICAGO,IL,60649,23.0,0.0,0.0,0.0,1,27,1,2008.0,1,2,1,1.0,30,2,1,1,2,3,2,1,1,0,2,2,19,4,8,2020,0.0,1.0,0.0,0.0,0.0,0,0,1,0,1,1,0
2775,133371,CHICAGO,IL,60649,23.0,0.0,0.0,0.0,1,9,167,2005.0,1,2,3,2.0,30,2,1,1,2,3,2,1,1,0,2,2,19,4,8,2020,0.0,1.0,0.0,0.0,0.0,0,0,1,0,1,1,0
2776,133489,UNKNOWN,XX,0,36.9,0.0,4.0,0.0,1,24,96,2018.0,1,3,1,1.0,40,1,1,1,1,3,6,1,1,0,1,2,10,3,7,2020,1.0,0.0,0.0,0.0,2.0,0,1,0,1,1,1,1
2777,133490,UNKNOWN,XX,0,36.9,0.0,4.0,0.0,1,5,7,2012.0,1,3,9,2.0,40,1,1,1,1,3,6,1,1,0,1,2,10,3,7,2020,1.0,0.0,0.0,0.0,2.0,0,1,0,1,1,1,1
2778,133491,DOLTON,IL,60419,35.0,0.0,0.0,0.0,1,24,96,2018.0,1,3,1,1.0,40,1,1,1,1,3,6,1,1,0,1,2,10,3,7,2020,1.0,0.0,0.0,0.0,2.0,0,1,0,0,1,1,1
2779,133492,DOLTON,IL,60419,35.0,0.0,0.0,0.0,1,5,7,2012.0,1,3,9,2.0,40,1,1,1,1,3,6,1,1,0,1,2,10,3,7,2020,1.0,0.0,0.0,0.0,2.0,0,1,0,0,1,1,1
2780,133575,LANSING,IL,60438,20.0,0.0,0.0,0.0,1,1,116,2003.0,1,1,1,1.0,30,2,1,2,1,3,2,1,2,0,1,2,14,3,7,2020,0.0,1.0,0.0,0.0,0.0,0,0,1,1,1,1,0
2781,133576,LANSING,IL,60438,20.0,0.0,0.0,0.0,1,10,67,2013.0,1,1,3,2.0,30,2,1,2,1,3,2,1,2,0,1,2,14,3,7,2020,0.0,1.0,0.0,0.0,0.0,0,0,1,1,1,1,0
2782,133644,CHICAGO,IL,60619,50.0,0.0,0.0,0.0,1,6,44,2020.0,2,4,1,6.0,30,1,1,2,1,4,1,1,2,0,1,2,14,3,7,2020,0.0,1.0,0.0,0.0,0.0,0,0,1,1,1,1,0
2783,133735,WILLOWBROOK,IL,60527,45.0,0.0,0.0,0.0,1,6,63,2008.0,1,3,1,3.0,30,1,1,1,1,3,10,1,2,0,1,2,13,3,7,2020,1.0,0.0,0.0,0.0,0.0,0,0,1,1,1,1,0
2784,133736,WILLOWBROOK,IL,60527,45.0,0.0,0.0,0.0,1,3,12,2007.0,1,3,1,7.0,30,1,1,1,1,3,10,1,2,0,1,2,13,3,7,2020,1.0,0.0,0.0,0.0,0.0,0,0,1,1,1,1,0